há,"nome masculino",ˈa
hã,interjeição,ˈə̃
ha·ba·ne·ra,"nome feminino",a.ba.nˈɛ.ɾə
há·bil,adjetivo,ˈa.biw
ha·bi·li·da·de,"nome feminino",a.bi.li.dˈa.dʒi
ha·bi·li·do·sa,"nome feminino",a.bi.li.dˈɔ.zə
ha·bi·li·do·sa·men·te,advérbio,a.bi.li.dɔ.za.mˈẽj.tʃi
ha·bi·li·do·so,"nome masculino",a.bi.li.dˈo.zʊ
ha·bi·li·do·so,adjetivo,a.bi.li.dˈo.zʊ
ha·bi·li·ta·ção,"nome feminino",a.bi.li.ta.sˈə̃w
ha·bi·li·ta·do,adjetivo,a.bi.li.tˈa.dʊ
ha·bi·li·tan·do,"nome masculino",a.bi.li.tˈə̃.dʊ
ha·bi·li·tan·do,adjetivo,a.bi.li.tˈə̃.dʊ
ha·bi·li·tan·te,"nome masculino",a.bi.li.tˈə̃.tʃi
ha·bi·li·tan·te,adjetivo,a.bi.li.tˈə̃.tʃi
ha·bi·li·tan·te,"nome feminino",a.bi.li.tˈə̃.tʃi
ha·bi·li·tar,verbo,a.bi.li.tˈa
ha·bil·men·te,advérbio,a.biw.mˈẽj.tʃi
ha·bi·ta·bi·li·da·de,"nome feminino",a.bi.ta.bi.li.dˈa.dʒi
ha·bi·ta·ção,"nome feminino",a.bi.ta.sˈə̃w
ha·bi·ta·ci·o·nal,adjetivo,a.bi.ta.si.o.nˈaw
ha·bi·tá·cu·lo,"nome masculino",a.bi.tˈa.ku.lʊ
ha·bi·ta·do,adjetivo,a.bi.tˈa.dʊ
ha·bi·tan·te,"nome feminino",a.bi.tˈə̃.tʃi
ha·bi·tan·te,"nome masculino",a.bi.tˈə̃.tʃi
ha·bi·tan·te,adjetivo,a.bi.tˈə̃.tʃi
ha·bi·tar,verbo,a.bi.tˈa
"ha· bi· tat","nome masculino",a.bˈi.tat
ha·bi·tá·vel,adjetivo,a.bi.tˈa.vew
há·bi·to,"nome masculino",ˈa.bi.tʊ
ha·bi·tu·a·ção,"nome feminino",a.bi.twa.sˈə̃w
ha·bi·tu·a·do,adjetivo,a.bi.twˈa.dʊ
ha·bi·tu·al,adjetivo,a.bi.twˈaw
ha·bi·tu·a·li·da·de,"nome feminino",a.bi.twa.li.dˈa.dʒi
ha·bi·tu·al·men·te,advérbio,a.bi.twaw.mˈẽj.tʃi
ha·bi·tu·ar,verbo,a.bi.twˈa
"ha· bi· tué","nome masculino",
ha·bi·tus,"nome masculino",ˈa.bi.tʊs
ha·cer,"nome masculino",a.sˈeɾ
"hac· ker","nome masculino",ou
ha·co,adjetivo,ˈa.kʊ
ha·co,"nome masculino",ˈa.kʊ
ha·gi·o·gra·fi·a,"nome feminino",a.ʒi.o.gɾa.fˈi.jə
ha·gi·o·grá·fi·co,adjetivo,a.ʒi.o.gɾˈa.fi.kʊ
ha·gi·ó·gra·fo,"nome masculino",a.ʒi.ˈɔ.gɾa.fʊ
hai·ti·a·na,"nome feminino",aj.tʃjˈə.nə
hai·ti·a·no,adjetivo,aj.tʃjˈə.nʊ
hai·ti·a·no,"nome masculino",aj.tʃjˈə.nʊ
ha·la·li,"nome masculino",a.la.lˈi
ha·li·êu·ti·co,adjetivo,a.li.ˈew.tʃi.kʊ
há·li·to,"nome masculino",ˈa.li.tu
hall,"nome masculino",
ha·lo,"nome masculino",ˈa.lʊ
ha·lo·ge·na·do,adjetivo,a.lo.ʒe.nˈa.dʊ
ha·lo·ge·nar,verbo,a.lo.ʒe.nˈa
"ha·lo·gé·ne· o","nome masculino",a.lo.ʒˈɛ.njʊ
"ha·lo·gé·ne· o",adjetivo,a.lo.ʒˈɛ.njʊ
"ha·lo·gé·ni· o","nome masculino",a.lo.ʒˈɛ.njʊ
hal·te·re,"nome masculino",aw.tˈɛ.ɾi
hal·te·ro·fi·li·a,"nome feminino",aw.te.ɾo.fi.lˈi.jə
hal·te·ro·fi·lis·mo,"nome masculino",aw.te.ɾo.fi.lˈiz.mʊ
hal·te·ro·fi·lis·ta,"nome masculino",aw.te.ɾo.fi.lˈis.tə
hal·te·ro·fi·lis·ta,adjetivo,aw.te.ɾo.fi.lˈis.tə
hal·te·ro·fi·lis·ta,"nome feminino",aw.te.ɾo.fi.lˈis.tə
ha·ma·da,"nome feminino",a.mˈa.də
ham·búr·guer,"nome masculino",ə̃.bˈuɾ.geɾ
ham·bur·guês,"nome masculino",ə̃.buɾ.gˈes
ham·bur·guês,adjetivo,ə̃.buɾ.gˈes
"ham· ster","nome masculino",
"han· di· cap","nome masculino",
han·gar,"nome masculino",ə̃.gˈaɾ
han·sa,"nome feminino",ˈə̃.sə
han·se·á·ti·co,adjetivo,ə̃.si.ˈa.tʃi.kʊ
"hap· pe· ning","nome masculino",
hard,adjetivo,
hard-rock,"nome masculino",
"hard· wa· re","nome masculino",
ha·rém,"nome masculino",a.ɾˈɛm
har·mo·ni·a,"nome feminino",aɾ.mo.nˈi.jə
har·mó·ni·ca,"nome feminino",aɾ.mˈɔ.ni.kə
har·mó·ni·ca,adjetivo,aɾ.mˈɔ.ni.kə
har·mo·ni·ca·men·te,advérbio,aɾ.mo.ni.ka.mˈẽj.tʃi
har·mó·ni·co,adjetivo,aɾ.mˈɔ.ni.kʊ
"har·mó·ni· o","nome masculino",aɾ.mˈɔ.njʊ
har·mo·ni·o·sa·men·te,advérbio,aɾ.mo.ni.ɔ.za.mˈẽj.tʃi
har·mo·ni·o·so,adjetivo,aɾ.mo.ni.ˈo.zʊ
har·mo·ni·za·ção,"nome feminino",aɾ.mo.ni.za.sˈə̃w
har·mo·ni·za·do,adjetivo,aɾ.mo.ni.zˈa.dʊ
har·mo·ni·za·dor,adjetivo,aɾ.mo.ni.za.dˈoɾ
har·mo·ni·zar,verbo,aɾ.mo.ni.zˈa
har·pa,"nome feminino",ˈaɾ.pə
har·pa·gão,"nome masculino",aɾ.pa.gˈə̃w
har·par,verbo,aɾ.pˈa
har·pe·jo,"nome masculino",aɾ.pˈe.ʒʊ
har·pis·ta,"nome masculino",aɾ.pˈis.tə
har·pis·ta,"nome feminino",aɾ.pˈis.tə
har·to,adjetivo,ˈaɾ.tʊ
har·to,advérbio,ˈaɾ.tʊ
has·ta,"nome feminino",ˈas.tə
has·ta·do,"nome masculino",as.tˈa.dʊ
has·ta·do,adjetivo,as.tˈa.dʊ
has·te,"nome feminino",ˈas.tʃi
has·te·a·do,adjetivo,as.tʃi.ˈa.dʊ
has·te·a·men·to,"nome masculino",as.tʃi.a.mˈẽj.tʊ
has·te·ar,verbo,as.tʃi.ˈa
has·ti·fi·no,adjetivo,as.tʃi.fˈi.nʊ
haus·to,"nome masculino",ˈaws.tʊ
ha·vai·a·na,"nome feminino",a.vaj.ˈə.nə
ha·vai·a·no,"nome masculino",a.vaj.ˈə.nʊ
ha·vai·a·no,adjetivo,a.vaj.ˈə.nʊ
ha·va·na,adjetivo,a.vˈə.nə
ha·va·na,"nome feminino",a.vˈə.nə
ha·va·nês,adjetivo,a.va.nˈes
ha·va·nês,"nome masculino",a.va.nˈes
ha·va·no,adjetivo,a.vˈə.nʊ
ha·va·no,"nome masculino",a.vˈə.nʊ
ha·ver,verbo,a.vˈe
ha·ver,"nome masculino",a.vˈe
ha·ve·res,"nome masculino",a.vˈe.ɾis
ha·xi·xe,"nome masculino",a.ʃˈi.ʃi
"hea· vy-me· tal","nome masculino",
"heb·do·ma·dá·ri· o","nome masculino",ɛ.bə.do.ma.dˈa.ɾjʊ
"heb·do·ma·dá·ri· o",adjetivo,ɛ.bə.do.ma.dˈa.ɾjʊ
he·brai·ca,"nome feminino",e.bɾˈaj.kə
he·brai·co,adjetivo,e.bɾˈaj.kʊ
he·brai·co,"nome masculino",e.bɾˈaj.kʊ
he·breu,"nome masculino",e.bɾˈew
he·breu,adjetivo,e.bɾˈew
he·ca·tom·be,"nome feminino",e.ka.tˈõ.bi
hec·ta·re,"nome masculino",e.kə.tˈa.ɾi
hec·to·li·tro,"nome masculino",e.kə.to.lˈi.tɾʊ
hec·tó·me·tro,"nome masculino",e.kə.tˈɔ.me.tɾʊ
he·di·on·da·men·te,advérbio,e.dʒi.õ.da.mˈẽj.tʃi
he·di·on·dez,"nome feminino",e.dʒi.õ.dˈes
he·di·on·do,adjetivo,e.dʒi.ˈõ.dʊ
he·do·nis·mo,"nome masculino",e.do.nˈiz.mʊ
he·do·nis·ta,"nome masculino",e.do.nˈis.tə
he·do·nis·ta,adjetivo,e.do.nˈis.tə
he·do·nis·ta,"nome feminino",e.do.nˈis.tə
he·do·nís·ti·co,adjetivo,e.do.nˈis.tʃi.kʊ
he·ge·li·a·na,"nome feminino",e.ʒe.ljˈə.nə
he·ge·li·a·nis·mo,"nome masculino",e.ʒe.lja.nˈiz.mʊ
he·ge·li·a·no,"nome masculino",e.ʒe.ljˈə.nʊ
he·ge·li·a·no,adjetivo,e.ʒe.ljˈə.nʊ
he·ge·mo·ni·a,"nome feminino",e.ʒe.mo.nˈi.jə
he·ge·mó·ni·co,adjetivo,e.ʒe.mˈɔ.ni.kʊ
he·ge·mo·ni·za·ção,"nome feminino",e.ʒe.mo.ni.za.sˈə̃w
he·ge·mo·ni·zar,verbo,e.ʒe.mo.ni.zˈa
hé·gi·ra,"nome feminino",ˈɛ.ʒi.ɾə
he·le·ni·ca·men·te,advérbio,e.lɛ.ni.ka.mˈẽj.tʃi
he·lé·ni·co,"nome masculino",e.lˈɛ.ni.kʊ
he·lé·ni·co,adjetivo,e.lˈɛ.ni.kʊ
"he·lé·ni· o","nome masculino",e.lˈɛ.njʊ
he·le·nis·mo,"nome masculino",e.le.nˈiz.mʊ
he·le·nis·ta,"nome feminino",e.le.nˈis.tə
he·le·nis·ta,"nome masculino",e.le.nˈis.tə
he·le·nis·ti·ca·men·te,advérbio,e.le.nis.tʃi.ka.mˈẽj.tʃi
he·le·nís·ti·co,adjetivo,e.le.nˈis.tʃi.kʊ
he·le·no,"nome masculino",e.lˈe.nʊ
he·le·no,adjetivo,e.lˈe.nʊ
he·lí·a·co,adjetivo,e.lˈi.a.kʊ
hé·li·ce,"nome feminino","ˈɛ.li.si ou ˈɛ.li.si"
he·li·ci·cul·tor,"nome masculino",e.li.si.kuw.tˈoɾ
he·li·ci·cul·tor,adjetivo,e.li.si.kuw.tˈoɾ
he·li·coi·dal,adjetivo,e.li.koj.dˈaw
he·li·cóp·te·ro,"nome masculino",e.li.kˈɔ.pi.te.ɾʊ
"hé·li· o","nome masculino",ˈɛ.ljʊ
he·li·o·cên·tri·co,adjetivo,e.li.o.sˈẽj.tɾi.kʊ
he·li·o·cen·tris·mo,"nome masculino",ɛ.li.o.sẽ.tɾˈiz.mʊ
he·li·por·to,"nome masculino",e.li.pˈoɾ.tʊ
he·li·trans·por·ta·do,adjetivo,e.li.tɾə̃s.poɾ.tˈa.dʊ
he·li·trans·por·tar,verbo,e.li.tɾə̃s.poɾ.tˈa
he·li·trans·por·te,"nome masculino",e.li.tɾə̃s.pˈɔɾ.tʃi
hé·lix,"nome masculino",ˈɛ.liks
"hel·vé·ci· o","nome masculino",ew.vˈɛ.sjʊ
"hel·vé·ci· o",adjetivo,ew.vˈɛ.sjʊ
hel·vé·ti·ca,"nome feminino",ew.vˈɛ.tʃi.kə
hel·vé·ti·co,"nome masculino",ew.vˈɛ.tʃi.kʊ
hel·vé·ti·co,adjetivo,ew.vˈɛ.tʃi.kʊ
hem,interjeição,ˈẽj
he·ma·tó·cri·to,"nome masculino",e.ma.tˈɔ.kɾi.tʊ
he·ma·to·lo·gi·a,"nome feminino",e.ma.to.lo.ʒˈi.jə
he·ma·to·ló·gi·co,adjetivo,e.ma.to.lˈɔ.ʒi.kʊ
he·ma·to·lo·gis·ta,"nome feminino",e.ma.to.lo.ʒˈis.tə
he·ma·to·lo·gis·ta,"nome masculino",e.ma.to.lo.ʒˈis.tə
he·ma·to·ma,"nome masculino",e.ma.tˈɔ.mə
"he·ma·tú·ri· a","nome feminino",e.ma.tˈu.ɾjə
he·me·ro·te·ca,"nome feminino",e.me.ɾo.tˈɛ.kə
he·mi·ci·clo,"nome masculino",e.mi.sˈi.klʊ
he·mi·ple·gi·a,"nome feminino",e.mi.ple.ʒˈi.jə
he·mi·plé·gi·ca,"nome feminino",e.mi.plˈɛ.ʒi.kə
he·mi·plé·gi·co,"nome masculino",e.mi.plˈɛ.ʒi.kʊ
he·mi·plé·gi·co,adjetivo,e.mi.plˈɛ.ʒi.kʊ
he·mis·fé·ri·co,adjetivo,e.mis.fˈɛ.ɾi.kʊ
"he·mis·fé·ri· o","nome masculino",e.mis.fˈɛ.ɾjʊ
he·mo·cro·ma·to·se,"nome feminino",e.mo.kɾo.ma.tˈɔ.zi
he·mo·di·a·li·sa·da,"nome feminino",e.mo.dʒja.li.zˈa.də
he·mo·di·a·li·sa·do,adjetivo,e.mo.dʒja.li.zˈa.dʊ
he·mo·di·a·li·sa·do,"nome masculino",e.mo.dʒja.li.zˈa.dʊ
he·mo·di·a·li·sar,verbo,e.mo.dʒja.li.zˈa
he·mo·di·á·li·se,"nome feminino",e.mo.dʒjˈa.li.zi
he·mo·di·lu·i·ção,"nome feminino",e.mo.dʒi.lwi.sˈə̃w
he·mo·di·nâ·mi·ca,"nome feminino",e.mo.dʒi.nˈə.mi.kə
he·mo·fi·li·a,"nome feminino",e.mo.fi.lˈi.jə
he·mo·fí·li·co,"nome masculino",e.mo.fˈi.li.kʊ
he·mo·fí·li·co,adjetivo,e.mo.fˈi.li.kʊ
he·mo·glo·bi·na,"nome feminino",e.mo.glo.bˈi.nə
he·mo·gra·ma,"nome masculino",e.mo.gɾˈə.mə
he·mo·lí·ti·co,adjetivo,e.mo.lˈi.tʃi.kʊ
he·mor·ra·gi·a,"nome feminino",e.mo.xa.ʒˈi.jə
he·mor·rá·gi·co,adjetivo,e.mo.xˈa.ʒi.kʊ
he·mor·roi·da,"nome feminino",e.mo.xˈɔj.də
he·mor·roi·dal,adjetivo,e.mo.xɔj.dˈaw
he·mor·roi·dal,"nome masculino",e.mo.xɔj.dˈaw
he·mós·ta·se,"nome feminino",e.mˈɔs.ta.zi
he·mo·te·ra·pi·a,"nome feminino",e.mo.te.ɾa.pˈi.jə
he·na,"nome feminino",ˈɛ.nə
he·no·te·ís·mo,"nome masculino",e.no.te.ˈiz.mʊ
hen·ri·qui·no,adjetivo,ĩ.hi.kˈi.nʊ
"hen· ry","nome masculino",
he·pá·ti·ca,"nome feminino",e.pˈa.tʃi.kə
he·pá·ti·co,"nome masculino",e.pˈa.tʃi.kʊ
he·pá·ti·co,adjetivo,e.pˈa.tʃi.kʊ
he·pa·ti·te,"nome feminino",e.pa.tʃˈi.tʃi
he·pa·to·me·ga·li·a,"nome feminino",e.pa.tɔ.me.ga.lˈi.jə
hep·ta·tlo,"nome masculino",e.pə.tˈa.tlʊ
he·ra,"nome feminino",ˈɛ.ɾə
he·rál·di·ca,"nome feminino",e.ɾˈaw.dʒi.kə
he·ral·di·ca·men·te,advérbio,e.ɾaw.dʒi.ka.mˈẽj.tʃi
he·rál·di·co,"nome masculino",e.ɾˈaw.dʒi.kʊ
he·rál·di·co,adjetivo,e.ɾˈaw.dʒi.kʊ
he·ral·do,"nome masculino",e.ɾˈaw.dʊ
he·ran·ça,"nome feminino",e.ɾˈə̃.sə
"her·bá·ce· o",adjetivo,eɾ.bˈa.sjʊ
"her·ba·ná·ri· o","nome masculino",eɾ.ba.nˈa.ɾjʊ
"her·bá·ri· o","nome masculino",eɾ.bˈa.ɾjʊ
her·bi·ci·da,adjetivo,eɾ.bi.sˈi.də
her·bí·vo·ro,adjetivo,eɾ.bˈi.vo.ɾʊ
her·bí·vo·ro,"nome masculino",eɾ.bˈi.vo.ɾʊ
her·cu·la·no,adjetivo,eɾ.ku.lˈə.nʊ
"her·cú·le· o",adjetivo,ɛɾ.kˈu.ljʊ
hér·cu·les,"nome masculino",ˈɛɾ.ku.lis
her·da·de,"nome feminino",eɾ.dˈa.dʒi
her·dar,verbo,eɾ.dˈa
her·dei·ra,"nome feminino",eɾ.dˈej.ɾə
her·dei·ro,"nome masculino",eɾ.dˈej.ɾʊ
he·re·di·ta·ri·a·men·te,advérbio,e.ɾe.dʒi.ta.ɾja.mˈẽj.tʃi
he·re·di·ta·ri·e·da·de,"nome feminino",e.ɾe.dʒi.ta.ɾi.e.dˈa.dʒi
"he·re·di·tá·ri· o",adjetivo,e.ɾe.dʒi.tˈa.ɾjʊ
he·re·ge,"nome feminino",e.ɾˈe.ʒi
he·re·ge,"nome masculino",e.ɾˈe.ʒi
he·re·ge,adjetivo,e.ɾˈe.ʒi
he·re·ro,adjetivo,e.ɾˈɛ.ɾʊ
he·re·ro,"nome masculino","e.ɾˈɛ.ɾʊ ou e.ɾˈɛ.ɾʊ"
he·re·si·a,"nome feminino",e.ɾe.zˈi.jə
he·re·si·ar·ca,"nome masculino","e.ɾe.zjˈaɾ.kə ou e.ɾe.zjˈaɾ.kə"
he·ré·ti·ca,"nome feminino",e.ɾˈɛ.tʃi.kə
he·re·ti·ca·men·te,advérbio,e.ɾɛ.tʃi.ka.mˈẽj.tʃi
he·ré·ti·co,adjetivo,e.ɾˈɛ.tʃi.kʊ
he·ré·ti·co,"nome masculino",e.ɾˈɛ.tʃi.kʊ
her·ma,"nome feminino",ˈɛɾ.mə
her·ma·fro·di·ta,"nome masculino",eɾ.ma.fɾo.dʒˈi.tə
her·ma·fro·di·ta,adjetivo,eɾ.ma.fɾo.dʒˈi.tə
her·ma·fro·di·ta,"nome feminino",eɾ.ma.fɾo.dʒˈi.tə
her·ma·fro·di·to,adjetivo,eɾ.ma.fɾo.dʒˈi.tʊ
her·me·neu·ta,"nome masculino","eɾ.me.nˈew.tə ou eɾ.me.nˈew.tə"
her·me·nêu·ti·ca,"nome feminino",eɾ.me.nˈew.tʃi.kə
her·me·nêu·ti·co,adjetivo,eɾ.me.nˈew.tʃi.kʊ
her·mes,"nome masculino",ˈɛɾ.mis
her·me·ti·ca·men·te,advérbio,eɾ.mɛ.tʃi.ka.mˈẽj.tʃi
her·me·ti·ci·da·de,"nome feminino",eɾ.mɛ.tʃi.si.dˈa.dʒi
her·mé·ti·co,adjetivo,eɾ.mˈɛ.tʃi.kʊ
her·me·tis·mo,"nome masculino",eɾ.me.tʃˈiz.mʊ
"her·mí·ni· o",adjetivo,eɾ.mˈi.njʊ
"her·mí·ni· o","nome masculino",eɾ.mˈi.njʊ
"hér·ni· a","nome feminino",ˈɛr.njə
he·rói,"nome masculino",e.ɾˈɔj
he·roi·ca·men·te,advérbio,e.ɾɔj.ka.mˈẽj.tʃi
he·roi·ci·da·de,"nome feminino",e.ɾɔj.si.dˈa.dʒi
he·roi·co,adjetivo,e.ɾˈɔj.kʊ
he·ro·í·na,"nome feminino",e.rwˈi.nə
he·roi·nó·ma·na,"nome feminino",e.ɾoj.nˈɔ.ma.nə
he·roi·nó·ma·no,"nome masculino",e.ɾoj.nˈɔ.ma.nʊ
he·roi·nó·ma·no,adjetivo,e.ɾoj.nˈɔ.ma.nʊ
he·ro·ís·mo,"nome masculino",e.rwˈiz.mʊ
her·pes,"nome masculino",ˈɛɾ.pis
hertz,"nome masculino",
hert·zi·a·no,adjetivo,ɛɾ.ti.zjˈə.nʊ
he·si·ta·ção,"nome feminino",e.zi.ta.sˈə̃w
he·si·tan·te,adjetivo,e.zi.tˈə̃.tʃi
he·si·tan·te·men·te,advérbio,e.zi.tə̃.te.mˈẽj.tʃi
he·si·tar,verbo,e.zi.tˈa
he·te·ro·a·va·li·a·ção,"nome feminino",e.te.ɾo.a.va.lja.sˈə̃w
he·te·ro·cli·ta·men·te,advérbio,e.te.ɾɔ.kli.ta.mˈẽj.tʃi
he·te·ró·cli·to,adjetivo,e.te.ɾˈɔ.kli.tʊ
he·te·ro·do·xa,"nome feminino",e.te.ɾo.dˈɔ.kə.sə
he·te·ro·do·xi·a,"nome feminino",e.te.ɾo.dɔ.ki.sˈi.jə
he·te·ro·do·xo,"nome masculino",e.te.ɾo.dˈɔ.kə.sʊ
he·te·ro·do·xo,adjetivo,e.te.ɾo.dˈɔ.kə.sʊ
he·te·ro·fo·ni·a,"nome feminino",e.te.ɾo.fo.nˈi.jə
he·te·ro·ge·nei·da·de,"nome feminino",e.te.ɾo.ʒe.nej.dˈa.dʒi
"he·te·ro·gé·ne· o",adjetivo,e.te.ɾo.ʒˈɛ.njʊ
he·te·ro·ge·ni·a,"nome feminino",e.te.ɾo.ʒe.nˈi.jə
he·te·roi·de,adjetivo,e.te.ɾo.ˈi.dʒi
he·te·ro·in·fec·ção,"nome feminino",e.te.ɾo.ĩ.fe.kə.sˈə̃w
he·te·ró·lo·go,adjetivo,e.te.ɾˈɔ.lo.gʊ
"he·te·ro·ní·mi· a","nome feminino",e.te.ɾo.nˈi.mja
he·te·ro·ní·mi·co,adjetivo,e.te.ɾo.nˈi.mi.kʊ
he·te·ró·ni·mo,adjetivo,e.te.ɾˈɔ.ni.mʊ
he·te·ró·ni·mo,"nome masculino",e.te.ɾˈɔ.ni.mʊ
he·te·ro·no·mi·a,"nome feminino",e.te.ɾo.no.mˈi.jə
he·te·ros·sép·ti·co,adjetivo,e.te.ɾo.sˈɛ.pi.tʃi.kʊ
he·te·ros·se·xu·al,"nome masculino",e.te.ɾo.sek.swˈaw
he·te·ros·se·xu·al,"nome feminino",e.te.ɾo.sek.swˈaw
he·te·ros·se·xu·al,adjetivo,e.te.ɾo.sek.swˈaw
he·te·ros·se·xu·a·li·da·de,"nome feminino",e.te.ɾo.sek.swa.li.dˈa.dʒi
he·te·ros·si·lá·bi·co,adjetivo,e.te.ɾo.si.lˈa.bi.kʊ
heu·rís·ti·ca,"nome feminino",ew.ɾˈis.tʃi.kə
heu·ris·ti·ca·men·te,advérbio,ew.ɾis.tʃi.ka.mˈẽj.tʃi
heu·rís·ti·co,adjetivo,ew.ɾˈis.tʃi.kʊ
he·xa·cam·pe·ão,"nome masculino",e.gə.za.kə̃.pe.ˈə̃w
he·xa·cam·pe·ão,adjetivo,e.gə.za.kə̃.pe.ˈə̃w
he·xa·go·nal,adjetivo,e.gə.za.go.nˈaw
he·xá·go·no,"nome masculino",e.zˈa.go.nʊ
he·xá·go·no,adjetivo,e.zˈa.go.nʊ
he·xa·no,"nome masculino",e.gə.zˈə.nʊ
hi-fi,"nome masculino",
hi·an·te,adjetivo,jˈə̃.tʃi
hi·a·to,"nome masculino",jˈa.tʊ
hi·ber·na·ção,"nome feminino",i.ber.na.sˈə̃w
hi·ber·nar,verbo,i.ber.nˈa
hi·ber·no,adjetivo,i.bˈɛr.nʊ
hi·bri·da·ção,"nome feminino",i.bɾi.da.sˈə̃w
hi·bri·da·men·te,advérbio,i.bɾi.da.mˈẽj.tʃi
hi·bri·dar,verbo,i.bɾi.dˈa
hi·bri·dez,"nome feminino",i.bɾi.dˈes
hi·bri·dis·mo,"nome masculino",i.bɾi.dʒˈiz.mʊ
hi·bri·di·za·ção,"nome feminino",i.bɾi.dʒi.za.sˈə̃w
hí·bri·do,"nome masculino",ˈi.bɾi.dʊ
hí·bri·do,adjetivo,ˈi.bɾi.dʊ
hi·dra,"nome feminino",ˈi.dɾə
hi·drar·gi·ri·a,"nome feminino",i.dɾaɾ.ʒi.ɾˈi.jə
hi·dra·ta·ção,"nome feminino",i.dɾa.ta.sˈə̃w
hi·dra·ta·do,adjetivo,i.dɾa.tˈa.dʊ
hi·dra·tan·te,"nome masculino",i.dɾa.tˈə̃.tʃi
hi·dra·tan·te,adjetivo,i.dɾa.tˈə̃.tʃi
hi·dra·tar,verbo,i.dɾa.tˈa
hi·dra·to,"nome masculino",i.dɾˈa.tʊ
hi·dráu·li·ca,"nome feminino",i.dɾˈaw.li.kə
hi·drau·li·ca·men·te,advérbio,i.dɾaw.li.ka.mˈẽj.tʃi
hi·drau·li·ci·da·de,"nome feminino",i.dɾaw.li.si.dˈa.dʒi
hi·dráu·li·co,adjetivo,i.dɾˈaw.li.kʊ
hi·dráu·li·co,"nome masculino",i.dɾˈaw.li.kʊ
hi·dre·to,"nome masculino",i.dɾˈe.tʊ
hí·dri·co,adjetivo,ˈi.dɾi.kʊ
hi·dro,"nome masculino",ˈi.dɾo
hi·dro·a·vi·ão,"nome masculino",i.dɾo.a.vi.ˈə̃w
hi·dro·car·bo·ne·to,"nome masculino",i.dɾo.kaɾ.bo.nˈe.tʊ
hi·dro·ce·fa·li·a,"nome feminino",i.dɾo.se.fa.lˈi.jə
hi·dro·di·nâ·mi·ca,"nome feminino",i.dɾo.dʒi.nˈə.mi.kə
hi·dro·di·nâ·mi·co,adjetivo,i.dɾo.dʒi.nˈə.mi.kʊ
hi·dro·e·léc·tri·ca,"nome feminino",i.dɾo.e.lˈɛk.tɾi.kə
hi·dro·e·léc·tri·co,adjetivo,i.dɾo.e.lˈɛk.tɾi.kʊ
hi·dro·e·lé·tri·co,adjetivo,i.dɾo.e.lˈɛ.tɾi.kʊ
hi·dro·fo·bi·a,"nome feminino",i.dɾo.fo.bˈi.jə
hi·dro·fo·ne,"nome masculino",i.dɾo.fˈɔ.ni
hi·dró·fu·go,adjetivo,i.dɾˈɔ.fu.gʊ
"hi·dro·gé·ni· o","nome masculino",i.dɾo.ʒˈɛ.njʊ
hi·dro·ge·o·lo·gi·a,"nome feminino",i.dɾo.ʒe.o.lo.ʒˈi.jə
hi·dro·ge·o·ló·gi·co,adjetivo,i.dɾo.ʒe.o.lˈɔ.ʒi.kʊ
hi·dro·gra·fi·a,"nome feminino",i.dɾo.gɾa.fˈi.jə
hi·dro·grá·fi·co,adjetivo,i.dɾo.gɾˈa.fi.kʊ
hi·dro·lo·gi·a,"nome feminino",i.dɾo.lo.ʒˈi.jə
hi·dro·ló·gi·co,adjetivo,i.dɾo.lˈɔ.ʒi.kʊ
hi·dro·me·câ·ni·ca,"nome feminino",i.dɾo.me.kˈə.ni.kə
hi·dro·me·câ·ni·co,adjetivo,i.dɾo.me.kˈə.ni.kʊ
hi·dro·mel,"nome masculino",i.dɾo.mˈɛw
hi·dro·mé·tri·co,adjetivo,i.dɾo.mˈɛ.tɾi.kʊ
hi·drop·neu·má·ti·ca,"nome feminino",i.dɾo.pɨ.new.mˈa.tʃi.kə
hi·drop·neu·má·ti·co,adjetivo,i.dɾo.pɨ.new.mˈa.tʃi.kʊ
hi·dro·pó·ni·ca,"nome feminino",i.dɾo.pˈɔ.ni.kə
hi·dro·pó·ni·co,adjetivo,i.dɾo.pˈɔ.ni.kʊ
hi·dros·fe·ra,"nome feminino",i.dɾos.fˈɛ.ɾə
"hi· dro· speed","nome masculino",
hi·dros·tá·ti·ca,"nome feminino",i.dɾos.tˈa.tʃi.kə
hi·dros·tá·ti·co,adjetivo,i.dɾos.tˈa.tʃi.kʊ
hi·dro·téc·ni·co,adjetivo,i.dɾo.tˈɛ.ki.ni.kʊ
hi·dro·te·ra·pi·a,"nome feminino",i.dɾo.te.ɾa.pˈi.jə
hi·dro·ter·mal,adjetivo,i.dɾo.teɾ.mˈaw
hi·dro·vi·a,"nome feminino",i.dɾo.vˈi.jə
hi·dró·xi·do,"nome masculino",i.dɾˈɔ.ki.si.dʊ
hi·dro·xi·lo,"nome masculino",i.dɾo.ki.sˈi.lʊ
hi·e·na,"nome feminino",i.ˈe.nə
hi·e·rar·qui·a,"nome feminino",i.e.ɾaɾ.kˈi.jə
hi·e·rar·qui·ca·men·te,advérbio,i.e.ɾaɾ.ki.ka.mˈẽj.tʃi
hi·e·rár·qui·co,adjetivo,i.e.ɾˈaɾ.ki.kʊ
hi·e·rar·qui·za·ção,"nome feminino",i.e.ɾˈaɾ.ki.za.sˈə̃w
hi·e·rar·qui·za·do,adjetivo,i.e.ɾˈaɾ.ki.zˈa.dʊ
hi·e·rar·qui·zar,verbo,i.e.ɾaɾ.ki.zˈa
hi·e·rá·ti·ca,"nome feminino",i.e.ɾˈa.tʃi.kə
hi·e·ra·ti·ca·men·te,advérbio,i.e.ɾa.tʃi.ka.mˈẽj.tʃi
hi·e·rá·ti·co,adjetivo,i.e.ɾˈa.tʃi.kʊ
hi·e·ra·tis·mo,"nome masculino",i.e.ɾa.tʃˈiz.mʊ
hi·e·ro·glí·fi·co,adjetivo,i.e.ɾo.glˈi.fi.kʊ
hi·e·ró·gli·fo,"nome masculino",i.e.ɾˈɔ.gli.fʊ
hí·fen,"nome masculino",ˈi.fẽj
hi·fe·ni·za·ção,"nome feminino",i.fe.ni.za.sˈə̃w
hi·fe·ni·zar,verbo,i.fe.ni.zˈa
high-tech,adjetivo,
hi·gi·e·ne,"nome feminino",i.ʒi.ˈe.ni
hi·gi·e·ni·ca·men·te,advérbio,i.ʒi.e.ni.ka.mˈẽj.tʃi
hi·gi·é·ni·co,adjetivo,i.ʒi.ˈe.ni.kʊ
hi·gi·e·nis·ta,"nome feminino",i.ʒi.e.nˈis.tə
hi·gi·e·nis·ta,"nome masculino",i.ʒi.e.nˈis.tə
hi·gi·e·nis·ta,adjetivo,i.ʒi.e.nˈis.tə
hi·gi·e·ni·za·ção,"nome feminino",i.ʒi.e.ni.za.sˈə̃w
hi·gi·e·ni·za·do,adjetivo,i.ʒi.e.ni.zˈa.dʊ
hi·gi·e·ni·zar,verbo,i.ʒi.e.ni.zˈa
hi·gró·me·tro,"nome masculino",i.gɾˈɔ.me.tɾʊ
"hi·lá·ri· a","nome feminino",i.lˈa.ɾjə
hi·la·ri·an·te,adjetivo,i.la.ɾjˈə̃.tʃi
hi·la·ri·an·te·men·te,advérbio,i.la.ɾjə̃.te.mˈẽj.tʃi
hi·la·ri·ar,verbo,i.la.ɾjˈa
hi·la·ri·da·de,"nome feminino",i.la.ɾi.dˈa.dʒi
"hi·lá·ri· o",adjetivo,i.lˈa.ɾjʊ
hí·men,"nome masculino",ˈi.mẽj
hi·me·nóp·te·ro,adjetivo,i.me.nˈɔ.pi.te.ɾʊ
hi·me·nóp·te·ro,"nome masculino",i.me.nˈɔ.pi.te.ɾʊ
hin·di,"nome masculino",ĩ.dʒˈi
hin·du,"nome feminino",ĩ.dˈu
hin·du,"nome masculino",ĩ.dˈu
hin·du,adjetivo,ĩ.dˈu
hin·du·ís·mo,"nome masculino",ĩ.dwˈiz.mʊ
hin·du·ís·ta,adjetivo,ĩ.dwˈis.tə
hin·du·ís·ta,"nome masculino","ĩ.dwˈis.tə ou ĩ.dwˈis.tə"
hi·no,"nome masculino",ˈi.nʊ
hip-hop,"nome masculino",
hi·par·co,"nome masculino",i.pˈaɾ.kʊ
hi·per-he·do·nis·mo,"nome masculino",i.per.e.do.nˈiz.mʊ
hi·per-hu·ma·no,adjetivo,i.per.u.mˈə.nʊ
hi·per-ran·co·ro·so,adjetivo,i.per.xə̃.ko.ɾˈo.zʊ
hi·per-re·a·lis·mo,"nome masculino",i.per.xi.a.lˈiz.mʊ
hi·per-re·a·lis·ta,"nome masculino",i.per.xi.a.lˈis.tə
hi·per-re·a·lis·ta,"nome feminino",i.per.xi.a.lˈis.tə
hi·per-re·a·lis·ta,adjetivo,i.per.xi.a.lˈis.tə
hi·per-re·quin·ta·do,adjetivo,i.per.xe.kĩ.tˈa.dʊ
hi·per-ru·go·so,adjetivo,i.per.xu.gˈo.zʊ
hi·pe·ra·ci·dez,"nome feminino",i.pe.ra.si.dˈes
hi·pe·rá·ci·do,adjetivo,i.pe.rˈa.si.dʊ
hi·pe·ra·cús·ti·co,adjetivo,i.pe.ra.kˈus.tʃi.kʊ
hi·pe·ra·fro·di·sí·a·co,adjetivo,i.pe.ra.fɾo.dʒi.zˈi.a.kʊ
hi·pe·ra·gres·si·vi·da·de,"nome feminino",i.pe.ra.gɾe.si.vi.dˈa.dʒi
hi·pe·ra·gres·si·vo,adjetivo,i.pe.ra.gɾe.sˈi.vʊ
hi·pe·ra·gu·do,adjetivo,i.pe.ra.gˈu.dʊ
hi·pe·ra·li·men·ta·ção,"nome feminino",i.pe.ra.li.mẽ.ta.sˈə̃w
hi·pe·ram·né·si·co,adjetivo,i.pe.rami.nˈɛ.zi.kʊ
hi·pe·ra·ti·vi·da·de,"nome feminino",i.peɾ.a.tʃi.vi.dˈa.dʒi
hi·pe·ra·ti·vo,adjetivo,i.peɾ.a.tʃˈi.vʊ
hi·per·bá·ri·co,adjetivo,i.peɾ.bˈa.ɾi.kʊ
hi·pér·bo·le,"nome feminino",i.pˈɛɾ.bo.li
hi·per·bo·li·ca·men·te,advérbio,i.pɛɾ.bɔ.li.ka.mˈẽj.tʃi
hi·per·bó·li·co,adjetivo,i.pɛɾ.bˈɔ.li.kʊ
hi·per·bo·li·za·ção,"nome feminino",i.pɛɾ.bo.li.za.sˈə̃w
hi·per·bo·li·za·do,adjetivo,i.pɛɾ.bo.li.zˈa.dʊ
hi·per·bo·li·zar,verbo,i.pɛɾ.bo.li.zˈa
hi·per·ca·tar·se,"nome feminino",i.per.ka.tˈaɾ.si
hi·per·ca·tár·ti·co,adjetivo,i.per.ka.tˈaɾ.tʃi.kʊ
hi·per·cí·cli·co,adjetivo,i.per.sˈi.kli.kʊ
hi·per·ci·clo,"nome masculino",i.per.sˈi.klʊ
hi·per·ci·né·ti·co,adjetivo,i.per.si.nˈɛ.tʃi.kʊ
hi·per·clo·rí·dri·co,adjetivo,i.per.klo.ɾˈi.dɾi.kʊ
hi·per·có·li·co,adjetivo,i.per.kˈɔ.li.kʊ
hi·per·cor·re·ção,"nome feminino",i.per.ko.xe.sˈə̃w
hi·per·cor·re·to,adjetivo,i.per.ko.xˈɛ.tʊ
hi·per·cri·se,"nome feminino",i.per.kɾˈi.zi
hi·per·crí·ti·ca,"nome feminino",i.peɾ.kɾˈi.tʃi.kə
hi·per·cri·ti·ca·men·te,advérbio,"i.peɾ.kɾi.tʃi.ka.mˈẽj.tʃi ou i.per.kɾi.tʃi.ka.mˈẽj.tʃi"
hi·per·cri·ti·cis·mo,"nome masculino",i.peɾ.kɾi.tʃi.sˈiz.mʊ
hi·per·crí·ti·co,adjetivo,i.peɾ.kɾˈi.tʃi.kʊ
hi·per·crí·ti·co,"nome masculino",i.peɾ.kɾˈi.tʃi.kʊ
hi·per·cro·ma,"nome masculino",i.per.kɾˈɔ.mə
hi·per·cro·mi·a,"nome feminino",i.per.kɾo.mˈi.jə
hi·per·cul·tu·ra,"nome feminino",i.per.kuw.tˈu.ɾə
hi·per·di·a·léc·ti·co,adjetivo,i.per.dʒja.lˈɛ.ki.tʃi.kʊ
hi·per·di·a·lé·ti·co,adjetivo,i.per.dʒja.lˈɛ.tʃi.kʊ
hi·per·dó·ri·co,adjetivo,i.per.dˈɔ.ɾi.kʊ
"hi·per·dó·ri· o",adjetivo,i.per.dˈɔ.ɾjʊ
hi·per·dra·má·ti·co,adjetivo,i.per.dɾa.mˈa.tʃi.kʊ
hi·pe·re·líp·ti·co,adjetivo,i.pe.re.lˈi.pi.tʃi.kʊ
hi·pe·re·mo·ti·vi·da·de,"nome feminino",i.pe.re.mo.tʃi.vi.dˈa.dʒi
hi·pe·ren·ce·fa·li·a,"nome feminino",i.pe.rẽ.se.fa.lˈi.jə
hi·pe·ren·cé·fa·lo,"nome masculino",i.pe.rẽ.sˈɛ.fa.lʊ
hi·pe·res·pa·ço,"nome masculino",i.peɾ.es.pˈa.sʊ
hi·pe·res·té·ti·co,adjetivo,i.pe.res.tˈɛ.tʃi.kʊ
hi·pe·reu·fe·mis·mo,"nome masculino",i.pe.rew.fe.mˈiz.mʊ
hi·pe·rex·ci·ta·bi·li·da·de,"nome feminino",i.pe.re.si.ta.bi.li.dˈa.dʒi
hi·pe·rex·ci·tá·vel,adjetivo,i.pe.re.si.tˈa.vew
hi·pe·rex·ten·são,"nome feminino",i.pe.res.tẽ.sˈə̃w
hi·pe·rex·ten·si·bi·li·da·de,"nome feminino",i.pe.res.tẽ.si.bi.li.dˈa.dʒi
hi·pe·rex·ten·sí·vel,adjetivo,i.pe.res.tẽ.sˈi.vew
hi·per·fic·ção,"nome feminino",i.per.fi.kə.sˈə̃w
hi·per·fí·si·co,adjetivo,i.per.fˈi.zi.kʊ
hi·per·fle·xão,"nome feminino",i.per.fle.kə.sˈə̃w
hi·per·fo·cal,adjetivo,i.per.fo.kˈaw
"hi·per·frí·gi· o",adjetivo,i.per.fɾˈi.ʒjʊ
hi·per·fun·ção,"nome feminino",i.per.fũ.sˈə̃w
hi·per·ge·né·si·co,adjetivo,i.per.ʒe.nˈɛ.zi.kʊ
hi·per·ge·né·ti·co,adjetivo,i.per.ʒe.nˈɛ.tʃi.kʊ
hi·per·gli·ce·mi·a,"nome feminino",i.per.gli.se.mˈi.jə
hi·per·glo·te,"nome feminino",i.per.glˈɔ.tʃi
hi·pe·rin·fla·ção,"nome feminino",i.peɾ.ĩ.fla.sˈə̃w
"hi·pe·rin·fla·ci·o·ná·ri· o",adjetivo,i.peɾ.ĩ.fla.si.o.nˈa.ɾjʊ
hi·pe·rin·te·lec·tu·a·li·da·de,"nome feminino",i.pe.rĩ.te.lek.twa.li.dˈa.dʒi
hi·pe·ri·ó·ni·co,adjetivo,i.pe.ri.ˈɔ.ni.kʊ
hi·per·jó·ni·co,adjetivo,i.per.ʒˈɔ.ni.kʊ
hi·per·li·ga·ção,"nome feminino",i.pex.li.ga.sˈə̃w
"hi·per·mé·di· a","nome masculino",i.peɾ.mˈɛ.dʒjə
hi·per·mer·ca·do,"nome masculino",i.peɾ.meɾ.kˈa.dʊ
hi·per·me·ta·mor·fo·se,"nome feminino",i.per.me.ta.moɾ.fˈɔ.zi
hi·per·mé·tri·co,adjetivo,i.per.mˈɛ.tɾi.kʊ
hi·per·mí·o·pe,"nome masculino",i.per.mˈi.o.pi
hi·per·mí·o·pe,adjetivo,i.per.mˈi.o.pi
hi·per·mí·o·pe,"nome feminino",i.per.mˈi.o.pi
hi·per·mi·o·pi·a,"nome feminino",i.per.mi.o.pˈi.jə
hi·per·mis·ti·cis·mo,"nome masculino",i.per.mis.tʃi.sˈiz.mʊ
hi·per·mís·ti·co,adjetivo,i.per.mˈis.tʃi.kʊ
hi·pe·ró·xi·do,"nome masculino",i.pe.rˈɔ.ki.si.dʊ
hi·per·pép·ti·co,adjetivo,i.per.pˈɛ.pi.tʃi.kʊ
hi·per·pig·men·ta·do,adjetivo,i.per.pi.gi.mẽ.tˈa.dʊ
hi·per·pla·si·a,"nome feminino",i.peɾ.pla.zˈi.jə
hi·per·plás·ti·co,adjetivo,i.per.plˈas.tʃi.kʊ
hi·per·pro·du·ção,"nome feminino",i.peɾ.pɾo.du.sˈə̃w
hi·per·sa·li·no,adjetivo,i.per.sa.lˈi.nʊ
hi·per·sar·co·ma,"nome masculino",i.per.saɾ.kˈo.mə
hi·per·se·cre·ção,"nome feminino",i.per.se.kɾe.sˈə̃w
hi·per·sen·si·bi·li·da·de,"nome feminino",i.peɾ.sẽ.si.bi.li.dˈa.dʒi
hi·per·sen·sí·vel,adjetivo,i.peɾ.sẽ.sˈi.vew
hi·per·sen·ti·men·ta·li·da·de,"nome feminino",i.per.sẽ.tʃi.mẽ.ta.li.dˈa.dʒi
hi·per·sis·tó·li·co,adjetivo,i.per.sis.tˈɔ.li.kʊ
hi·per·só·ni·co,adjetivo,i.peɾ.sˈɔ.ni.kʊ
hi·per·so·no·ri·da·de,"nome feminino",i.per.so.no.ɾi.dˈa.dʒi
hi·per·so·no·ro,adjetivo,i.per.so.nˈɔ.ɾʊ
hi·per·ten·sa,"nome feminino",i.peɾ.tˈẽj.sə
hi·per·ten·são,"nome feminino",i.peɾ.tẽ.sˈə̃w
hi·per·ten·so,"nome masculino",i.peɾ.tˈẽj.sʊ
hi·per·ten·so,adjetivo,i.peɾ.tˈẽj.sʊ
hi·per·ten·sor,"nome masculino",i.peɾ.tẽ.sˈoɾ
hi·per·ten·sor,adjetivo,i.peɾ.tẽ.sˈoɾ
hi·per·ter·mi·a,"nome feminino",i.peɾ.teɾ.mˈi.jə
hi·per·tér·mi·co,adjetivo,i.per.tˈɛɾ.mi.kʊ
hi·per·tex·to,"nome masculino",i.peɾ.tˈes.tʊ
hi·per·ti·roi·dis·mo,"nome masculino",i.peɾ.tʃi.ɾoj.dʒˈiz.mʊ
hi·per·to·na·li·da·de,"nome feminino",i.per.to.na.li.dˈa.dʒi
hi·per·to·ni·a,"nome feminino",i.per.to.nˈi.jə
hi·per·tó·ni·co,adjetivo,i.per.tˈɔ.ni.kʊ
hi·per·tri·co·se,"nome feminino",i.peɾ.tɾi.kˈɔ.zi
hi·per·tro·fi·a,"nome feminino",i.peɾ.tɾo.fˈi.jə
hi·per·tro·fi·a·do,adjetivo,i.peɾ.tɾo.fjˈa.dʊ
hi·per·tro·fi·ar,verbo,i.peɾ.tɾo.fjˈa
hi·per·tró·fi·co,adjetivo,i.per.tɾˈɔ.fi.kʊ
hi·pe·rur·ba·nis·mo,"nome masculino",i.pe.ruɾ.ba.nˈiz.mʊ
hi·per·vai·da·de,"nome feminino",i.per.vaj.dˈa.dʒi
hi·per·vai·do·so,adjetivo,i.per.vaj.dˈo.zʊ
hi·per·ven·ti·la·ção,"nome feminino",i.peɾ.vẽ.tʃi.la.sˈə̃w
hi·per·ven·ti·la·do,adjetivo,i.per.vẽ.tʃi.lˈa.dʊ
hi·per·ven·ti·lar,verbo,i.per.vẽ.tʃi.lˈaɾ
hi·pi·ca·men·te,advérbio,i.pi.ka.mˈẽj.tʃi
hí·pi·co,adjetivo,ˈi.pi.kʊ
hi·pis·mo,"nome masculino",i.pˈiz.mʊ
hip·no·se,"nome feminino",i.pə.nˈɔ.zi
hip·nó·ti·co,adjetivo,i.pə.nˈɔ.tʃi.kʊ
hip·nó·ti·co,"nome masculino",i.pə.nˈɔ.tʃi.kʊ
hip·no·tis·mo,"nome masculino",i.pə.no.tʃˈiz.mʊ
hip·no·ti·za·dor,"nome masculino",i.pə.no.tʃi.za.dˈoɾ
hip·no·ti·zar,verbo,i.pə.no.tʃi.zˈa
hi·po·cam·po,"nome masculino",i.po.kˈə̃.pʊ
hi·po·caus·to,"nome masculino",i.pɔ.kˈaws.tʊ
hi·po·cen·tro,"nome masculino",i.po.sˈẽj.tɾʊ
hi·po·clo·ri·to,"nome masculino",i.po.klo.ɾˈi.tʊ
hi·po·con·dri·a,"nome feminino",i.po.kõ.dɾˈi.jə
hi·po·con·drí·a·co,adjetivo,i.po.kõ.dɾˈi.a.kʊ
hi·po·con·drí·a·co,"nome masculino",i.po.kõ.dɾˈi.a.kʊ
hi·po·crá·ti·co,adjetivo,i.pɔ.kɾˈa.tʃi.kʊ
hi·po·cri·si·a,"nome feminino",i.po.kɾi.zˈi.jə
hi·pó·cri·ta,"nome masculino","i.pˈɔ.kɾi.tə ou i.pˈɔ.kɾi.tə"
hi·pó·cri·ta,adjetivo,i.pˈɔ.kɾi.tə
hi·po·cri·ta·men·te,advérbio,i.po.kɾi.ta.mˈẽj.tʃi
hi·po·dér·mi·co,adjetivo,i.po.dˈɛɾ.mi.kʊ
hi·pó·dro·mo,"nome masculino",i.pˈɔ.dɾo.mʊ
hi·pó·fi·se,"nome feminino",i.pˈɔ.fi.zi
hi·po·gli·ce·mi·a,"nome feminino",i.po.gli.se.mˈi.jə
hi·po·pó·ta·mo,"nome masculino",i.po.pˈɔ.ta.mʊ
hi·pós·ta·se,"nome feminino",i.pˈɔs.ta.zi
hi·pos·ta·si·a·do,adjetivo,i.pos.ta.zjˈa.dʊ
hi·pos·ta·si·ar,verbo,i.pos.ta.zjˈa
hi·pos·ti·lo,adjetivo,i.pɔs.tʃˈi.lʊ
hi·po·tá·la·mo,"nome masculino",i.po.tˈa.la.mʊ
hi·po·te·ca,"nome feminino",i.po.tˈɛ.kə
hi·po·te·ca·do,adjetivo,i.po.te.kˈa.dʊ
hi·po·te·car,verbo,i.po.te.kˈa
hi·po·te·ca·ri·a·men·te,advérbio,i.po.te.ka.ɾja.mˈẽj.tʃi
"hi·po·te·cá·ri· o",adjetivo,i.po.te.kˈa.ɾjʊ
hi·po·ten·são,"nome feminino",i.po.tẽ.sˈə̃w
hi·po·te·nu·sa,"nome feminino",i.po.te.nˈu.zə
hi·po·ter·mi·a,"nome feminino",i.po.teɾ.mˈi.jə
hi·pó·te·se,"nome feminino",i.pˈɔ.te.zi
hi·po·te·ti·ca·men·te,advérbio,i.po.tɛ.tʃi.ka.mˈẽj.tʃi
hi·po·té·ti·co,adjetivo,i.po.tˈɛ.tʃi.kʊ
hi·po·ti·roi·dis·mo,"nome masculino",i.po.tʃi.ɾoj.dʒˈiz.mʊ
hi·po·to·ni·a,"nome feminino",i.pɔ.to.nˈi.jə
hi·po·xi·a,"nome feminino",i.pɔ.ki.sˈi.jə
"hip· pie","nome masculino",ou
"hip· pie",adjetivo,
"hip· py","nome masculino",
hir·su·to,adjetivo,iɾ.sˈu.tʊ
hir·ta·men·te,advérbio,iɾ.ta.mˈẽj.tʃi
hir·tar,verbo,iɾ.tˈa
hir·to,adjetivo,ˈiɾ.tʊ
his·pa·na,"nome feminino",is.pˈə.nə
his·pa·ni·ca·men·te,advérbio,is.pa.ni.ka.mˈẽj.tʃi
his·pâ·ni·co,adjetivo,is.pˈə.ni.kʊ
his·pâ·ni·co,"nome masculino",is.pˈə.ni.kʊ
his·pa·nis·ta,"nome masculino","is.pa.nˈis.tə ou is.pa.nˈis.tə"
his·pa·nis·ta,adjetivo,is.pa.nˈis.tə
his·pa·no,"nome masculino",is.pˈə.nʊ
his·pa·no,adjetivo,is.pˈə.nʊ
his·pa·no-a·me·ri·ca·na,"nome feminino",is.pˌə.no.a.me.ɾi.kˈə.nə
his·pa·no-a·me·ri·ca·no,adjetivo,is.pˌə.no.a.me.ɾi.kˈə.nʊ
his·pa·no-a·me·ri·ca·no,"nome masculino",is.pˌə.no.a.me.ɾi.kˈə.nʊ
his·pa·no-á·ra·be,adjetivo,is.pˌə.no.ˈa.ɾa.bi
his·pa·no-á·ra·be,"nome masculino","is.pˌə.no.ˈa.ɾa.bi ou is.pˌə.no.ˈa.ɾa.bi"
his·pa·no-lu·so,adjetivo,is.pˌə.no.lˈu.zʊ
his·so·par,verbo,i.so.pˈa
his·so·pe,"nome masculino",i.sˈɔ.pi
his·ta·mi·na,"nome feminino",is.ta.mˈi.nə
his·te·rec·to·mi·a,"nome feminino",is.te.ɾe.kə.to.mˈi.jə
his·te·ri·a,"nome feminino",is.te.ɾˈi.jə
his·te·ri·ca·men·te,advérbio,is.tɛ.ɾi.ka.mˈẽj.tʃi
his·té·ri·co,adjetivo,is.tˈɛ.ɾi.kʊ
his·té·ri·co,"nome masculino",is.tˈɛ.ɾi.kʊ
his·te·ris·mo,"nome masculino",is.te.ɾˈiz.mʊ
his·to·com·pa·ti·bi·li·da·de,"nome feminino",is.to.kõ.pa.tʃi.bi.li.dˈa.dʒi
his·to·gra·ma,"nome masculino",is.to.gɾˈə.mə
his·to·lo·gi·a,"nome feminino",is.to.lo.ʒˈi.jə
his·to·ló·gi·co,adjetivo,is.to.lˈɔ.ʒi.kʊ
his·to·pa·to·lo·gi·a,"nome feminino",is.to.pa.to.lo.ʒˈi.jə
his·to·pa·to·ló·gi·co,adjetivo,is.to.pa.to.lˈɔ.ʒi.kʊ
his·to·plas·mo·se,"nome feminino",is.to.plaz.mˈɔ.zi
"his·tó·ri· a","nome feminino",is.tˈɔ.ɾjə
his·to·ri·a·do,adjetivo,is.to.ɾjˈa.dʊ
his·to·ri·a·dor,"nome masculino",is.to.ɾja.dˈoɾ
his·to·ri·al,"nome masculino",is.to.ɾjˈaw
his·to·ri·al,adjetivo,is.to.ɾjˈaw
his·to·ri·ar,verbo,is.to.ɾjˈa
his·to·ri·ca·men·te,advérbio,is.to.ɾi.ka.mˈẽj.tʃi
his·to·ri·ci·da·de,"nome feminino",is.to.ɾi.si.dˈa.dʒi
his·to·ri·cis·mo,"nome masculino",is.to.ɾi.sˈiz.mʊ
his·to·ri·cis·ta,"nome masculino",is.to.ɾi.sˈis.tə
his·to·ri·cis·ta,"nome feminino",is.to.ɾi.sˈis.tə
his·to·ri·cis·ta,adjetivo,is.to.ɾi.sˈis.tə
his·tó·ri·co,adjetivo,is.tˈɔ.ɾi.kʊ
his·tó·ri·co-cul·tu·ral,adjetivo,is.tˌɔ.ɾi.ko.kuw.tu.ɾˈaw
his·tó·ri·co-ge·o·grá·fi·co,adjetivo,is.tˌɔ.ɾi.ko.ʒe.o.gɾˈa.fi.kʊ
his·to·ri·e·ta,"nome feminino",is.to.ɾi.ˈe.tə
his·to·ri·o·gra·fi·a,"nome feminino",is.to.ɾi.o.gɾa.fˈi.jə
his·to·ri·o·grá·fi·co,adjetivo,is.to.ɾi.o.gɾˈa.fi.kʊ
his·to·ri·ó·gra·fo,"nome masculino",is.to.ɾi.ˈɔ.gɾa.fʊ
his·tri·o·ni·a,"nome feminino",is.tɾi.o.nˈi.jə
his·tri·o·ni·ca·men·te,advérbio,is.tɾi.ɔ.ni.ka.mˈẽj.tʃi
his·tri·ó·ni·co,adjetivo,is.tɾi.ˈɔ.ni.kʊ
his·tri·o·nis·mo,"nome masculino",is.tɾi.o.nˈiz.mʊ
hi·tle·ri·a·na,"nome feminino",i.tle.ɾjˈə.nə
hi·tle·ri·a·no,"nome masculino",i.tle.ɾjˈə.nʊ
hi·tle·ri·a·no,adjetivo,i.tle.ɾjˈə.nʊ
"hob· by","nome masculino",
ho·di·er·na·men·te,advérbio,o.dʒi.ɛr.na.mˈẽj.tʃi
ho·di·er·no,adjetivo,o.dʒi.ˈɛr.nʊ
ho·je,advérbio,ˈo.ʒi
ho·lan·da,"nome feminino",o.lˈə̃.də
ho·lan·dês,adjetivo,o.lə̃.dˈes
ho·lan·dês,"nome masculino",o.lə̃.dˈes
ho·lan·de·sa,"nome feminino",o.lə̃.dˈe.zə
"hol· ding","nome feminino",
ho·li·ga·nis·mo,"nome masculino",o.li.ga.nˈiz.mʊ
ho·lís·ti·co,adjetivo,ɔ.lˈis.tʃi.kʊ
"hol· ly· woo·des·co",adjetivo,ɔ.li.u.dˈes.kʊ
ho·lo·caus·to,"nome masculino",o.lo.kˈaws.tʊ
ho·lo·fo·te,"nome masculino",o.lo.fˈɔ.tʃi
ho·lo·gra·fi·a,"nome feminino",o.lo.gɾa.fˈi.jə
ho·lo·grá·fi·co,adjetivo,o.lo.gɾˈa.fi.kʊ
ho·lo·gra·ma,"nome masculino",o.lo.gɾˈə.mə
hom·bo,"nome masculino",ˈõ.bʊ
hom·bri·da·de,"nome feminino",õ.bɾi.dˈa.dʒi
ho·mem,"nome masculino",ˈo.meɲ
ho·mem-bom,"nome masculino",ˌo.meɲ.bˈõ
ho·mem-má·qui·na,"nome masculino",ˌo.meɲ.mˈa.ki.nə
ho·mem-rã,"nome masculino",ˌo.meɲ.xˈə̃
ho·me·na·ge·a·da,"nome feminino",o.me.na.ʒi.ˈa.də
ho·me·na·ge·a·do,"nome masculino",o.me.na.ʒi.ˈa.dʊ
ho·me·na·ge·a·do,adjetivo,o.me.na.ʒi.ˈa.dʊ
ho·me·na·ge·an·te,"nome feminino",o.me.na.ʒi.ˈə̃.tʃi
ho·me·na·ge·an·te,"nome masculino",o.me.na.ʒi.ˈə̃.tʃi
ho·me·na·ge·an·te,adjetivo,o.me.na.ʒi.ˈə̃.tʃi
ho·me·na·ge·ar,verbo,o.me.na.ʒi.ˈa
ho·me·na·gem,"nome feminino",o.me.nˈa.ʒeɲ
ho·men·zar·rão,"nome masculino",o.mẽj.za.xˈə̃w
ho·men·zi·nho,"nome masculino",o.mẽj.zˈi.ɲʊ
ho·me·o·pa·ta,"nome feminino",o.me.o.pˈa.tə
ho·me·o·pa·ta,"nome masculino",o.me.o.pˈa.tə
ho·me·o·pa·ti·a,"nome feminino",o.me.o.pa.tʃˈi.jə
ho·me·o·pá·ti·co,adjetivo,o.me.o.pˈa.tʃi.kʊ
ho·me·os·tá·ti·co,adjetivo,o.me.os.tˈa.tʃi.kʊ
ho·me·ri·ca·men·te,advérbio,o.mɛ.ɾi.ka.mˈẽj.tʃi
ho·mé·ri·co,adjetivo,o.mˈɛ.ɾi.kʊ
ho·mes·sa,interjeição,o.mˈɛ.sə
ho·mi·ci·da,"nome feminino",o.mi.sˈi.də
ho·mi·ci·da,adjetivo,o.mi.sˈi.də
ho·mi·ci·da,"nome masculino",o.mi.sˈi.də
"ho·mi·cí·di· o","nome masculino",o.mi.sˈi.dʒjʊ
ho·mi·li·a,"nome feminino",o.mi.lˈi.jə
"ho·mí·li· a","nome feminino",o.mˈi.ljə
ho·mi·li·ar,verbo,o.mi.ljˈa
"ho·mi·ní·de· o",adjetivo,o.mi.nˈi.dʒjʊ
ho·mi·ní·de·o,"nome masculino",o.mi.nˈi.dʒjʊ
ho·mi·ni·za·ção,"nome feminino",o.mi.ni.za.sˈə̃w
ho·mi·zi·a·do,"nome masculino",o.mi.zjˈa.dʊ
ho·mi·zi·a·do,adjetivo,o.mi.zjˈa.dʊ
ho·mi·zi·ar,verbo,o.mi.zjˈa
ho·mo,"nome masculino",ˈo.mo
ho·mo·e·ró·ti·co,"nome masculino",o.mo.e.ɾˈɔ.tʃi.kʊ
ho·mo·e·ró·ti·co,adjetivo,o.mo.e.ɾˈɔ.tʃi.kʊ
ho·mo·fo·bi·a,"nome feminino",o.mo.fo.bˈi.jə
ho·mo·fó·bi·co,adjetivo,o.mo.fˈɔ.bi.kʊ
ho·mó·fo·bo,"nome masculino",o.mˈɔ.fo.bʊ
ho·mo·fo·ni·a,"nome feminino",o.mo.fo.nˈi.jə
ho·mo·fo·ni·ca·men·te,advérbio,o.mo.fɔ.ni.ka.mˈẽj.tʃi
ho·mo·fó·ni·co,adjetivo,o.mo.fˈɔ.ni.kʊ
ho·mo·ge·nei·da·de,"nome feminino",o.mo.ʒe.nej.dˈa.dʒi
ho·mo·ge·nei·za·ção,"nome feminino",o.mo.ʒe.nej.za.sˈə̃w
ho·mo·ge·nei·za·do,adjetivo,o.mo.ʒe.nej.zˈa.dʊ
ho·mo·ge·nei·za·dor,"nome masculino",o.mo.ʒe.nej.za.dˈoɾ
ho·mo·ge·nei·za·dor,adjetivo,o.mo.ʒe.nej.za.dˈoɾ
ho·mo·ge·nei·zan·te,adjetivo,o.mo.ʒe.nej.zˈə̃.tʃi
ho·mo·ge·nei·zar,verbo,o.mo.ʒe.nej.zˈa
"ho·mo·gé·ne· o",adjetivo,o.mo.ʒˈɛ.njʊ
ho·mó·gra·fo,adjetivo,o.mˈɔ.gɾa.fʊ
ho·mo·lo·ga·ção,"nome feminino",o.mo.lo.ga.sˈə̃w
ho·mo·lo·ga·do,adjetivo,o.mo.lo.gˈa.dʊ
ho·mo·lo·gar,verbo,o.mo.lo.gˈa
"ho·mo·lo·ga·tó·ri· o",adjetivo,o.mo.lo.ga.tˈɔ.ɾjʊ
ho·mo·lo·gá·vel,adjetivo,o.mo.lo.gˈa.vew
ho·mo·lo·gi·a,"nome feminino",o.mo.lo.ʒˈi.jə
ho·mó·lo·go,adjetivo,o.mˈɔ.lo.gʊ
ho·mo·ni·ma·men·te,advérbio,o.mɔ.ni.ma.mˈẽj.tʃi
ho·mó·ni·mo,"nome masculino",o.mˈɔ.ni.mʊ
ho·mó·ni·mo,adjetivo,o.mˈɔ.ni.mʊ
ho·mos·se·xu·al,adjetivo,o.mo.sek.swˈaw
ho·mos·se·xu·al,"nome masculino",o.mo.sek.swˈaw
ho·mos·se·xu·al,"nome feminino",o.mo.sek.swˈaw
ho·mos·se·xu·a·li·da·de,"nome feminino",o.mo.sek.swa.li.dˈa.dʒi
ho·mos·se·xu·a·lis·mo,"nome masculino",o.mo.sek.swa.lˈiz.mʊ
ho·mo·te·ti·a,"nome feminino",o.mo.te.tʃˈi.jə
ho·mún·cu·lo,"nome masculino",o.mˈũ.ku.lʊ
hon·du·re·nha,"nome feminino",õ.du.ɾˈe.ɲə
hon·du·re·nho,"nome masculino",õ.du.ɾˈɛ.ɲʊ
hon·du·re·nho,adjetivo,õ.du.ɾˈɛ.ɲʊ
ho·nes·ta,"nome feminino",o.nˈɛs.tə
ho·nes·ta·men·te,advérbio,o.nɛs.ta.mˈẽj.tʃi
ho·nes·tar,verbo,o.nes.tˈa
ho·nes·ti·da·de,"nome feminino",o.nes.tʃi.dˈa.dʒi
ho·nes·tís·si·mo,adjetivo,o.nes.tʃˈi.si.mʊ
ho·nes·to,"nome masculino",o.nˈɛs.tʊ
ho·nes·to,adjetivo,o.nˈɛs.tʊ
ho·nor,"nome masculino",o.nˈoɾ
ho·no·ra·bi·li·da·de,"nome feminino",o.no.ɾa.bi.li.dˈa.dʒi
ho·no·ra·ri·a·men·te,advérbio,o.no.ɾa.ɾja.mˈẽj.tʃi
"ho·no·rá·ri· o","nome masculino",o.no.ɾˈa.ɾjʊ
"ho·no·rá·ri· o",adjetivo,o.no.ɾˈa.ɾjʊ
ho·no·rá·vel,adjetivo,o.no.ɾˈa.vew
ho·no·ri·fi·ca·men·te,advérbio,o.no.ɾi.fi.ka.mˈẽj.tʃi
ho·no·rí·fi·co,adjetivo,o.no.ɾˈi.fi.kʊ
hon·ra,"nome feminino",ˈõ.hə
hon·ra·da·men·te,advérbio,õ.ha.da.mˈẽj.tʃi
hon·ra·dez,"nome feminino",õ.ha.dˈes
hon·ra·do,adjetivo,õ.hˈa.dʊ
hon·rar,verbo,õ.hˈa
hon·ra·ri·a,"nome feminino",õ.ha.ɾˈi.jə
hon·ro·sa·men·te,advérbio,õ.ho.za.mˈẽj.tʃi
hon·ro·so,adjetivo,õ.hˈo.zʊ
"hoo· li· gan","nome masculino",ou
"hoo· li· ga·nis·mo","nome masculino",o.li.ga.nˈiz.mʊ
hó·quei,"nome masculino",ˈɔ.kej
ho·quis·ta,"nome masculino","ɔ.kˈis.tə ou ɔ.kˈis.tə"
ho·ra,"nome feminino",ˈɔ.ɾə
ho·ra·ci·a·no,"nome masculino",o.ɾa.sjˈə.nʊ
ho·ra·ci·a·no,adjetivo,o.ɾa.sjˈə.nʊ
ho·rar,verbo,ɔ.ɾˈa
"ho·rá·ri· o",adjetivo,o.ɾˈa.ɾjʊ
"ho·rá·ri· o","nome masculino",o.ɾˈa.ɾjʊ
hor·da,"nome feminino",ˈɔɾ.də
ho·ri·zon·tal,"nome feminino",o.ɾi.zõ.tˈaw
ho·ri·zon·tal,adjetivo,o.ɾi.zõ.tˈaw
ho·ri·zon·ta·li·da·de,"nome feminino",o.ɾi.zõ.ta.li.dˈa.dʒi
ho·ri·zon·tal·men·te,advérbio,o.ɾi.zõ.taw.mˈẽj.tʃi
ho·ri·zon·te,"nome masculino",o.ɾi.zˈõ.tʃi
hor·mo·na,"nome feminino",oɾ.mˈo.nə
hor·mo·nal,adjetivo,oɾ.mo.nˈaw
hor·mo·no·te·ra·pi·a,"nome feminino",oɾ.mo.no.te.ɾa.pˈi.jə
ho·ros·co·par,verbo,o.ɾos.ko.pˈa
ho·rós·co·po,"nome masculino",o.ɾˈɔs.ko.pʊ
hor·ren·da·men·te,advérbio,o.xẽ.da.mˈẽj.tʃi
hor·ren·do,adjetivo,o.xˈẽj.dʊ
hor·ri·pi·lan·te,adjetivo,o.xi.pi.lˈə̃.tʃi
hor·ri·pi·lan·te·men·te,advérbio,o.xi.pi.lə̃.te.mˈẽj.tʃi
hor·rí·vel,adjetivo,o.xˈi.vew
hor·ri·vel·men·te,advérbio,o.xi.vew.mˈẽj.tʃi
hor·ror,"nome masculino",o.xˈoɾ
hor·ro·ri·za·do,adjetivo,o.xo.ɾi.zˈa.dʊ
hor·ro·ri·zar,verbo,o.xo.ɾi.zˈa
hor·ro·ro·sa·men·te,advérbio,o.xo.ɾɔ.za.mˈẽj.tʃi
hor·ro·ro·so,adjetivo,o.xo.ɾˈo.zʊ
"hor· se· ball","nome masculino",
hor·ta,"nome feminino",ˈɔɾ.tə
hor·ta·li·ça,"nome feminino",oɾ.ta.lˈi.sə
hor·tar,verbo,oɾ.tˈa
hor·te·lã,"nome feminino",oɾ.te.lˈə̃
hor·te·lã-pi·men·ta,"nome feminino",oɾ.te.lˌə̃.pi.mˈẽj.tə
hor·te·lão,"nome masculino",oɾ.te.lˈə̃w
hor·ten·se,adjetivo,oɾ.tˈẽj.si
hor·ten·se,"nome feminino",oɾ.tˈẽj.si
hor·ten·se,"nome masculino",oɾ.tˈẽj.si
"hor·tên·si· a","nome feminino",oɾ.tˈẽj.sjə
hor·tí·co·la,adjetivo,oɾ.tʃˈi.ko.lə
hor·ti·cul·tor,"nome masculino",oɾ.tʃi.kuw.tˈoɾ
hor·ti·cul·tor,adjetivo,oɾ.tʃi.kuw.tˈoɾ
hor·ti·cul·tu·ra,"nome feminino",oɾ.tʃi.kuw.tˈu.ɾə
hor·to,"nome masculino",ˈoɾ.tʊ
hor·to·flo·ri·cul·tu·ra,"nome feminino",oɾ.to.flo.ɾi.kuw.tˈu.ɾə
ho·sa·na,interjeição,o.zˈə.nə
ho·sa·na,"nome masculino",o.zˈə.nə
hos·pe·da·gem,"nome feminino",os.pe.dˈa.ʒeɲ
hos·pe·dar,verbo,os.pe.dˈa
hos·pe·da·ri·a,"nome feminino",os.pe.da.ɾˈi.jə
hós·pe·de,"nome masculino","ˈɔs.pe.dʒi ou ˈɔs.pe.dʒi"
hós·pe·de,adjetivo,ˈɔs.pe.dʒi
hos·pe·dei·ra,"nome feminino",os.pe.dˈej.ɾə
hos·pe·dei·ro,"nome masculino",os.pe.dˈej.ɾʊ
hos·pe·dei·ro,adjetivo,os.pe.dˈej.ɾʊ
"hos·pí·ci· o","nome masculino",os.pˈi.sjʊ
hos·pi·tal,"nome masculino",os.pi.tˈaw
hos·pi·ta·lar,adjetivo,os.pi.ta.lˈaɾ
"hos·pi·ta·lá·ri· o","nome masculino",os.pi.ta.lˈa.ɾjʊ
"hos·pi·ta·lá·ri· o",adjetivo,os.pi.ta.lˈa.ɾjʊ
hos·pi·ta·lei·ra,"nome feminino",os.pi.ta.lˈej.ɾə
hos·pi·ta·lei·ra·men·te,advérbio,os.pi.ta.lej.ɾa.mˈẽj.tʃi
hos·pi·ta·lei·ro,adjetivo,os.pi.ta.lˈej.ɾʊ
hos·pi·ta·lei·ro,"nome masculino",os.pi.ta.lˈej.ɾʊ
hos·pi·ta·li·da·de,"nome feminino",os.pi.ta.li.dˈa.dʒi
hos·pi·ta·li·za·ção,"nome feminino",os.pi.ta.li.za.sˈə̃w
hos·pi·ta·li·za·do,adjetivo,os.pi.ta.li.zˈa.dʊ
hos·pi·ta·li·zar,verbo,os.pi.ta.li.zˈa
hos·sa·na,"nome masculino",ɔ.sˈə.nə
hos·te,"nome feminino",ˈɔs.tʃi
"hós·ti· a","nome feminino",ˈɔs.tʃjə
"hos·ti·á·ri· o","nome masculino",os.tʃjˈa.ɾjʊ
hos·til,adjetivo,os.tʃˈiw
hos·ti·li·da·de,"nome feminino",os.tʃi.li.dˈa.dʒi
hos·ti·li·za·ção,"nome feminino",os.tʃi.li.za.sˈə̃w
hos·ti·li·zar,verbo,os.tʃi.li.zˈa
hos·til·men·te,advérbio,os.tʃiw.mˈẽj.tʃi
ho·tel,"nome masculino",o.tˈɛw
ho·te·la·ri·a,"nome feminino",o.te.la.ɾˈi.jə
ho·te·lei·ro,"nome masculino",o.te.lˈej.ɾʊ
ho·te·lei·ro,adjetivo,o.te.lˈej.ɾʊ
ho·ten·to·te,"nome feminino",o.tẽ.tˈɔ.tʃi
ho·ten·to·te,"nome masculino",o.tẽ.tˈɔ.tʃi
ho·ten·to·te,adjetivo,o.tẽ.tˈɔ.tʃi
hou,interjeição,ˈo
"ho· ver· craft","nome masculino",
ho·xa,"nome feminino",ˈo.ʃə
hu·am·bo,adjetivo,wˈə̃.bʊ
hu·am·bo,"nome masculino",wˈə̃.bʊ
hu·gue·no·te,"nome masculino",u.ge.nˈɔ.tʃi
hu·gue·no·te,adjetivo,u.ge.nˈɔ.tʃi
hui,interjeição,wˈi
hu·lha,"nome feminino",ˈu.ʎə
hum,interjeição,ˈũ
hu·ma·na·men·te,advérbio,u.ma.na.mˈẽj.tʃi
hu·ma·nar,verbo,u.ma.nˈa
hu·ma·ni·da·de,"nome feminino",u.ma.ni.dˈa.dʒi
hu·ma·nis·mo,"nome masculino",u.ma.nˈiz.mʊ
hu·ma·nis·ta,"nome feminino",u.ma.nˈis.tə
hu·ma·nis·ta,"nome masculino",u.ma.nˈis.tə
hu·ma·nis·ta,adjetivo,u.ma.nˈis.tə
hu·ma·nis·ti·ca·men·te,advérbio,u.ma.nis.tʃi.ka.mˈẽj.tʃi
hu·ma·nís·ti·co,adjetivo,u.ma.nˈis.tʃi.kʊ
"hu·ma·ni·tá·ri· a","nome feminino",u.ma.ni.tˈa.ɾjə
hu·ma·ni·ta·ri·a·men·te,advérbio,u.ma.ni.ta.ɾja.mˈẽj.tʃi
"hu·ma·ni·tá·ri· o","nome masculino",u.ma.ni.tˈa.ɾjʊ
"hu·ma·ni·tá·ri· o",adjetivo,u.ma.ni.tˈa.ɾjʊ
hu·ma·ni·ta·ris·mo,"nome masculino",u.ma.ni.ta.ɾˈiz.mʊ
hu·ma·ni·za·ção,"nome feminino",u.ma.ni.za.sˈə̃w
hu·ma·ni·za·do,adjetivo,u.ma.ni.zˈa.dʊ
hu·ma·ni·za·dor,"nome masculino",u.ma.ni.za.dˈoɾ
hu·ma·ni·za·dor,adjetivo,u.ma.ni.za.dˈoɾ
hu·ma·ni·zar,verbo,u.ma.ni.zˈa
hu·ma·no,"nome masculino",u.mˈə.nʊ
hu·ma·no,adjetivo,u.mˈə.nʊ
hu·ma·noi·de,adjetivo,u.ma.nˈɔj.dʒi
hu·ma·noi·de,"nome masculino",u.ma.nˈɔj.dʒi
hu·ma·noi·de,"nome feminino",u.ma.nˈɔj.dʒi
hu·me·de·cer,verbo,u.me.de.sˈe
hu·me·de·ci·do,adjetivo,u.me.de.sˈi.dʊ
hu·mi·da·de,"nome feminino",u.mi.dˈa.dʒi
hu·mi·da·men·te,advérbio,u.mi.da.mˈẽj.tʃi
hu·mi·di·fi·ca·ção,"nome feminino",u.mi.dʒi.fi.ka.sˈə̃w
hu·mi·di·fi·ca·dor,"nome masculino",u.mi.dʒi.fi.ka.dˈoɾ
hú·mi·do,adjetivo,ˈu.mi.dʊ
hu·mil·da·de,"nome feminino",u.miw.dˈa.dʒi
hu·mil·dar,verbo,u.miw.dˈa
hu·mil·de,adjetivo,u.mˈiw.dʒi
hu·mil·de,"nome feminino",u.mˈiw.dʒi
hu·mil·de,"nome masculino",u.mˈiw.dʒi
hu·mil·de·men·te,advérbio,u.miw.de.mˈẽj.tʃi
hu·mi·lha·ção,"nome feminino",u.mi.ʎa.sˈə̃w
hu·mi·lha·do,"nome masculino",u.mi.ʎˈa.dʊ
hu·mi·lha·do,adjetivo,u.mi.ʎˈa.dʊ
hu·mi·lhan·te,adjetivo,u.mi.ʎˈə̃.tʃi
hu·mi·lhan·te·men·te,advérbio,u.mi.ʎə̃.te.mˈẽj.tʃi
hu·mi·lhar,verbo,u.mi.ʎˈa
hu·mí·li·mo,adjetivo,u.mˈi.li.mʊ
hu·mo,"nome masculino",ˈu.mʊ
hu·mor,"nome masculino",u.mˈoɾ
hu·mo·ra·do,adjetivo,u.mo.ɾˈa.dʊ
hu·mo·ral,adjetivo,u.mo.ɾˈaw
hu·mo·ris·mo,"nome masculino",u.mo.ɾˈiz.mʊ
hu·mo·ris·ta,"nome masculino",u.mo.ɾˈis.tə
hu·mo·ris·ta,adjetivo,u.mo.ɾˈis.tə
hu·mo·ris·ta,"nome feminino",u.mo.ɾˈis.tə
hu·mo·ris·ti·ca·men·te,advérbio,u.mo.ɾis.tʃi.ka.mˈẽj.tʃi
hu·mo·rís·ti·co,adjetivo,u.mo.ɾˈis.tʃi.kʊ
hú·mus,"nome masculino",ˈu.mʊs
hún·ga·ra,"nome feminino",ˈũ.ga.ɾə
hún·ga·ro,adjetivo,ˈũ.ga.ɾʊ
hún·ga·ro,"nome masculino",ˈũ.ga.ɾʊ
hun·go,"nome masculino",ˈũ.gʊ
hu·no,"nome masculino",ˈu.nʊ
hu·no,adjetivo,ˈu.nʊ
hur·ra,interjeição,ˈu.xə
hur·ra,"nome masculino",ˈu.xə
hu·sa,"nome feminino",ˈu.zə
hus·sar·do,"nome masculino",u.sˈaɾ.dʊ
hus·si·ta,"nome masculino","u.sˈi.tə ou u.sˈi.tə"
hus·si·ta,adjetivo,u.sˈi.tə
"hy· pe","nome masculino",
