ba·bá,"nome feminino",ba.bˈa
ba·ba,"nome masculino",bˈa.bə
ba·bá,"nome masculino",ba.bˈa
ba·ba,"nome feminino",bˈa.bə
ba·ba·ca,adjetivo,ba.bˈa.kə
ba·ba·da,"nome feminino",ba.bˈa.də
ba·ba·do,"nome masculino",ba.bˈa.dʊ
ba·ba·do,adjetivo,ba.bˈa.dʊ
ba·bar,verbo,ba.bˈa
ba·bei·ro,"nome masculino",ba.bˈej.ɾʊ
ba·bel,"nome feminino",ba.bˈɛw
ba·bé·li·co,adjetivo,ba.bˈɛ.li.kʊ
ba·be·te,"nome masculino",ba.bˈɛ.tʃi
"ba·bi·ló·ni· a","nome feminino",ba.bi.lˈɔ.njə
"ba·bi·lô·ni· a","nome feminino",ba.bi.lˈo.njə
ba·bi·ló·ni·co,adjetivo,ba.bi.lˈɔ.ni.kʊ
ba·bi·lô·ni·co,adjetivo,ba.bi.lˈo.ni.kʊ
"ba·bi·ló·ni· o",adjetivo,ba.bi.lˈɔ.njʊ
"ba·bi·ló·ni· o","nome masculino",ba.bi.lˈɔ.njʊ
"ba·bi·lô·ni· o",adjetivo,ba.bi.lˈo.njʊ
ba·bo·sa,"nome feminino",ba.bˈɔ.zə
ba·bo·sei·ra,"nome feminino",ba.bo.zˈej.ɾə
ba·bo·so,adjetivo,ba.bˈo.zʊ
ba·bo·so,"nome masculino",ba.bˈo.zʊ
ba·bu·cha,"nome feminino",ba.bˈu.ʃə
ba·bu·gem,"nome feminino",ba.bˈu.ʒeɲ
ba·bu·í·no,"nome masculino",ba.bwˈi.nʊ
"ba· by-sit· ter","nome masculino",ou
ba·ca·lhau,"nome masculino",ba.ka.ʎˈaw
ba·ca·lho·ei·ra,"nome feminino",ba.ka.ʎwˈej.ɾə
ba·ca·lho·ei·ro,adjetivo,ba.ka.ʎwˈej.ɾʊ
ba·ca·lho·ei·ro,"nome masculino",ba.ka.ʎwˈej.ɾʊ
ba·ca·mar·te,"nome masculino",ba.ka.mˈaɾ.tʃi
ba·ca·na,adjetivo,ba.kˈə.nə
ba·ca·nal,"nome masculino",ba.ka.nˈaw
ba·ca·nal,adjetivo,ba.ka.nˈaw
ba·ca·nal,"nome feminino",ba.ka.nˈaw
ba·ca·no,"nome masculino",ba.kˈə.nʊ
ba·ca·no,adjetivo,ba.kˈə.nʊ
ba·can·te,"nome feminino",ba.kˈə̃.tʃi
ba·can·te,adjetivo,ba.kˈə̃.tʃi
ba·ca·rá,"nome masculino",ba.ka.ɾˈa
ba·ce·lar,verbo,ba.se.lˈa
ba·ce·lo,"nome masculino",ba.sˈe.lʊ
ba·cha·rel,"nome masculino",ba.ʃa.ɾˈɛw
ba·cha·re·la·do,"nome masculino",ba.ʃa.ɾe.lˈa.dʊ
ba·cha·re·la·do,adjetivo,ba.ʃa.ɾe.lˈa.dʊ
ba·cha·re·lar,verbo,ba.ʃa.ɾe.lˈa
ba·cha·re·la·to,"nome masculino",ba.ʃa.ɾe.lˈa.tʊ
ba·cha·ta,"nome feminino",ba.ʃˈa.tə
ba·ci·a,"nome feminino",ba.sˈi.jə
ba·ci·lo,"nome masculino",ba.sˈi.lʊ
ba·ci·o,"nome masculino",ba.sˈi.ʊ
"back· ground","nome masculino",
bac·kup,"nome masculino",
ba·ço,"nome masculino",bˈa.sʊ
ba·ço,adjetivo,bˈa.sʊ
ba·co·ca,"nome feminino",ba.kˈo.kə
ba·co·co,"nome masculino",ba.kˈo.kʊ
ba·co·co,adjetivo,ba.kˈo.kʊ
"ba· con","nome masculino",
ba·con·go,adjetivo,ba.kˈõ.gʊ
ba·con·go,"nome masculino",ba.kˈõ.gʊ
ba·co·ni·a·no,adjetivo,ba.ko.njˈə.nʊ
ba·co·ra·da,"nome feminino",ba.ko.ɾˈa.də
ba·co·ri·nho,"nome masculino",ba.ko.ɾˈi.ɲʊ
bá·co·ro,"nome masculino",bˈa.ko.ɾʊ
"bac·té·ri· a","nome feminino",ba.ki.tˈɛ.ɾjə
bac·te·ri·al,adjetivo,ba.ki.te.ɾjˈaw
bac·te·ri·a·no,adjetivo,ba.ki.te.ɾjˈə.nʊ
bac·te·ri·ci·da,adjetivo,ba.ki.te.ɾi.sˈi.də
bac·te·ri·o·lo·gi·a,"nome feminino",ba.ki.te.ɾi.o.lo.ʒˈi.jə
bac·te·ri·o·lo·gi·ca·men·te,advérbio,ba.ki.te.ɾi.o.lɔ.ʒi.ka.mˈẽj.tʃi
bac·te·ri·o·ló·gi·co,adjetivo,ba.ki.te.ɾi.o.lˈɔ.ʒi.kʊ
bac·te·ri·o·lo·gis·ta,adjetivo,ba.ki.te.ɾi.o.lo.ʒˈis.tə
bac·te·ri·o·lo·gis·ta,"nome masculino",ba.ki.te.ɾi.o.lo.ʒˈis.tə
bac·te·ri·o·lo·gis·ta,"nome feminino",ba.ki.te.ɾi.o.lo.ʒˈis.tə
bá·cu·lo,"nome masculino",bˈa.ku.lʊ
ba·da·gai·o,"nome masculino",ba.da.gˈaj.jʊ
ba·da·la·da,"nome feminino",ba.da.lˈa.də
ba·da·la·do,adjetivo,ba.da.lˈa.dʊ
ba·da·lar,verbo,ba.da.lˈa
ba·da·lho·car,verbo,ba.da.ʎo.kˈa
ba·da·lho·co,adjetivo,ba.da.ʎˈo.kʊ
ba·da·lho·co,"nome masculino",ba.da.ʎˈo.kʊ
ba·da·lo,"nome masculino",ba.dˈa.lʊ
ba·da·me·co,"nome masculino",ba.da.mˈɛ.kʊ
ba·da·na,"nome masculino","ba.dˈə.nə ou ba.dˈə.nə"
ba·da·nar,verbo,ba.da.nˈa
ba·de·jo,"nome masculino",ba.dˈe.ʒʊ
ba·der·na,"nome feminino",ba.dˈɛr.nə
ba·dil,"nome masculino",ba.dʒˈiw
ba·di·o,"nome masculino",ba.dʒˈi.ʊ
ba·di·o,adjetivo,ba.dʒˈi.ʊ
"bad· min· ton","nome masculino",
ba·e·ta,"nome feminino",ba.ˈe.tə
ba·far,verbo,ba.fˈa
ba·fe·ja·do,adjetivo,ba.fe.ʒˈa.dʊ
ba·fe·jar,verbo,ba.fe.ʒˈa
ba·fi·en·to,adjetivo,ba.fi.ˈẽj.tʊ
ba·fi·o,"nome masculino",ba.fˈi.ʊ
ba·fo,"nome masculino",bˈa.fʊ
ba·fo·ra·da,"nome feminino",ba.fo.ɾˈa.də
ba·fo·rar,verbo,ba.fo.ɾˈa
ba·fu·rei·ra,"nome feminino",ba.fu.ɾˈej.ɾə
ba·ga,"nome feminino",bˈa.gə
ba·ga·cei·ra,adjetivo,ba.ga.sˈej.ɾə
ba·ga·cei·ra,"nome feminino",ba.ga.sˈej.ɾə
ba·ga·cei·ro,adjetivo,ba.ga.sˈej.ɾʊ
ba·ga·ço,"nome masculino",ba.gˈa.sʊ
ba·ga·gei·ra,"nome feminino",ba.ga.ʒˈej.ɾə
ba·ga·gei·ro,adjetivo,ba.ga.ʒˈej.ɾʊ
ba·ga·gei·ro,"nome masculino",ba.ga.ʒˈej.ɾʊ
ba·ga·gem,"nome feminino",ba.gˈa.ʒeɲ
ba·ga·nha,"nome feminino",ba.gˈə.ɲə
ba·gar,verbo,ba.gˈa
ba·ga·te·la,"nome feminino",ba.ga.tˈɛ.lə
ba·go,"nome masculino",bˈa.gʊ
ba·go·ei·ra,"nome feminino",ba.gwˈej.ɾə
ba·gre,"nome masculino",bˈa.gɾi
ba·gue·te,"nome feminino",ba.gˈɛ.tʃi
ba·guim,"nome masculino",ba.gˈiɲ
ba·gu·lho,"nome masculino",ba.gˈu.ʎʊ
ba·gun·ça,"nome feminino",ba.gˈũ.sə
ba·gun·ça·da,"nome feminino",ba.gũ.sˈa.də
ba·gun·ça·do,adjetivo,ba.gũ.sˈa.dʊ
ba·gun·çar,verbo,ba.gũ.sˈa
baht,"nome masculino",
ba·í·a,"nome feminino",ba.ˈi.jə
bai·a,"nome feminino",bˈaj.jə
bai·a·na,"nome feminino",baj.ˈə.nə
bai·a·no,adjetivo,baj.ˈə.nʊ
bai·a·no,"nome masculino",baj.ˈə.nʊ
bai·ão,"nome masculino",baj.ˈə̃w
bai·ar,verbo,baj.ˈa
bai·car,verbo,baj.kˈa
bai·la,"nome feminino",bˈaj.lə
bai·la·da,"nome feminino",baj.lˈa.də
bai·la·dei·ra,"nome feminino",baj.la.dˈej.ɾə
bai·la·dei·ro,adjetivo,baj.la.dˈej.ɾʊ
bai·la·do,"nome masculino",baj.lˈa.dʊ
bai·la·dor,"nome masculino",baj.la.dˈoɾ
bai·la·dor,adjetivo,baj.la.dˈoɾ
bai·la·do·ra,"nome feminino",baj.la.dˈo.ɾə
bai·lão,"nome masculino",baj.lˈə̃w
bai·lão,adjetivo,baj.lˈə̃w
bai·lar,verbo,baj.lˈa
bai·la·ri·co,"nome masculino",baj.la.ɾˈi.kʊ
bai·la·ri·na,"nome feminino",baj.la.ɾˈi.nə
bai·la·ri·no,"nome masculino",baj.la.ɾˈi.nʊ
bai·le,"nome masculino",bˈaj.li
bai·li·a,"nome feminino",baj.lˈi.jə
bai·li·o,"nome masculino",baj.lˈi.ʊ
bai·lun·do,adjetivo,baj.lˈũ.dʊ
bai·lun·do,"nome masculino",baj.lˈũ.dʊ
ba·i·nha,"nome feminino",ba.ˈi.ɲə
ba·i·nhar,verbo,ba.i.ɲˈa
ba·i·nha·ri·a,"nome feminino",ba.i.ɲa.ɾˈi.jə
bai·o,adjetivo,bˈaj.jʊ
bai·o·ne·ta,"nome feminino",baj.o.nˈe.tə
bair·ra·di·na,"nome feminino",baj.xa.dʒˈi.nə
bair·ra·di·no,"nome masculino",baj.xa.dʒˈi.nʊ
bair·ra·di·no,adjetivo,baj.xa.dʒˈi.nʊ
bair·ris·mo,"nome masculino",baj.xˈiz.mʊ
bair·ris·ta,"nome feminino",baj.xˈis.tə
bair·ris·ta,"nome masculino",baj.xˈis.tə
bair·ris·ta,adjetivo,baj.xˈis.tə
bair·ro,"nome masculino",bˈaj.xʊ
bai·xa,"nome feminino",bˈaj.ʃə
bai·xa-mar,"nome feminino",bˌaj.ʃə.mˈaɾ
bai·xa·da,"nome feminino",baj.ʃˈa.də
bai·xa·men·te,advérbio,baj.ʃa.mˈẽj.tʃi
bai·xão,"nome masculino",baj.ʃˈə̃w
bai·xar,verbo,baj.ʃˈa
bai·xa·ri·a,"nome feminino",baj.ʃa.ɾˈi.jə
bai·xel,"nome masculino",baj.ʃˈɛw
bai·xe·la,"nome feminino",baj.ʃˈɛ.lə
bai·xe·za,"nome feminino",baj.ʃˈe.zə
bai·xi·nho,adjetivo,baj.ʃˈi.ɲʊ
bai·xi·nho,advérbio,baj.ʃˈi.ɲʊ
bai·xi·o,"nome masculino",baj.ʃˈi.ʊ
bai·xís·si·mo,adjetivo,baj.ʃˈi.si.mʊ
bai·xis·ta,adjetivo,baj.ʃˈis.tə
bai·xis·ta,"nome masculino",baj.ʃˈis.tə
bai·xis·ta,"nome feminino",baj.ʃˈis.tə
bai·xo,adjetivo,bˈaj.ʃʊ
bai·xo,advérbio,bˈaj.ʃʊ
bai·xo,"nome masculino",bˈaj.ʃʊ
bai·xo-re·le·vo,"nome masculino",bˌaj.ʃʊ.xe.lˈe.vʊ
bai·xo-ven·tre,"nome masculino",bˌaj.ʃʊ.vˈẽj.tɾi
bai·xo·te,"nome masculino",baj.ʃˈɔ.tʃi
bai·xo·te,adjetivo,baj.ʃˈɔ.tʃi
ba·ju·la·ção,"nome feminino",ba.ʒu.la.sˈə̃w
ba·ju·la·dor,"nome masculino",ba.ʒu.la.dˈoɾ
ba·ju·la·dor,adjetivo,ba.ʒu.la.dˈoɾ
ba·ju·la·do·ra,"nome feminino",ba.ʒu.la.dˈo.ɾə
ba·ju·lar,verbo,ba.ʒu.lˈa
ba·la,"nome feminino",bˈa.lə
ba·la·ço,"nome masculino",ba.lˈa.sʊ
ba·la·da,"nome feminino",ba.lˈa.də
ba·la·do,"nome masculino",ba.lˈa.dʊ
ba·la·do,adjetivo,ba.lˈa.dʊ
ba·lai·o,"nome masculino",ba.lˈaj.jʊ
ba·la·lai·ca,"nome feminino",ba.la.lˈaj.kə
ba·lan·ça,"nome feminino",ba.lˈə̃.sə
ba·lan·ça·do,"nome masculino",ba.lə̃.sˈa.dʊ
ba·lan·ça·do,adjetivo,ba.lə̃.sˈa.dʊ
ba·lan·çar,verbo,ba.lə̃.sˈa
ba·lan·cé,"nome masculino",ba.lə̃.sˈɛ
ba·lan·ce·a·men·to,"nome masculino",ba.lə̃.si.a.mˈẽj.tʊ
ba·lan·ce·ar,verbo,ba.lə̃.si.ˈa
ba·lan·ce·te,"nome masculino",ba.lə̃.sˈe.tʃi
ba·lan·ço,"nome masculino",ba.lˈə̃.sʊ
ba·lan·co,"nome masculino",ba.lˈə̃.kʊ
ba·lan·ta,adjetivo,ba.lˈə̃.tə
ba·lan·ta,"nome masculino","ba.lˈə̃.tə ou ba.lˈə̃.tə"
ba·lão,"nome masculino",ba.lˈə̃w
ba·lão-son·da,"nome masculino",ba.lˌə̃w.sˈõ.də
ba·lar,verbo,ba.lˈa
ba·las·trar,verbo,ba.las.tɾˈa
ba·las·tro,"nome masculino",ba.lˈas.tɾʊ
ba·la·ta,"nome feminino",ba.lˈa.tə
ba·la·us·tra·da,"nome feminino",ba.la.us.tɾˈa.də
ba·la·us·tra·do,adjetivo,ba.la.us.tɾˈa.dʊ
ba·la·us·trar,verbo,ba.la.us.tɾˈa
ba·la·ús·tre,"nome masculino",ba.la.ˈus.tɾi
"ba·lá·zi· o","nome masculino",ba.lˈa.zjʊ
bal·ba,"nome feminino",bˈaw.bə
bal·bo,"nome masculino",bˈaw.bʊ
bal·bo,adjetivo,bˈaw.bʊ
bal·bo·a,"nome masculino",baw.bˈo.ə
bal·bu·ci·a·do,adjetivo,baw.bu.sjˈa.dʊ
bal·bu·ci·an·te,adjetivo,baw.bu.sjˈə̃.tʃi
bal·bu·ci·an·te·men·te,advérbio,baw.bu.sjə̃.te.mˈẽj.tʃi
bal·bu·ci·ar,verbo,baw.bu.sjˈa
"bal·búr·di· a","nome feminino",baw.bˈuɾ.dʒjə
bal·ça,"nome feminino",bˈaw.sə
bal·câ·ni·co,adjetivo,baw.kˈə.ni.kʊ
bal·cão,"nome masculino",baw.kˈə̃w
bal·ção,"nome masculino",baw.sˈə̃w
bal·co·nis·ta,"nome feminino",baw.ko.nˈis.tə
bal·co·nis·ta,"nome masculino",baw.ko.nˈis.tə
bal·da,"nome masculino",bˈaw.də
bal·da,"nome feminino",bˈaw.də
bal·da·da,"nome feminino",baw.dˈa.də
bal·da·da·men·te,advérbio,baw.da.da.mˈẽj.tʃi
bal·da·do,adjetivo,baw.dˈa.dʊ
bal·dão,"nome masculino",baw.dˈə̃w
bal·da·qui·no,"nome masculino",baw.da.kˈi.nʊ
bal·dar,verbo,baw.dˈa
bal·das,adjetivo,bˈaw.dəs
bal·das,"nome masculino","bˈaw.dəs ou bˈaw.dəs"
bal·de,"nome masculino",bˈaw.dʒi
bal·de·a·ção,"nome feminino",baw.dʒi.a.sˈə̃w
bal·de·ar,verbo,baw.dʒi.ˈa
bal·di·o,adjetivo,baw.dʒˈi.ʊ
bal·di·o,"nome masculino",baw.dʒˈi.ʊ
bal·do,adjetivo,bˈaw.dʊ
bal·dro·ca,"nome feminino",baw.dɾˈɔ.kə
bal·dro·car,verbo,baw.dɾo.kˈa
ba·lé,"nome masculino",ba.lˈɛ
ba·le·a·ção,"nome feminino",ba.li.a.sˈə̃w
ba·le·a·do,adjetivo,ba.li.ˈa.dʊ
ba·le·ar,"nome masculino",ba.li.ˈaɾ
ba·le·ar,verbo,ba.li.ˈa
ba·le·ar,"nome feminino",ba.li.ˈaɾ
ba·le·ar,adjetivo,ba.li.ˈaɾ
ba·le·ei·ra,"nome feminino",ba.le.ˈej.ɾə
ba·le·ei·ro,"nome masculino",ba.le.ˈej.ɾʊ
ba·le·ei·ro,adjetivo,ba.le.ˈej.ɾʊ
ba·lei·a,"nome feminino",ba.lˈej.jə
ba·lei·ro,"nome masculino",ba.lˈej.ɾʊ
ba·lei·zão,"nome masculino",ba.lej.zˈə̃w
ba·le·la,"nome feminino",ba.lˈɛ.lə
ba·les·ti·lha,"nome feminino",ba.les.tʃˈi.ʎə
ba·les·tra,"nome feminino",ba.lˈɛs.tɾə
ba·li·do,"nome masculino",ba.lˈi.dʊ
ba·li·nês,adjetivo,ba.li.nˈes
ba·li·nês,"nome masculino",ba.li.nˈes
ba·li·ne·sa,"nome feminino",ba.li.nˈe.zə
ba·li·o,"nome masculino",ba.lˈi.ʊ
ba·lir,verbo,ba.lˈi
ba·lís·ti·ca,"nome feminino",ba.lˈis.tʃi.kə
ba·lís·ti·co,adjetivo,ba.lˈis.tʃi.kʊ
ba·li·za,"nome feminino",ba.lˈi.zə
ba·li·za·do,adjetivo,ba.li.zˈa.dʊ
ba·li·za·dor,"nome masculino",ba.li.za.dˈoɾ
ba·li·za·dor,adjetivo,ba.li.za.dˈoɾ
ba·li·za·gem,"nome feminino",ba.li.zˈa.ʒeɲ
ba·li·za·men·to,"nome masculino",ba.li.za.mˈẽj.tʊ
ba·li·zar,verbo,ba.li.zˈa
"bal· let","nome masculino",
bal·ne·ar,adjetivo,baw.ni.ˈaɾ
bal·ne·ar,verbo,baw.ni.ˈa
"bal·ne·á·ri· o",adjetivo,baw.ni.ˈa.ɾjʊ
"bal·ne·á·ri· o","nome masculino",baw.ni.ˈa.ɾjʊ
bal·ne·o·te·ra·pi·a,"nome feminino",baw.ne.o.te.ɾa.pˈi.jə
ba·lo·fo,adjetivo,ba.lˈo.fʊ
ba·loi·çar,verbo,ba.loj.sˈa
ba·loi·ço,"nome masculino",ba.lˈoj.sʊ
ba·lo·na,"nome feminino",ba.lˈo.nə
ba·lo·nis·mo,"nome masculino",ba.lo.nˈiz.mʊ
ba·lo·nis·ta,"nome masculino",ba.lo.nˈis.tə
ba·lo·nis·ta,"nome feminino",ba.lo.nˈis.tə
ba·lou·çar,verbo,ba.lo.sˈa
ba·lou·ço,"nome masculino",ba.lˈo.sʊ
bal·sa,"nome feminino",bˈaw.sə
"bal·sa·má·ri· o","nome masculino",baw.sa.mˈa.ɾjʊ
bal·sâ·mi·co,adjetivo,baw.sˈə.mi.kʊ
bál·sa·mo,"nome masculino",bˈaw.sa.mʊ
bal·sei·ro,"nome masculino",baw.sˈej.ɾʊ
bal·sei·ro,adjetivo,baw.sˈej.ɾʊ
bal·so,"nome masculino",bˈaw.sʊ
bal·tar,adjetivo,baw.tˈaɾ
bál·ti·ca,"nome feminino",bˈaw.tʃi.kə
bál·ti·co,"nome masculino",bˈaw.tʃi.kʊ
bál·ti·co,adjetivo,bˈaw.tʃi.kʊ
ba·lu·ar·te,"nome masculino",ba.lwˈaɾ.tʃi
"ba·lúr·di· o","nome masculino",ba.lˈuɾ.dʒjʊ
bal·za·qui·a·na,"nome feminino",baw.za.kjˈə.nə
bal·za·qui·a·no,"nome masculino",baw.za.kjˈə.nʊ
bal·za·qui·a·no,adjetivo,baw.za.kjˈə.nʊ
bam·ba,adjetivo,bˈə̃.bə
bam·ba,"nome masculino","bˈə̃.bə ou bˈə̃.bə"
bam·bar,verbo,bə̃.bˈa
bam·ba·ra,"nome feminino",bə̃.bˈa.ɾə
bam·ba·ra,"nome masculino",bə̃.bˈa.ɾə
bam·ba·ra,adjetivo,bə̃.bˈa.ɾə
bam·bi·nar,verbo,bə̃.bi.nˈa
bam·bi·no,"nome masculino",bə̃.bˈi.nʊ
bam·bo,adjetivo,bˈə̃.bʊ
bam·bo·ar,verbo,bə̃.bo.ˈa
bam·bo·char,verbo,bə̃.bo.ʃˈa
bam·bo·le·an·te,adjetivo,bə̃.bo.li.ˈə̃.tʃi
bam·bo·le·ar,verbo,bə̃.bo.li.ˈa
bam·bo·lei·o,"nome masculino",bə̃.bo.lˈej.jʊ
bam·bo·li·na,"nome feminino",bə̃.bo.lˈi.nə
bam·bu,"nome masculino",bə̃.bˈu
"bam·búr·ri· o","nome masculino",bə̃.bˈu.xju
ba·nal,adjetivo,ba.nˈaw
ba·na·li·da·de,"nome feminino",ba.na.li.dˈa.dʒi
ba·na·li·za·ção,"nome feminino",ba.na.li.za.sˈə̃w
ba·na·li·zar,verbo,ba.na.li.zˈa
ba·nal·men·te,advérbio,ba.naw.mˈẽj.tʃi
ba·na·na,"nome masculino",ba.nˈə.nə
ba·na·na,"nome feminino",ba.nˈə.nə
ba·na·na,adjetivo,ba.nˈə.nə
ba·na·nal,"nome masculino",ba.na.nˈaw
ba·na·nei·ra,"nome masculino",ba.na.nˈej.ɾə
ba·na·nei·ro,adjetivo,ba.na.nˈej.ɾʊ
ba·na·nei·ro,"nome masculino",ba.na.nˈej.ɾʊ
ba·na·no·sa,"nome feminino",ba.na.nˈɔ.zə
ban·çá,"nome feminino",bə̃.sˈa
ban·ca,"nome feminino",bˈə̃.kə
ban·ca·da,"nome feminino",bə̃.kˈa.də
ban·car,verbo,bə̃.kˈa
"ban·cá·ri· a","nome feminino",bə̃.kˈa.ɾjə
ban·ca·ri·a,"nome feminino",bə̃.ka.ɾˈi.jə
"ban·cá·ri· o",adjetivo,bə̃.kˈa.ɾjʊ
"ban·cá·ri· o","nome masculino",bə̃.kˈa.ɾjʊ
ban·car·ro·ta,"nome feminino",bə̃.ka.xˈo.tə
ban·co,"nome masculino",bˈə̃.kʊ
ban·da,"nome feminino",bˈə̃.də
ban·da,"nome masculino",bˈə̃.də
ban·da·lhei·ra,"nome feminino",bə̃.da.ʎˈej.ɾə
ban·da·lho,"nome masculino",bə̃.dˈa.ʎʊ
ban·dar,verbo,bə̃.dˈa
ban·da·ri·lha,"nome feminino",bə̃.da.ɾˈi.ʎə
ban·da·ri·lhar,verbo,bə̃.da.ɾi.ʎˈa
ban·da·ri·lhei·ro,"nome masculino",bə̃.da.ɾi.ʎˈej.ɾʊ
ban·dar·ra,"nome feminino",bə̃.dˈa.xə
ban·dar·ra,"nome masculino",bə̃.dˈa.xə
ban·dei·ra,"nome feminino",bə̃.dˈej.ɾə
ban·dei·ra·da,"nome feminino",bə̃.dej.ɾˈa.də
ban·dei·ran·te,"nome feminino",bə̃.dej.ɾˈə̃.tʃi
ban·dei·ran·te,adjetivo,bə̃.dej.ɾˈə̃.tʃi
ban·dei·ran·te,"nome masculino",bə̃.dej.ɾˈə̃.tʃi
ban·dei·rar,verbo,bə̃.dej.ɾˈa
ban·dei·ri·nha,"nome feminino",bə̃.dej.ɾˈi.ɲə
ban·dei·ri·nha,"nome masculino",bə̃.dej.ɾˈi.ɲə
ban·dei·ro,adjetivo,bə̃.dˈej.ɾʊ
ban·dei·ro·la,"nome feminino",bə̃.dej.ɾˈɔ.lə
ban·de·ja,"nome feminino",bə̃.dˈe.ʒə
ban·de·jar,verbo,bə̃.de.ʒˈa
ban·di·do,"nome masculino",bə̃.dʒˈi.dʊ
ban·di·do,adjetivo,bə̃.dʒˈi.dʊ
ban·di·tis·mo,"nome masculino",bə̃.dʒi.tʃˈiz.mʊ
ban·do,"nome masculino",bˈə̃.dʊ
ban·dó,"nome masculino",bə̃.dˈɔ
ban·do·la,"nome feminino",bə̃.dˈɔ.lə
ban·do·lei·ra,"nome feminino",bə̃.do.lˈej.ɾə
ban·do·lei·ro,"nome masculino",bə̃.do.lˈej.ɾʊ
ban·do·le·te,"nome feminino",bə̃.do.lˈe.tʃi
ban·do·lim,"nome masculino",bə̃.do.lˈiɲ
ban·do·li·nis·ta,"nome feminino",bə̃.do.li.nˈis.tə
ban·do·li·nis·ta,"nome masculino",bə̃.do.li.nˈis.tə
ban·du·lho,"nome masculino",bə̃.dˈu.ʎʊ
ban·ga,"nome feminino",bˈə̃.gə
ban·go,adjetivo,bˈə̃.gʊ
ban·go,"nome masculino",bˈə̃.gʊ
ban·gue,"nome masculino",bə̃.gˈi
ban·gué,adjetivo,bə̃.gˈɛ
ban·gué,"nome feminino",bə̃.gˈɛ
ban·guê,"nome masculino",bə̃.gˈe
ban·gué,"nome masculino",bə̃.gˈɛ
ban·gue·la,adjetivo,bə̃.gˈɛ.lə
ba·nha,"nome feminino",bˈə.ɲə
ba·nha·do,adjetivo,ba.ɲˈa.dʊ
ba·nhar,verbo,ba.ɲˈa
ba·nhei·ra,"nome feminino",ba.ɲˈej.ɾə
ba·nhei·ro,"nome masculino",ba.ɲˈej.ɾʊ
ba·nhis·ta,"nome feminino",ba.ɲˈis.tə
ba·nhis·ta,"nome masculino",ba.ɲˈis.tə
ba·nho,"nome masculino",bˈə.ɲʊ
ba·nho-ma·ri·a,"nome masculino",bˌə.ɲʊ.ma.ɾˈi.jə
ba·nhos,"nome masculino",bˈə.ɲʊs
ba·ni·da,"nome feminino",ba.nˈi.də
ba·ni·do,"nome masculino",ba.nˈi.dʊ
ba·ni·men·to,"nome masculino",ba.ni.mˈẽj.tʊ
ba·nir,verbo,ba.nˈi
ban·ja,"nome feminino",bˈə̃.ʒə
ban·jo,"nome masculino",bˈə̃.ʒʊ
ban·jo·ís·ta,"nome masculino","bə̃.ʒwˈis.tə ou bə̃.ʒwˈis.tə"
ban·jo·ís·ta,adjetivo,bə̃.ʒwˈis.tə
ban·quei·ro,"nome masculino",bə̃.kˈej.ɾʊ
ban·que·ta,"nome feminino",bə̃.kˈe.tə
ban·que·te,"nome masculino",bə̃.kˈe.tʃi
ban·que·te·ar,verbo,bə̃.ke.tʃi.ˈa
ban·ta,"nome feminino",bˈə̃.tə
ban·to,adjetivo,bˈə̃.tʊ
ban·to,"nome masculino",bˈə̃.tʊ
ba·ny·a·mu·len·ge,adjetivo,ba.nja.mu.lˈẽj.ʒi
ba·nya·mu·len·ge,"nome masculino",ba.nja.mu.lˈẽj.ʒi
ban·za,"nome feminino",bˈə̃.zə
ban·za·do,adjetivo,bə̃.zˈa.dʊ
ban·zão,"nome masculino",bə̃.zˈə̃w
ban·zar,verbo,bə̃.zˈa
ban·zé,"nome masculino",bə̃.zˈɛ
ban·zo,"nome masculino",bˈə̃.zʊ
ban·zo,adjetivo,bˈə̃.zʊ
ba·o·bá,"nome masculino",ba.o.bˈa
bap·tis·mal,adjetivo,ba.pi.tʃiz.mˈaw
bap·tis·mo,"nome masculino",ba.pi.tʃˈiz.mʊ
bap·tis·ta,adjetivo,ba.pi.tʃˈis.tə
bap·tis·ta,"nome masculino","ba.pi.tʃˈis.tə ou ba.pi.tʃˈis.tə"
ba·que,"nome masculino",bˈa.ki
ba·que·a·do,adjetivo,ba.ki.ˈa.dʊ
ba·que·ar,verbo,ba.ki.ˈa
ba·que·li·te,"nome feminino",ba.ke.lˈi.tʃi
ba·que·ta,"nome feminino",ba.kˈe.tə
ba·que·tar,verbo,ba.ke.tˈa
ba·qui·ca·men·te,advérbio,ba.ki.ka.mˈẽj.tʃi
bá·qui·co,adjetivo,bˈa.ki.kʊ
bar,"nome masculino",bˈaɾ
ba·ra·ça,"nome feminino",ba.ɾˈa.sə
ba·ra·cha,"nome feminino",ba.ɾˈa.ʃə
ba·ra·char,verbo,ba.ɾa.ʃˈa
ba·ra·ço,"nome masculino",ba.ɾˈa.sʊ
ba·ra·fun·da,"nome feminino",ba.ɾa.fˈũ.də
ba·ra·fun·di·do,adjetivo,ba.ɾa.fũ.dʒˈi.dʊ
ba·ra·fus·ta,"nome feminino",ba.ɾa.fˈus.tə
ba·ra·fus·tar,verbo,ba.ɾa.fus.tˈa
ba·ra·lha,"nome feminino",ba.ɾˈa.ʎə
ba·ra·lha·da,"nome feminino",ba.ɾa.ʎˈa.də
ba·ra·lha·do,adjetivo,ba.ɾa.ʎˈa.dʊ
ba·ra·lhar,verbo,ba.ɾa.ʎˈa
ba·ra·lho,"nome masculino",ba.ɾˈa.ʎʊ
ba·rão,"nome masculino",ba.ɾˈə̃w
ba·ra·ta,"nome feminino",ba.ɾˈa.tə
ba·ra·ta·men·te,advérbio,ba.ɾa.ta.mˈẽj.tʃi
ba·ra·tar,verbo,ba.ɾa.tˈa
ba·ra·tei·ra,"nome feminino",ba.ɾa.tˈej.ɾə
ba·ra·tei·ro,"nome masculino",ba.ɾa.tˈej.ɾʊ
ba·ra·tei·ro,adjetivo,ba.ɾa.tˈej.ɾʊ
ba·ra·te·za,"nome feminino",ba.ɾa.tˈe.zə
ba·ra·ti·nar,verbo,ba.ɾa.tʃi.nˈa
ba·ra·ti·nha,"nome feminino",ba.ɾa.tʃˈi.ɲə
ba·ra·to,advérbio,ba.ɾˈa.tʊ
ba·ra·to,adjetivo,ba.ɾˈa.tʊ
ba·ra·to,"nome masculino",ba.ɾˈa.tʊ
bar·ba,"nome feminino",bˈaɾ.bə
bar·ba-a·zul,"nome masculino",bˌaɾ.bə.a.zˈuw
bar·ba·cã,"nome feminino",baɾ.ba.kˈə̃
bar·ba·da,"nome feminino",baɾ.bˈa.də
bar·ba·di·nho,adjetivo,baɾ.ba.dʒˈi.ɲʊ
bar·ba·di·nho,"nome masculino",baɾ.ba.dʒˈi.ɲʊ
bar·ba·do,adjetivo,baɾ.bˈa.dʊ
bar·ba·do,"nome masculino",baɾ.bˈa.dʊ
bar·ban·te,"nome masculino",baɾ.bˈə̃.tʃi
bar·bar,verbo,baɾ.bˈa
bár·ba·ra,"nome feminino",bˈaɾ.ba.ɾə
bar·ba·ra·men·te,advérbio,baɾ.ba.ɾa.mˈẽj.tʃi
bar·ba·ri·da·de,"nome feminino",baɾ.ba.ɾi.dˈa.dʒi
"bar·bá·ri· e","nome feminino",baɾ.bˈa.ɾi
bar·ba·ris·mo,"nome masculino",baɾ.ba.ɾˈiz.mʊ
bár·ba·ro,"nome masculino",bˈaɾ.ba.ɾʊ
bár·ba·ro,adjetivo,bˈaɾ.ba.ɾʊ
bar·bas,"nome masculino","bˈaɾ.bəs ou bˈaɾ.bəs"
bar·ba·ta·na,"nome feminino",baɾ.ba.tˈə.nə
bar·ba·tar,verbo,baɾ.ba.tˈa
bar·ba·to,adjetivo,baɾ.bˈa.tʊ
bar·ba·to,"nome masculino",baɾ.bˈa.tʊ
bar·be·ar,verbo,baɾ.bi.ˈa
bar·be·a·ri·a,"nome feminino",baɾ.bi.a.ɾˈi.jə
"bar· be· cue","nome feminino",
bar·bei·ro,"nome masculino",baɾ.bˈej.ɾʊ
bar·bei·to,"nome masculino",baɾ.bˈej.tʊ
bar·be·la,"nome feminino",baɾ.bˈɛ.lə
bar·be·lar,verbo,baɾ.be.lˈa
bar·bi·cha,"nome feminino",baɾ.bˈi.ʃə
bar·bi·chas,"nome masculino",baɾ.bˈi.ʃəs
bar·bi·lon·go,adjetivo,baɾ.bi.lˈõ.gʊ
bar·bi·tú·ri·co,adjetivo,baɾ.bi.tˈu.ɾi.kʊ
bar·bo,"nome masculino",bˈaɾ.bʊ
bar·bo·ti·na,"nome feminino",baɾ.bo.tʃˈi.nə
bar·bu·da,"nome feminino",baɾ.bˈu.də
bar·bu·do,"nome masculino",baɾ.bˈu.dʊ
bar·bu·do,adjetivo,baɾ.bˈu.dʊ
bar·ca,"nome feminino",bˈaɾ.kə
bar·ça,"nome feminino",bˈaɾ.sə
bar·ca·ça,"nome feminino",baɾ.kˈa.sə
bar·ca·ro·la,"nome feminino",baɾ.ka.ɾˈɔ.lə
bar·ce·len·se,adjetivo,baɾ.se.lˈẽj.si
bar·ce·len·se,"nome masculino",baɾ.se.lˈẽj.si
bar·ce·len·se,"nome feminino",baɾ.se.lˈẽj.si
bar·ce·lo·nês,"nome masculino",baɾ.se.lo.nˈes
bar·ce·lo·nês,adjetivo,baɾ.se.lo.nˈes
bar·ce·lo·ne·sa,"nome feminino",baɾ.se.lo.nˈe.zə
bar·co,"nome masculino",bˈaɾ.kʊ
bar·co-pa·tru·lha,"nome masculino",bˌaɾ.kʊ.pa.tɾˈu.ʎə
bar·da,"nome feminino",bˈaɾ.də
bar·da·mer·da,"nome masculino","baɾ.da.mˈɛɾ.də ou baɾ.da.mˈɛɾ.də"
bar·da·mer·das,"nome feminino",baɾ.da.mˈɛɾ.dəs
bar·da·mer·das,"nome masculino",baɾ.da.mˈɛɾ.dəs
bar·dar,verbo,baɾ.dˈa
bar·do,"nome masculino",bˈaɾ.dʊ
bar·ga,"nome feminino",bˈaɾ.gə
bar·ga·nha,"nome feminino",baɾ.gˈə.ɲə
bar·ga·nhar,verbo,baɾ.ga.ɲˈa
ba·ril,advérbio,ba.ɾˈiw
ba·ril,"nome masculino","ba.ɾˈiw ou ba.ɾˈiw"
ba·ril,adjetivo,ba.ɾˈiw
"bá·ri· o","nome masculino",bˈa.ɾjʊ
ba·rí·to·no,"nome masculino",ba.ɾˈi.to.nʊ
bar·la·ven·to,"nome masculino",bax.la.vˈẽj.tʊ
"bar· man","nome masculino",
barn,"nome masculino",
ba·ro·me·tri·ca·men·te,advérbio,ba.ɾo.mɛ.tɾi.ka.mˈẽj.tʃi
ba·ro·mé·tri·co,adjetivo,ba.ɾo.mˈɛ.tɾi.kʊ
ba·rô·me·tro,"nome masculino",ba.ɾˈo.me.tɾʊ
ba·ró·me·tro,"nome masculino",ba.ɾˈɔ.me.tɾʊ
ba·ro·na,"nome feminino",ba.ɾˈo.nə
ba·ro·na·to,"nome masculino",ba.ɾo.nˈa.tʊ
ba·ro·ne·sa,"nome feminino",ba.ɾo.nˈe.zə
ba·ro·ne·te,"nome masculino",ba.ɾo.nˈe.tʃi
ba·ro·ni·a,"nome feminino",ba.ɾo.nˈi.jə
bar·quei·ro,"nome masculino",baɾ.kˈej.ɾʊ
bar·que·ta,"nome feminino",baɾ.kˈe.tə
bar·qui·lho,"nome masculino",baɾ.kˈi.ʎʊ
bar·qui·nha,"nome feminino",baɾ.kˈi.ɲə
bar·qui·nhen·se,adjetivo,baɾ.ki.ɲˈẽj.si
bar·qui·nhen·se,"nome masculino","baɾ.ki.ɲˈẽj.si ou baɾ.ki.ɲˈẽj.si"
bar·ra,"nome masculino",bˈa.xə
bar·ra,"nome feminino",bˈa.xə
bar·ra·ca,"nome feminino",ba.xˈa.kə
bar·ra·cão,"nome masculino",ba.xa.kˈə̃w
bar·ra·co,"nome masculino",ba.xˈa.kʊ
bar·ra·cu·da,"nome feminino",ba.xa.kˈu.də
bar·ra·do,adjetivo,ba.xˈa.dʊ
bar·ra·gem,"nome feminino",ba.xˈa.ʒeɲ
bar·ral,"nome masculino",ba.xˈaw
bar·ra·men·to,"nome masculino",ba.xa.mˈẽj.tʊ
bar·ran·ca,"nome feminino",ba.xˈə̃.kə
bar·ran·co,"nome masculino",ba.xˈə̃.kʊ
bar·ra·nha,"nome feminino",ba.xˈə.ɲə
bar·ra·nhão,"nome masculino",ba.xa.ɲˈə̃w
bar·ra·nhar,verbo,ba.xa.ɲˈa
bar·ran·que·nha,"nome feminino",ba.xə̃.kˈe.ɲə
bar·ran·que·nho,adjetivo,ba.xə̃.kˈe.ɲʊ
bar·ran·que·nho,"nome masculino",ba.xə̃.kˈe.ɲʊ
bar·ra·quei·ro,adjetivo,ba.xa.kˈej.ɾʊ
bar·ra·quei·ro,"nome masculino",ba.xa.kˈej.ɾʊ
bar·rar,verbo,ba.xˈa
bar·re·do,"nome masculino",ba.xˈe.dʊ
bar·rei·ra,"nome feminino",ba.xˈej.ɾə
bar·rei·rar,verbo,ba.xej.ɾˈa
bar·rei·ren·se,"nome feminino",ba.xej.ɾˈẽj.si
bar·rei·ren·se,adjetivo,ba.xej.ɾˈẽj.si
bar·rei·ren·se,"nome masculino",ba.xej.ɾˈẽj.si
bar·rei·ro,"nome masculino",ba.xˈej.ɾʊ
bar·re·la,"nome feminino",ba.xˈɛ.lə
bar·re·nar,verbo,ba.xe.nˈa
bar·re·no,"nome masculino",ba.xˈe.nʊ
bar·ren·to,adjetivo,ba.xˈẽj.tʊ
bar·re·ta,"nome feminino",ba.xˈe.tə
bar·re·te,"nome masculino",ba.xˈe.tʃi
bar·re·ti·na,"nome feminino",ba.xe.tʃˈi.nə
bar·ri·ca,"nome feminino",ba.xˈi.kə
bar·ri·ca·da,"nome feminino",ba.xi.kˈa.də
bar·ri·car,verbo,ba.xi.kˈa
bar·ri·ga,"nome feminino",ba.xˈi.gə
bar·ri·ga·da,"nome feminino",ba.xi.gˈa.də
bar·ri·ga·na,"nome masculino","ba.xi.gˈə.nə ou ba.xi.gˈə.nə"
bar·ri·ga·na,adjetivo,ba.xi.gˈə.nə
bar·ri·gu·da,"nome feminino",ba.xi.gˈu.də
bar·ri·gu·do,adjetivo,ba.xi.gˈu.dʊ
bar·ri·gu·do,"nome masculino",ba.xi.gˈu.dʊ
bar·ril,"nome masculino",ba.xˈiw
bar·ri·nha,"nome feminino",ba.xˈi.ɲə
bar·rir,verbo,ba.xˈi
bar·ris·ta,"nome masculino","ba.xˈis.tə ou ba.xˈis.tə"
bar·ro,"nome masculino",bˈa.xʊ
bar·ro·ca,"nome feminino",ba.xˈo.kə
bar·ro·cal,"nome masculino",ba.xo.kˈaw
bar·ro·cão,"nome masculino",ba.xo.kˈə̃w
bar·ro·co,"nome masculino",ba.xˈo.kʊ
bar·ro·co,adjetivo,ba.xˈo.kʊ
bar·ro·quis·mo,"nome masculino",ba.xo.kˈiz.mʊ
bar·ro·sã,"nome feminino",ba.xo.zˈə̃
bar·ro·são,"nome masculino",ba.xo.zˈə̃w
bar·ro·são,adjetivo,ba.xo.zˈə̃w
bar·ro·sis·ta,adjetivo,ba.xo.zˈis.tə
bar·ro·so,"nome masculino",ba.xˈo.zʊ
bar·ro·so,adjetivo,ba.xˈo.zʊ
bar·ro·tar,verbo,ba.xo.tˈa
bar·ro·te,"nome masculino",ba.xˈɔ.tʃi
bar·to·lo·meu,"nome masculino",baɾ.to.lo.mˈew
ba·ru·lhar,verbo,ba.ɾu.ʎˈa
ba·ru·lhei·ra,"nome feminino",ba.ɾu.ʎˈej.ɾə
ba·ru·lhei·ro,adjetivo,ba.ɾu.ʎˈej.ɾʊ
ba·ru·lhen·to,adjetivo,ba.ɾu.ʎˈẽj.tʊ
ba·ru·lho,"nome masculino",ba.ɾˈu.ʎʊ
ba·sal,adjetivo,ba.zˈaw
ba·sál·ti·co,adjetivo,ba.zˈaw.tʃi.kʊ
ba·sal·to,"nome masculino",ba.zˈaw.tʊ
ba·sar,verbo,ba.zˈa
bas·ba·que,"nome masculino",baz.bˈa.ki
bas·ba·que,"nome feminino",baz.bˈa.ki
bas·ca,"nome feminino",bˈas.kə
bas·co,adjetivo,bˈas.kʊ
bas·co,"nome masculino",bˈas.kʊ
bás·cu·la,"nome feminino",bˈas.ku.lə
bas·cu·lan·te,adjetivo,bas.ku.lˈə̃.tʃi
ba·se,"nome feminino",bˈa.zi
ba·se·a·do,adjetivo,ba.zi.ˈa.dʊ
ba·se·ar,verbo,ba.zi.ˈa
ba·se·ar,adjetivo,ba.zi.ˈaɾ
ba·se·bol,"nome masculino",ba.ze.bˈɔw
ba·ses,"nome feminino",bˈa.zis
ba·si·ca·men·te,advérbio,ba.zi.ka.mˈẽj.tʃi
bá·si·co,"nome masculino",bˈa.zi.kʊ
bá·si·co,adjetivo,bˈa.zi.kʊ
ba·si·lar,adjetivo,ba.zi.lˈaɾ
ba·sí·li·ca,"nome feminino",ba.zˈi.li.kə
ba·si·li·cal,adjetivo,ba.zi.li.kˈaw
ba·sí·li·co,"nome masculino",ba.zˈi.li.kʊ
ba·si·lis·co,"nome masculino",ba.zi.lˈis.kʊ
bas·que·te,"nome masculino",bas.kˈɛ.tʃi
bas·que·te·bol,"nome masculino",bas.ke.te.bˈɔw
bas·que·te·bo·lis·ta,"nome feminino",bas.ke.te.bo.lˈis.tə
bas·que·te·bo·lis·ta,"nome masculino",bas.ke.te.bo.lˈis.tə
bas·que·te·bo·lís·ti·co,adjetivo,bas.ke.te.bo.lˈis.tʃi.kʊ
bas·se,adjetivo,bˈa.si
bas·ta,"nome feminino",bˈas.tə
bas·ta·men·te,advérbio,bas.ta.mˈẽj.tʃi
bas·tan·te,adjetivo,bas.tˈə̃.tʃi
bas·tan·te,"nome masculino",bas.tˈə̃.tʃi
bas·tan·te,pronome,bas.tˈə̃.tʃi
bas·tan·te,artigo,bas.tˈə̃.tʃi
bas·tan·te,advérbio,bas.tˈə̃.tʃi
bas·tan·te·men·te,advérbio,bas.tə̃.te.mˈẽj.tʃi
bas·tão,adjetivo,bas.tˈə̃w
bas·tão,"nome masculino",bas.tˈə̃w
bas·tar,verbo,bas.tˈa
bas·tar·da,"nome feminino",bas.tˈaɾ.də
bas·tar·di·a,"nome feminino",bas.taɾ.dʒˈi.jə
bas·tar·di·nho,"nome masculino",bas.taɾ.dʒˈi.ɲʊ
bas·tar·do,adjetivo,bas.tˈaɾ.dʊ
bas·tar·do,"nome masculino",bas.tˈaɾ.dʊ
bas·ti·ão,"nome masculino",bas.tʃi.ˈə̃w
bas·ti·da,"nome feminino",bas.tʃˈi.də
bas·ti·dor,"nome masculino",bas.tʃi.dˈoɾ
bas·ti·lha,"nome feminino",bas.tʃˈi.ʎə
bas·ti·o,"nome masculino",bas.tʃˈi.ʊ
bas·tir,verbo,bas.tʃˈi
bas·to,adjetivo,bˈas.tʊ
bas·to,"nome masculino",bˈas.tʊ
bas·to,advérbio,bˈas.tʊ
bas·to·na·da,"nome feminino",bas.to.nˈa.də
"bas·to·ná·ri· a","nome feminino",bas.to.nˈa.ɾjə
"bas·to·ná·ri· o","nome masculino",bas.to.nˈa.ɾjʊ
bas·tos,"nome masculino",bˈas.tʊs
ba·ta,"nome feminino",bˈa.tə
ba·ta·lha,"nome feminino",ba.tˈa.ʎə
ba·ta·lha·do,adjetivo,ba.ta.ʎˈa.dʊ
ba·ta·lha·dor,adjetivo,ba.ta.ʎa.dˈoɾ
ba·ta·lha·dor,"nome masculino",ba.ta.ʎa.dˈoɾ
ba·ta·lha·do·ra,"nome feminino",ba.ta.ʎa.dˈo.ɾə
ba·ta·lhão,"nome masculino",ba.ta.ʎˈə̃w
ba·ta·lhar,verbo,ba.ta.ʎˈa
ba·ta·lhen·se,"nome feminino",ba.ta.ʎˈẽj.si
ba·ta·lhen·se,adjetivo,ba.ta.ʎˈẽj.si
ba·ta·lhen·se,"nome masculino",ba.ta.ʎˈẽj.si
ba·ta·lho,"nome masculino",ba.tˈa.ʎʊ
ba·tar·da,"nome feminino",ba.tˈaɾ.də
ba·ta·ri·a,"nome feminino",ba.ta.ɾˈi.jə
ba·ta·ta,"nome feminino",ba.tˈa.tə
ba·ta·ta-do·ce,"nome feminino",ba.tˌa.tə.dˈo.si
ba·ta·ta-se·men·te,"nome feminino",ba.tˌa.tə.se.mˈẽj.tʃi
ba·ta·ta·da,"nome feminino",ba.ta.tˈa.də
ba·ta·tal,"nome masculino",ba.ta.tˈaw
ba·ta·tei·ra,"nome feminino",ba.ta.tˈej.ɾə
ba·ta·tei·ro,"nome masculino",ba.ta.tˈej.ɾʊ
ba·ta·tei·ro,adjetivo,ba.ta.tˈej.ɾʊ
ba·ta·ti·nha,"nome feminino",ba.ta.tʃˈi.ɲə
ba·tá·vi·co,adjetivo,ba.tˈa.vi.kʊ
ba·te,"nome masculino",bˈa.tʃi
ba·te-bo·ca,"nome masculino",bˌa.tʃi.bˈo.kə
ba·te-cha·pa,"nome masculino",bˌa.tʃi.ʃˈa.pə
ba·te-cha·pas,"nome masculino",bˌa.tʃi.ʃˈa.pəs
ba·te-pa·po,"nome masculino",bˌa.tʃi.pˈa.pʊ
ba·te·ar,verbo,ba.tʃi.ˈa
ba·te·dei·ra,"nome feminino",ba.te.dˈej.ɾə
ba·te·dor,"nome masculino",ba.te.dˈoɾ
ba·te·dor,adjetivo,ba.te.dˈoɾ
ba·te·do·ra,"nome feminino",ba.te.dˈo.ɾə
bá·te·ga,"nome feminino",bˈa.te.gə
ba·tei·a,"nome feminino",ba.tˈej.jə
ba·tei·ra,"nome feminino",ba.tˈej.ɾə
ba·tei·ro,adjetivo,ba.tˈej.ɾʊ
ba·tel,"nome masculino",ba.tˈɛw
ba·te·la·da,"nome feminino",ba.te.lˈa.də
ba·te·lão,"nome masculino",ba.te.lˈə̃w
ba·ten·te,adjetivo,ba.tˈẽj.tʃi
ba·ten·te,"nome masculino",ba.tˈẽj.tʃi
ba·ter,verbo,ba.tˈe
ba·te·ri·a,"nome feminino",ba.te.ɾˈi.jə
ba·te·ris·ta,"nome feminino",ba.te.ɾˈis.tə
ba·te·ris·ta,"nome masculino",ba.te.ɾˈis.tə
ba·ti·da,"nome feminino",ba.tʃˈi.də
ba·ti·do,"nome masculino",ba.tʃˈi.dʊ
ba·ti·do,adjetivo,ba.tʃˈi.dʊ
ba·ti·men·to,"nome masculino",ba.tʃi.mˈẽj.tʊ
ba·ti·mé·tri·co,adjetivo,ba.tʃi.mˈɛ.tɾi.kʊ
ba·ti·na,"nome feminino",ba.tʃˈi.nə
ba·ti·que,"nome masculino",ba.tʃˈi.ki
ba·tis·mo,"nome masculino",ba.tʃˈiz.mʊ
ba·tis·ta,"nome feminino",ba.tʃˈis.tə
ba·tis·ta,"nome masculino",ba.tʃˈis.tə
ba·tis·ta,adjetivo,ba.tʃˈis.tə
"ba·tis·té·ri· o","nome masculino",ba.tʃis.tˈɛ.ɾjʊ
ba·ti·za·do,"nome masculino","ba.tʃi.zˈa.dʊ ou ba.tʃi.zˈa.dʊ"
ba·ti·za·do,adjetivo,"ba.tʃi.zˈa.dʊ ou ba.tʃi.zˈa.dʊ"
ba·ti·zan·do,"nome masculino",ba.tʃi.zˈə̃.dʊ
ba·ti·zar,verbo,"ba.tʃi.zˈa ou ba.tʃi.zˈa"
ba·ti·zo,"nome masculino",ba.tʃˈi.zʊ
ba·to,"nome masculino",bˈa.tʊ
ba·to·ca,"nome feminino",ba.tˈɔ.kə
ba·to·car,verbo,ba.to.kˈa
ba·tom,"nome masculino",ba.tˈõ
"bâ· ton","nome masculino",
ba·to·que,"nome masculino",ba.tˈɔ.ki
ba·to·ta,"nome feminino",ba.tˈɔ.tə
ba·to·tar,verbo,ba.to.tˈa
ba·to·tei·ra,"nome feminino",ba.to.tˈej.ɾə
ba·to·tei·ro,"nome masculino",ba.to.tˈej.ɾʊ
ba·to·tei·ro,adjetivo,ba.to.tˈej.ɾʊ
"ba·trá·qui· o","nome masculino",ba.tɾˈa.kjʊ
"ba·trá·qui· o",adjetivo,ba.tɾˈa.kjʊ
ba·tu·ca·da,"nome feminino",ba.tu.kˈa.də
ba·tu·car,verbo,ba.tu.kˈa
ba·tu·que,"nome masculino",ba.tˈu.ki
ba·tu·ta,adjetivo,ba.tˈu.tə
ba·tu·ta,"nome masculino",ba.tˈu.tə
ba·tu·ta,"nome feminino",ba.tˈu.tə
ba·ú,"nome masculino",ba.ˈʊ
baud,"nome masculino",
bau·de·lai·ri·a·no,adjetivo,bo.de.laj.ɾjˈə.nʊ
bau·ni·lha,"nome feminino",baw.nˈi.ʎə
bau·xi·te,"nome feminino",baw.ʃˈi.tʃi
bá·va·ra,"nome feminino",bˈa.va.ɾə
bá·va·ro,adjetivo,bˈa.va.ɾʊ
bá·va·ro,"nome masculino",bˈa.va.ɾʊ
"ba· va· roi· se","nome feminino",
ba·za,"nome feminino",bˈa.zə
ba·zar,"nome masculino",ba.zˈaɾ
ba·zar,verbo,ba.zˈa
"ba·zó·fi· a","nome feminino","ba.zˈɔ.fjə ou ba.zˈɔ.fjə"
"ba·zó·fi· o",adjetivo,ba.zˈɔ.fjʊ
ba·zu·ca,"nome feminino",ba.zˈu.kə
bê,"nome masculino",bˈe
bê-á-'bá,"nome masculino",bẽj.ˌa.bˈa
be·a·fa·da,"nome masculino","bi.a.fˈa.də ou bi.a.fˈa.də"
be·a·fa·da,adjetivo,bi.a.fˈa.də
be·ar·nês,"nome masculino",bi.ar.nˈes
be·ar·nês,adjetivo,bi.ar.nˈes
be·a·ta,"nome feminino",bi.ˈa.tə
be·a·ta·men·te,advérbio,bi.a.ta.mˈẽj.tʃi
"be·a·té·ri· o","nome masculino",bi.a.tˈɛ.ɾjʊ
be·a·ti·ce,"nome feminino",bi.a.tʃˈi.si
be·a·ti·fi·ca·ção,"nome feminino",bi.a.tʃi.fi.ka.sˈə̃w
be·a·ti·fi·ca·do,adjetivo,bi.a.tʃi.fi.kˈa.dʊ
be·a·ti·fi·ca·men·te,advérbio,bi.a.tʃi.fi.ka.mˈẽj.tʃi
be·a·ti·fi·car,verbo,bi.a.tʃi.fi.kˈa
be·a·tí·fi·co,adjetivo,bi.a.tʃˈi.fi.kʊ
be·a·ti·tu·de,"nome feminino",bi.a.tʃi.tˈu.dʒi
be·a·to,adjetivo,bi.ˈa.tʊ
be·a·to,"nome masculino",bi.ˈa.tʊ
bê·ba·da,"nome feminino",bˈe.ba.də
bê·ba·do,"nome masculino",bˈe.ba.dʊ
bê·ba·do,adjetivo,bˈe.ba.dʊ
be·bas,"nome feminino",bˈe.bəs
be·bê,"nome feminino",be.bˈe
be·bé,"nome feminino",bɛ.bˈɛ
be·bé,"nome masculino",bɛ.bˈɛ
be·bé,adjetivo,bɛ.bˈɛ
be·bê,"nome masculino",be.bˈe
be·bê,adjetivo,be.bˈe
be·bê-pro·ve·ta,"nome masculino",be.bˌe.pɾo.vˈe.tə
be·bé-pro·ve·ta,"nome masculino",bɛ.bˌɛ.pɾo.vˈe.tə
bê·be·da,"nome feminino",bˈe.be.də
be·be·da·men·te,advérbio,be.be.da.mˈẽj.tʃi
be·be·dei·ra,"nome feminino",be.be.dˈej.ɾə
bê·be·do,adjetivo,bˈe.be.dʊ
bê·be·do,"nome masculino",bˈe.be.dʊ
be·be·dor,"nome masculino",be.be.dˈoɾ
be·be·dor,adjetivo,be.be.dˈoɾ
be·be·do·ra,"nome feminino",be.be.dˈo.ɾə
be·be·dou·ro,"nome masculino",be.be.dˈo.ɾʊ
be·ber,verbo,be.bˈe
be·ber,"nome masculino",be.bˈe
be·be·ra·gem,"nome feminino",be.be.ɾˈa.ʒeɲ
be·be·rar,verbo,be.be.ɾˈa
be·be·re·te,"nome masculino",be.be.ɾˈe.tʃi
be·be·ri·car,verbo,be.be.ɾi.kˈa
be·ber·rão,"nome masculino",be.be.xˈə̃w
be·ber·ri·ca,"nome masculino","be.be.xˈi.kə ou be.be.xˈi.kə"
be·ber·ri·car,verbo,be.be.xi.kˈa
be·bes,"nome masculino",bˈe.bis
be·bi·a·no,"nome masculino",be.bjˈə.nʊ
be·bi·a·no,adjetivo,be.bjˈə.nʊ
be·bi·da,"nome feminino",be.bˈi.də
be·bi·do,adjetivo,be.bˈi.dʊ
be·bí·vel,adjetivo,be.bˈi.vew
be·ça,"nome feminino",bˈɛ.sə
be·ca,"nome masculino",bˈɛ.kə
be·ca,"nome feminino",bˈɛ.kə
be·cha·mel,"nome masculino",be.ʃa.mˈɛw
be·co,"nome masculino",bˈe.kʊ
bec·que·rel,"nome masculino",
be·del,"nome masculino",be.dˈɛw
be·de·lhar,verbo,be.de.ʎˈa
be·de·lho,"nome masculino",be.dˈe.ʎʊ
be·de·li·a,"nome feminino",be.de.lˈi.jə
be·du·í·na,"nome feminino",be.dwˈi.nə
be·du·í·no,"nome masculino",be.dwˈi.nʊ
be·du·í·no,adjetivo,be.dwˈi.nʊ
be·dum,"nome masculino",be.dˈũ
"bee· per","nome masculino",
"bee· tho· ve·ni·a·no",adjetivo,be.to.ve.njˈə.nʊ
be·ge,adjetivo,bˈɛ.ʒi
be·ge,"nome masculino",bˈɛ.ʒi
"be·gó·ni· a","nome feminino",be.gˈɔ.njə
"be·gô·ni· a","nome feminino",be.gˈo.njə
be·gum,"nome feminino",be.gˈũ
be·ha·vi·o·ris·mo,"nome masculino",bi.a.vi.o.ɾˈiz.mʊ
bei,"nome masculino",bˈej
bei·ci·nho,"nome masculino",bej.sˈi.ɲʊ
bei·ço,"nome masculino",bˈej.sʊ
bei·ja,"nome feminino",bˈej.ʒə
bei·ja-flor,"nome masculino",bˌej.ʒə.flˈoɾ
bei·ja-mão,"nome masculino",bˌej.ʒə.mˈə̃w
bei·ja·do,adjetivo,bej.ʒˈa.dʊ
bei·jar,verbo,bej.ʒˈa
bei·ji·nho,"nome masculino",bej.ʒˈi.ɲʊ
bei·jo,"nome masculino",bˈej.ʒʊ
bei·jo·ca,"nome feminino",bej.ʒˈɔ.kə
bei·jo·car,verbo,bej.ʒo.kˈa
bei·jo·quei·ro,adjetivo,bej.ʒo.kˈej.ɾʊ
bei·jo·quei·ro,"nome masculino",bej.ʒo.kˈej.ɾʊ
bei·ra,"nome feminino",bˈej.ɾə
bei·rã,"nome feminino",bej.ɾˈə̃
bei·ra-mar,"nome feminino",bˌej.ɾə.mˈaɾ
bei·ra-ri·o,"nome feminino",bˌej.ɾə.xˈi.ʊ
bei·ra·da,"nome feminino",bej.ɾˈa.də
bei·ra·do,"nome masculino",bej.ɾˈa.dʊ
bei·ral,"nome masculino",bej.ɾˈaw
bei·rão,"nome masculino",bej.ɾˈə̃w
bei·rão,adjetivo,bej.ɾˈə̃w
bei·rar,verbo,bej.ɾˈa
bei·ren·se,"nome masculino","bej.ɾˈẽj.si ou bej.ɾˈẽj.si"
bei·ren·se,adjetivo,bej.ɾˈẽj.si
bei·ri·nha,"nome feminino",bej.ɾˈi.ɲə
be·jen·se,adjetivo,be.ʒˈẽj.si
be·jen·se,"nome masculino","be.ʒˈẽj.si ou be.ʒˈẽj.si"
bel,adjetivo,bˈɛw
bel,"nome masculino",bˈɛw
bel-pra·zer,"nome masculino",bˌɛw.pɾa.zˈeɾ
be·la,"nome feminino",bˈɛ.lə
be·la·do·na,"nome feminino",bɛ.la.dˈo.nə
be·la·men·te,advérbio,bɛ.la.mˈẽj.tʃi
be·las-ar·tes,"nome feminino",bˌɛ.la.zˈaɾ.tʃis
be·las-le·tras,"nome feminino",bˌɛ.las.lˈe.tɾəs
bel·chi·or,"nome masculino",bɛw.ʃi.ˈɔɾ
bel·da·de,"nome feminino",bew.dˈa.dʒi
bel·dro·e·ga,"nome feminino",bew.dɾwˈɛ.gə
be·lém,"nome masculino",be.lˈeɲ
be·le·nen·se,"nome masculino",be.le.nˈẽj.si
be·le·nen·se,adjetivo,be.le.nˈẽj.si
be·le·nen·se,"nome feminino",be.le.nˈẽj.si
be·le·za,"nome feminino",be.lˈe.zə
bel·fo,adjetivo,bˈɛw.fʊ
bel·ga,adjetivo,bˈɛw.gə
bel·ga,"nome masculino",bˈɛw.gə
bel·ga,"nome feminino",bˈɛw.gə
bél·gi·co,adjetivo,bˈɛw.ʒi.kʊ
be·lho,"nome masculino",bˈe.ʎʊ
be·li·ca·men·te,advérbio,bɛ.li.ka.mˈẽj.tʃi
be·li·che,"nome masculino",be.lˈi.ʃi
be·li·cis·mo,"nome masculino",be.li.sˈiz.mʊ
be·li·cis·ta,"nome masculino",be.li.sˈis.tə
be·li·cis·ta,adjetivo,be.li.sˈis.tə
be·li·cis·ta,"nome feminino",be.li.sˈis.tə
bé·li·co,adjetivo,bˈɛ.li.kʊ
be·li·co·sa·men·te,advérbio,be.li.kɔ.za.mˈẽj.tʃi
be·li·co·si·da·de,"nome feminino",be.li.ko.zi.dˈa.dʒi
be·li·co·so,adjetivo,be.li.kˈo.zʊ
"be·li·ge·rân·ci· a","nome feminino",be.li.ʒe.ɾˈə̃.sjə
be·li·ge·ran·te,"nome masculino",be.li.ʒe.ɾˈə̃.tʃi
be·li·ge·ran·te,"nome feminino",be.li.ʒe.ɾˈə̃.tʃi
be·li·ge·ran·te,adjetivo,be.li.ʒe.ɾˈə̃.tʃi
"be·li·sá·ri· o","nome masculino",be.li.zˈa.ɾjʊ
"be·li·sá·ri· o",adjetivo,be.li.zˈa.ɾjʊ
be·lis·ca,"nome feminino",be.lˈis.kə
be·lis·ca·do,adjetivo,be.lis.kˈa.dʊ
be·lis·ca·du·ra,"nome feminino",be.lis.ka.dˈu.ɾə
be·lis·cão,"nome masculino",be.lis.kˈə̃w
be·lis·car,verbo,be.lis.kˈa
be·lis·co,"nome masculino",be.lˈis.kʊ
be·lís·si·mo,adjetivo,be.lˈi.si.mʊ
be·lo,"nome masculino",bˈɛ.lʊ
be·lo,adjetivo,bˈɛ.lʊ
bel·tra·no,"nome masculino",bew.tɾˈə.nʊ
bel·trão,"nome masculino",bew.tɾˈə̃w
be·lu·ga,"nome feminino",be.lˈu.gə
bel·ve·der,"nome masculino",bew.ve.dˈeɾ
bel·ve·de·re,"nome masculino",bew.ve.dˈe.ɾi
bel·ver,"nome masculino",bew.vˈeɾ
bel·ver·de,"nome masculino",bew.vˈeɾ.dʒi
bem,"nome masculino",bˈeɲ
bem,adjetivo,bˈeɲ
bem,advérbio,bˈeɲ
bem-a·ma·do,"nome masculino",bˌeɲ.a.mˈa.dʊ
bem-a·ma·do,adjetivo,bˌeɲ.a.mˈa.dʊ
bem-a·ven·tu·ra·da,"nome feminino",bˌeɲ.a.vẽ.tu.ɾˈa.də
bem-a·ven·tu·ra·da·men·te,advérbio,bˌeɲ.a.vẽ.tu.ɾa.da.mˈẽj.tʃi
bem-a·ven·tu·ra·do,adjetivo,bˌeɲ.a.vẽ.tu.ɾˈa.dʊ
bem-a·ven·tu·ra·do,"nome masculino",bˌeɲ.a.vẽ.tu.ɾˈa.dʊ
bem-a·ven·tu·ran·ça,"nome feminino",bˌeɲ.a.vẽ.tu.ɾˈə̃.sə
bem-a·ven·tu·rar,verbo,bˌẽja.vẽ.tu.ɾˈa
bem-bom,"nome masculino",bˌeɲ.bˈõ
bem-com·por·ta·do,adjetivo,bˌeɲ.kõ.poɾ.tˈa.dʊ
bem-dis·pos·to,adjetivo,bˌeɲ.dʒis.pˈos.tʊ
bem-di·zer,verbo,bˌeɲ.dʒi.zˈe
bem-e·du·ca·do,adjetivo,bˌeɲ.e.du.kˈa.dʊ
bem-es·tar,"nome masculino",bˌeɲ.is.tˈaɾ
bem-fa·lan·te,adjetivo,bˌeɲ.fa.lˈə̃.tʃi
bem-fa·zer,"nome masculino",bˌeɲ.fa.zˈeɾ
bem-fa·zer,verbo,bˌeɲ.fa.zˈe
bem-fei·to,adjetivo,bˌeɲ.fˈej.tʊ
bem-hu·mo·ra·do,adjetivo,bˌeɲ.u.mo.ɾˈa.dʊ
bem-in·ten·ci·o·na·do,adjetivo,bˌeɲ.ĩ.tẽ.si.o.nˈa.dʊ
bem-me-quer,"nome masculino",bˌeɲ.mi.kˈɛɾ
bem-pa·re·ci·do,adjetivo,bˌeɲ.pa.ɾe.sˈi.dʊ
bem-que·rer,"nome masculino",bˌeɲ.ke.ɾˈeɾ
bem-que·rer,verbo,bˌeɲ.ke.ɾˈe
bem-vin·do,adjetivo,bˌeɲ.vˈĩ.dʊ
bem-vis·to,adjetivo,bˌeɲ.vˈis.tʊ
bem·ba,"nome feminino",bˈẽj.bə
be·mol,"nome masculino",be.mˈɔw
be·na·ven·ten·se,adjetivo,be.na.vẽ.tˈẽj.si
be·na·ven·ten·se,"nome masculino","be.na.vẽ.tˈẽj.si ou be.na.vẽ.tˈẽj.si"
bên·ção,"nome feminino",bˈẽj.sə̃w
"bench· mar· king","nome masculino",
ben·di·to,"nome masculino",bẽ.dʒˈi.tʊ
ben·di·to,adjetivo,bẽ.dʒˈi.tʊ
ben·di·zer,verbo,bẽ.dʒi.zˈe
be·ne·dic·tus,"nome masculino",
be·ne·di·ti·na,"nome feminino",be.ne.dʒi.tʃˈi.nə
be·ne·di·ti·no,"nome masculino",be.ne.dʒi.tʃˈi.nʊ
be·ne·di·ti·no,adjetivo,be.ne.dʒi.tʃˈi.nʊ
be·ne·fi·ca·men·te,advérbio,be.nɛ.fi.ka.mˈẽj.tʃi
"be·ne·fi·cên·ci· a","nome feminino",be.ne.fi.sˈẽj.sjə
be·ne·fi·cen·te,adjetivo,be.ne.fi.sˈẽj.tʃi
be·ne·fi·ci·a·ção,"nome feminino",be.ne.fi.sja.sˈə̃w
be·ne·fi·ci·a·da,"nome feminino",be.ne.fi.sjˈa.də
be·ne·fi·ci·a·do,adjetivo,be.ne.fi.sjˈa.dʊ
be·ne·fi·ci·a·do,"nome masculino",be.ne.fi.sjˈa.dʊ
be·ne·fi·ci·a·dor,adjetivo,be.ne.fi.sja.dˈoɾ
be·ne·fi·ci·a·dor,"nome masculino",be.ne.fi.sja.dˈoɾ
be·ne·fi·ci·ar,verbo,be.ne.fi.sjˈa
"be·ne·fi·ci·á·ri· a","nome feminino",be.ne.fi.sjˈa.ɾjə
"be·ne·fi·ci·á·ri· o","nome masculino",be.ne.fi.sjˈa.ɾjʊ
"be·ne·fi·ci·á·ri· o",adjetivo,be.ne.fi.sjˈa.ɾjʊ
"be·ne·fí·ci· o","nome masculino",be.ne.fˈi.sjʊ
be·né·fi·co,adjetivo,be.nˈɛ.fi.kʊ
"be·ne·me·rên·ci· a","nome feminino",be.ne.me.ɾˈẽj.sjə
be·ne·me·ren·te,adjetivo,be.ne.me.ɾˈẽj.tʃi
be·ne·me·ren·te,"nome feminino",be.ne.me.ɾˈẽj.tʃi
be·ne·me·ren·te,"nome masculino",be.ne.me.ɾˈẽj.tʃi
be·ne·mé·ri·ta,"nome feminino",be.ne.mˈɛ.ɾi.tə
be·ne·me·ri·ta·men·te,advérbio,be.ne.mɛ.ɾi.ta.mˈẽj.tʃi
be·ne·mé·ri·to,adjetivo,be.ne.mˈɛ.ɾi.tʊ
be·ne·mé·ri·to,"nome masculino",be.ne.mˈɛ.ɾi.tʊ
be·ne·plá·ci·to,"nome masculino",be.ne.plˈa.si.tʊ
be·nes·se,"nome feminino",be.nˈɛ.si
be·ne·vo·la·men·te,advérbio,be.nɛ.vo.la.mˈẽj.tʃi
"be·ne·vo·lên·ci· a","nome feminino",be.ne.vo.lˈẽj.sjə
be·ne·vo·len·te,adjetivo,be.ne.vo.lˈẽj.tʃi
be·ne·vo·len·te·men·te,advérbio,be.ne.vo.lẽ.te.mˈẽj.tʃi
be·né·vo·lo,adjetivo,be.nˈɛ.vo.lʊ
ben·fa·ze·jo,adjetivo,bẽ.fa.zˈe.ʒʊ
ben·fei·tor,"nome masculino",bẽ.fej.tˈoɾ
ben·fei·tor,adjetivo,bẽ.fej.tˈoɾ
ben·fei·to·ra,"nome feminino",bẽ.fej.tˈo.ɾə
ben·fei·to·ri·a,"nome feminino",bẽ.fej.to.ɾˈi.jə
ben·fi·quis·ta,adjetivo,bẽ.fi.kˈis.tə
ben·fi·quis·ta,"nome masculino","bẽ.fi.kˈis.tə ou bẽ.fi.kˈis.tə"
ben·ga·la,adjetivo,bẽɲ.gˈa.lə
ben·ga·la,"nome masculino",bẽɲ.gˈa.lə
ben·ga·la,"nome feminino",bẽɲ.gˈa.lə
ben·ga·la·da,"nome feminino",bẽ.ga.lˈa.də
ben·ga·lei·ro,"nome masculino",bẽ.ga.lˈej.ɾʊ
ben·ga·li,"nome feminino",bẽ.ga.lˈi
ben·ga·li,"nome masculino",bẽ.ga.lˈi
ben·ga·li,adjetivo,bẽ.ga.lˈi
ben·ga·li·nha,"nome feminino",bẽ.ga.lˈi.ɲə
ben·gue·la,"nome feminino",bẽɲ.gˈɛ.lə
ben·gue·la,adjetivo,bẽɲ.gˈɛ.lə
ben·gue·la,"nome masculino",bẽɲ.gˈɛ.lə
ben·gue·len·se,adjetivo,bẽ.ge.lˈẽj.si
ben·gue·len·se,"nome masculino","bẽ.ge.lˈẽj.si ou bẽ.ge.lˈẽj.si"
be·nig·na·men·te,advérbio,be.ni.gə.na.mˈẽj.tʃi
be·nig·ni·da·de,"nome feminino",be.ni.gi.ni.dˈa.dʒi
be·nig·no,adjetivo,be.nˈi.gə.nʊ
ben·ja·mim,"nome masculino",bẽ.ʒa.mˈiɲ
ben·que·ren·ça,"nome feminino",bẽ.ke.ɾˈẽj.sə
ben·quis·tar,verbo,bẽ.kis.tˈa
ben·quis·to,adjetivo,bẽ.kˈis.tʊ
ben·ta,"nome feminino",bˈẽj.tə
ben·to,"nome masculino",bˈẽj.tʊ
ben·to,adjetivo,bˈẽj.tʊ
ben·tos,"nome masculino",bˈẽj.tʊs
ben·ze·du·ra,"nome feminino",bẽ.ze.dˈu.ɾə
ben·ze·no,"nome masculino",bẽ.zˈe.nʊ
ben·zer,verbo,bẽ.zˈe
ben·zi·do,adjetivo,bẽ.zˈi.dʊ
ben·zi·na,"nome feminino",bẽ.zˈi.nə
ben·zo·di·a·ze·pi·na,"nome feminino",bẽ.zo.dʒja.ze.pˈi.nə
ben·zoi·co,adjetivo,bẽ.zˈɔj.kʊ
ben·zol,"nome masculino",bẽ.zˈɔw
ben·zo·pi·re·no,"nome masculino",bẽ.zo.pi.ɾˈe.nʊ
be·que,"nome masculino",bˈɛ.ki
be·ra,adjetivo,bˈɛ.ɾə
ber·be·quim,"nome masculino",beɾ.be.kˈiɲ
ber·be·re,adjetivo,beɾ.bˈɛ.ɾi
ber·be·re,"nome masculino",beɾ.bˈɛ.ɾi
ber·be·re,"nome feminino",beɾ.bˈɛ.ɾi
ber·bi·ca·cho,"nome masculino",beɾ.bi.kˈa.ʃʊ
ber·bi·gão,"nome masculino",beɾ.bi.gˈə̃w
ber·ça,"nome feminino",bˈeɾ.sə
"ber·çá·ri· o","nome masculino",beɾ.sˈa.ɾjʊ
ber·ço,"nome masculino",bˈeɾ.sʊ
ber·ga·mas·co,adjetivo,beɾ.ga.mˈas.kʊ
ber·ga·mas·co,"nome masculino",beɾ.ga.mˈas.kʊ
ber·ga·mo·ta,"nome feminino",beɾ.ga.mˈɔ.tə
ber·gan·tim,"nome masculino",beɾ.gə̃.tʃˈiɲ
be·ri·bé·ri,"nome masculino",bɛ.ɾi.bˈɛ.ɾi
"be·rí·li· o","nome masculino",be.ɾˈi.ljʊ
be·ri·lo,"nome masculino",be.ɾˈi.lʊ
be·rim·bau,"nome masculino",be.ɾĩ.bˈaw
be·rin·ge·la,"nome feminino",be.ɾĩ.ʒˈɛ.lə
ber·lin·da,"nome feminino",bex.lˈĩ.də
ber·lin·de,"nome masculino",bex.lˈĩ.dʒi
ber·li·nen·se,"nome feminino",bex.li.nˈẽj.si
ber·li·nen·se,adjetivo,bex.li.nˈẽj.si
ber·li·nen·se,"nome masculino",bex.li.nˈẽj.si
ber·lo·que,"nome masculino",bex.lˈɔ.ki
ber·ma,"nome feminino",bˈɛɾ.mə
ber·mu·da,"nome feminino",beɾ.mˈu.də
ber·mu·das,"nome feminino",beɾ.mˈu.dəs
ber·nar·da,"nome feminino",ber.nˈaɾ.də
ber·nar·do,"nome masculino",ber.nˈaɾ.dʊ
ber·nar·do,adjetivo,ber.nˈaɾ.dʊ
ber·ne,"nome masculino",bˈɛr.ni
ber·ra,"nome feminino",bˈɛ.xə
ber·ran·te,adjetivo,be.xˈə̃.tʃi
ber·ran·te,"nome masculino",be.xˈə̃.tʃi
ber·ran·te·men·te,advérbio,be.xə̃.te.mˈẽj.tʃi
ber·rão,"nome masculino",be.xˈə̃w
ber·rar,verbo,be.xˈa
ber·ra·ri·a,"nome feminino",be.xa.ɾˈi.jə
ber·rei·ro,"nome masculino",be.xˈej.ɾʊ
ber·ro,"nome masculino",bˈɛ.xʊ
ber·ro·a,"nome feminino",be.xˈo.ə
ber·ti·o·ga,"nome feminino",beɾ.tʃi.ˈɔ.gə
ber·tol·do,"nome masculino",beɾ.tˈow.dʊ
be·sou·rar,verbo,be.zo.ɾˈa
be·sou·ro,"nome masculino",be.zˈo.ɾʊ
"bes·sa·rá·bi· o",adjetivo,be.sa.ɾˈa.bjʊ
"best-sel· ler","nome masculino",
bes·ta,"nome feminino",bˈɛs.tə
bes·ta,adjetivo,bˈes.tə
bes·tar,verbo,bes.tˈa
bes·tei·ra,"nome feminino",bes.tˈej.ɾə
bes·tei·ro,"nome masculino",bes.tˈej.ɾʊ
bes·ti·al,adjetivo,bes.tʃjˈaw
bes·ti·a·li·da·de,"nome feminino",bes.tʃja.li.dˈa.dʒi
bes·ti·a·li·zar,verbo,bes.tʃja.li.zˈa
bes·ti·al·men·te,advérbio,bes.tʃjaw.mˈẽj.tʃi
"bes·ti·á·ri· o","nome masculino",bes.tʃjˈa.ɾjʊ
bes·tun·tar,verbo,bes.tũ.tˈa
bes·tun·to,"nome masculino",bes.tˈũ.tʊ
be·su·go,"nome masculino",be.zˈu.gʊ
be·sun·tar,verbo,be.zũ.tˈa
be·ta,"nome feminino",bˈe.tə
be·ta,"nome masculino",bˈɛ.tə
be·ta·ca·ro·te·no,"nome masculino",bɛ.ta.ka.ɾo.tˈe.nʊ
be·tão,"nome masculino",be.tˈə̃w
be·tar,verbo,be.tˈa
be·ter·ra·ba,"nome feminino",be.te.xˈa.bə
be·tes·ga,"nome feminino",be.tˈez.gə
bé·ti·ca,"nome feminino",bˈɛ.tʃi.kə
bé·ti·co,adjetivo,bˈɛ.tʃi.kʊ
be·ti·nho,adjetivo,bɛ.tʃˈi.ɲʊ
be·ti·nho,"nome masculino",bɛ.tʃˈi.ɲʊ
be·to,adjetivo,bˈɛ.tʊ
be·to,"nome masculino",bˈɛ.tʊ
be·to·na·do,adjetivo,be.to.nˈa.dʊ
be·to·na·gem,"nome feminino",be.to.nˈa.ʒeɲ
be·to·nar,verbo,be.to.nˈa
be·to·nei·ra,"nome feminino",be.to.nˈej.ɾə
bé·tu·la,"nome feminino",bˈɛ.tu.lə
be·tu·mar,verbo,be.tu.mˈa
be·tu·me,"nome masculino",be.tˈu.mi
be·tu·mi·no·so,adjetivo,be.tu.mi.nˈo.zʊ
be·xi·ga,"nome feminino",be.ʃˈi.gə
be·xi·gar,verbo,be.ʃi.gˈa
be·xi·go·so,"nome masculino",be.ʃi.gˈo.zʊ
be·xi·go·so,adjetivo,be.ʃi.gˈo.zʊ
be·za·na,"nome feminino",be.zˈə.nə
be·zer·ra,"nome feminino",be.zˈe.xə
be·zer·ra·da,"nome feminino",be.ze.xˈa.də
be·zer·ro,"nome masculino",be.zˈe.xʊ
bi·a·ba,"nome feminino",bi.ˈa.bə
bi·á·ci·do,"nome masculino",bi.ˈa.si.dʊ
bi·a·fa·da,"nome masculino","bja.fˈa.də ou bja.fˈa.də"
bi·a·fa·da,adjetivo,bja.fˈa.də
bi·a·fren·se,"nome masculino","bja.fɾˈẽj.si ou bja.fɾˈẽj.si"
bi·a·fren·se,adjetivo,bja.fɾˈẽj.si
bi·a·la·do,adjetivo,bi.a.lˈa.dʊ
bi·a·me·ri·ca·no,adjetivo,bi.a.me.ɾi.kˈə.nʊ
bi·an·da,"nome feminino",bjˈə̃.də
bi·an·gu·lar,adjetivo,bi.ə̃.gu.lˈaɾ
bi·a·nu·al,adjetivo,bja.nwˈaw
bi·a·nu·al·men·te,advérbio,"bja.nwaw.mˈẽj.tʃi ou bi.a.nwaw.mˈẽj.tʃi"
bi·ar·ti·cu·la·do,adjetivo,bi.aɾ.tʃi.ku.lˈa.dʊ
bi·a·tô·mi·co,adjetivo,bi.a.tˈo.mi.kʊ
bi·a·tó·mi·co,adjetivo,bi.a.tˈɔ.mi.kʊ
bi·au·ri·cu·lar,adjetivo,bi.aw.ɾi.ku.lˈaɾ
bi·a·xi·al,adjetivo,bi.a.ki.sjˈaw
bi·a·xi·lar,adjetivo,bi.a.ki.si.lˈaɾ
bi·bá·si·co,adjetivo,bi.bˈa.zi.kʊ
bi·be,"nome masculino",bˈi.bi
bi·be·lô,"nome masculino",bi.be.lˈo
"bi· be· lot","nome masculino",
bi·be·rão,"nome masculino",bi.be.ɾˈə̃w
"bí·bli· a","nome feminino",bˈi.bljə
bi·bli·ca·men·te,advérbio,bi.bli.ka.mˈẽj.tʃi
bí·bli·co,adjetivo,bˈi.bli.kʊ
bi·bli·o·fi·li·a,"nome feminino",bi.bli.o.fi.lˈi.jə
bi·bli·ó·fi·lo,"nome masculino",bi.bli.ˈɔ.fi.lʊ
bi·bli·o·gra·fi·a,"nome feminino",bi.bli.o.gɾa.fˈi.jə
bi·bli·o·gra·fi·ca·men·te,advérbio,bi.bli.o.gɾa.fi.ka.mˈẽj.tʃi
bi·bli·o·grá·fi·co,adjetivo,bi.bli.o.gɾˈa.fi.kʊ
bi·bli·ó·gra·fo,"nome masculino",bi.bli.ˈɔ.gɾa.fʊ
bi·bli·o·te·ca,"nome feminino",bi.bli.o.tˈɛ.kə
"bi·bli·o·te·cá·ri· o","nome masculino",bi.bli.o.te.kˈa.ɾjʊ
bi·bli·o·te·co·no·mi·a,"nome feminino",bi.bli.o.te.ko.no.mˈi.jə
bi·blis·ta,"nome masculino","bi.blˈis.tə ou bi.blˈis.tə"
bi·bó,"nome masculino",bi.bˈɔ
bi·bo·ca,"nome feminino",bi.bˈo.kə
bi·ca,"nome feminino",bˈi.kə
bi·ca·ço,"nome masculino",bi.kˈa.sʊ
bi·ca·da,"nome feminino",bi.kˈa.də
bi·ca·do,adjetivo,bi.kˈa.dʊ
bi·cal,"nome feminino",bi.kˈaw
bi·cal,"nome masculino",bi.kˈaw
bi·cal,adjetivo,bi.kˈaw
bi·ca·la·do,"nome masculino",bi.ka.lˈa.dʊ
bi·ca·me,"nome masculino",bi.kˈə.mi
bi·ca·me·ra·lis·mo,"nome masculino",bi.ka.me.ɾa.lˈiz.mʊ
bi·cam·pe·ã,"nome feminino",bi.kə̃.pe.ˈə̃
bi·cam·pe·ão,adjetivo,bi.kə̃.pe.ˈə̃w
bi·cam·pe·ão,"nome masculino",bi.kə̃.pe.ˈə̃w
bi·can·ço,"nome masculino",bi.kˈə̃.sʊ
bi·cão,adjetivo,bi.kˈə̃w
bi·cão,"nome masculino",bi.kˈə̃w
bi·cap·su·lar,adjetivo,bi.ka.pə.su.lˈaɾ
bi·car,verbo,bi.kˈa
bi·ca·rac·te·rís·ti·ca,"nome feminino",bi.ka.ɾa.ki.te.ɾˈis.tʃi.kə
bi·ca·ra·te·rís·ti·ca,"nome feminino",bi.ka.ɾa.te.ɾˈis.tʃi.kə
bi·car·bo·na·do,adjetivo,bi.kaɾ.bo.nˈa.dʊ
bi·car·bo·na·ta·do,adjetivo,bi.kaɾ.bo.na.tˈa.dʊ
bi·car·bo·na·to,"nome masculino",bi.kaɾ.bo.nˈa.tʊ
bi·car·bo·ne·to,"nome masculino",bi.kaɾ.bo.nˈe.tʊ
bi·car·bu·re·to,"nome masculino",bi.kaɾ.bu.ɾˈe.tʊ
bi·ca·to,"nome masculino",bi.kˈa.tʊ
bi·ce·fa·li·a,"nome feminino",bi.se.fa.lˈi.jə
bi·cé·fa·lo,adjetivo,bi.sˈɛ.fa.lʊ
bi·ce·lu·lar,adjetivo,bi.se.lu.lˈaɾ
"bi·cen·te·ná·ri· o","nome masculino",bi.sẽ.te.nˈa.ɾjʊ
"bi·cen·te·ná·ri· o",adjetivo,bi.sẽ.te.nˈa.ɾjʊ
bí·ceps,"nome masculino",bˈi.seps
bi·cha,"nome feminino",bˈi.ʃə
bi·cha·ço,"nome masculino",bi.ʃˈa.sʊ
bi·cha·na,"nome feminino",bi.ʃˈə.nə
bi·cha·nar,verbo,bi.ʃa.nˈa
bi·cha·no,"nome masculino",bi.ʃˈə.nʊ
bi·chão,"nome masculino",bi.ʃˈə̃w
bi·char,verbo,bi.ʃˈa
bi·cha·ra·da,"nome feminino",bi.ʃa.ɾˈa.də
bi·cha·ri·a,"nome feminino",bi.ʃa.ɾˈi.jə
bi·cha·ro·co,"nome masculino",bi.ʃa.ɾˈo.kʊ
bi·chei·ra,"nome feminino",bi.ʃˈej.ɾə
bi·chei·ro,"nome masculino",bi.ʃˈej.ɾʊ
bi·chei·ro,adjetivo,bi.ʃˈej.ɾʊ
bi·che·za,"nome feminino",bi.ʃˈe.zə
bi·chi·ce,"nome feminino",bi.ʃˈi.si
bi·chi·nha,"nome feminino",bi.ʃˈi.ɲə
bi·chi·nho,"nome masculino",bi.ʃˈi.ɲʊ
bi·cho,"nome masculino",bˈi.ʃʊ
"bi·cho de se·te ca·be·ças","nome masculino",bi.ʃʊ.dʒi.sˌɛ.tʃi.ka.bˈe.səs
"bi·cho do ma·to","nome masculino",bˌi.ʃʊ.dʊ.mˈa.tʊ
bi·cho-da-se·da,"nome masculino",bˌi.ʃʊ.də.sˈe.də
bi·cho·ca,"nome feminino",bi.ʃˈɔ.kə
bi·cho·co,"nome masculino",bi.ʃˈo.kʊ
bi·cho·co,adjetivo,bi.ʃˈo.kʊ
bi·cho·so,adjetivo,bi.ʃˈo.zʊ
bi·ci·cle·ta,"nome feminino",bi.si.klˈɛ.tə
bi·ci·clis·mo,"nome masculino",bi.si.klˈiz.mʊ
bi·ci·clis·ta,"nome masculino",bi.si.klˈis.tə
bi·ci·clis·ta,"nome feminino",bi.si.klˈis.tə
bi·ci·clo,"nome masculino",bi.sˈi.klʊ
bi·cir·cu·lar,adjetivo,bi.siɾ.ku.lˈaɾ
bi·co,"nome masculino",bˈi.kʊ
"bi·co de o·bra","nome masculino",bˌi.kʊ.dʒi.ˈɔ.bɾə
"bi·co de pa·to","nome masculino",bˌi.kʊ.dʒi.pˈa.tʊ
bi·co·co,adjetivo,bi.kˈo.kʊ
bi·co·lor,adjetivo,bi.ko.lˈoɾ
bi·con·ca·vi·da·de,"nome feminino",bi.kõ.ka.vi.dˈa.dʒi
bi·côn·ca·vo,adjetivo,bi.kˈõ.ka.vʊ
bi·co·ne,"nome masculino",bi.kˈɔ.ni
bi·có·ni·co,adjetivo,bi.kˈɔ.ni.kʊ
bi·con·ju·ga·do,adjetivo,bi.kõ.ʒu.gˈa.dʊ
bi·con·ve·xo,adjetivo,bi.kõ.vˈɛ.kə.sʊ
bi·cor·co·va·do,adjetivo,bi.koɾ.ko.vˈa.dʊ
bi·cor·ne,"nome masculino",bi.kˈɔr.ni
bi·cor·ne,adjetivo,bi.kˈɔr.ni
"bi·cór·ne· o",adjetivo,bi.kˈɔr.njʊ
bi·co·ro·a·do,adjetivo,bi.ko.ɾo.ˈa.dʊ
"bi·cor·pó·re· o",adjetivo,bi.koɾ.pˈɔ.ɾjʊ
bi·co·ta,"nome feminino",bi.kˈɔ.tə
bi·co·tar,verbo,bi.ko.tˈaɾ
bi·cro·ma·do,adjetivo,bi.kɾo.mˈa.dʊ
bi·cro·mi·a,"nome feminino",bi.kɾo.mˈi.jə
bi·cu·da,"nome feminino",bi.kˈu.də
bi·cu·do,"nome masculino",bi.kˈu.dʊ
bi·cu·do,adjetivo,bi.kˈu.dʊ
bi·da,"nome feminino",bˈi.də
bi·dão,"nome masculino",bi.dˈə̃w
bi·dé,"nome masculino",bi.dˈɛ
bi·dê,"nome masculino",bi.dˈe
bi·den·ta·do,adjetivo,bi.dẽ.tˈa.dʊ
bi·den·te,"nome masculino",bi.dˈẽj.tʃi
bi·des·ti·la·do,adjetivo,bi.des.tʃi.lˈa.dʊ
bi·dex·te·ri·da·de,"nome feminino",bi.des.te.ɾi.dˈa.dʒi
bi·di·gi·ta·do,adjetivo,bi.dʒi.ʒi.tˈa.dʊ
bi·di·men·si·o·nal,adjetivo,bi.dʒi.mẽ.si.o.nˈaw
bi·di·no,"nome masculino",bi.dʒˈi.nʊ
bi·di·no,adjetivo,bi.dʒˈi.nʊ
bi·di·re·ci·o·nal,adjetivo,bi.dʒi.ɾe.si.o.nˈaw
bi·e·la,"nome feminino",bi.ˈɛ.lə
bi·e·lor·rus·sa,"nome feminino",bi.e.lo.xˈu.sə
bi·e·lor·rus·so,adjetivo,bi.e.lo.xˈu.sʊ
bi·e·lor·rus·so,"nome masculino",bi.e.lo.xˈu.sʊ
bi·e·nal,"nome feminino",bi.e.nˈaw
bi·e·nal,adjetivo,bi.e.nˈaw
bi·e·nal·men·te,advérbio,bi.e.naw.mˈẽj.tʃi
bi·e·ne,adjetivo,bi.ˈe.ni
bi·e·ne,"nome masculino",bi.ˈe.ni
"bi·é·ni· o","nome masculino",bi.ˈɛ.njʊ
"bi·ê·ni· o","nome masculino",bi.ˈe.njʊ
bi·es·tá·vel,adjetivo,bi.es.tˈa.vew
bi·es·ti·pu·la·do,adjetivo,bi.es.tʃi.pu.lˈa.dʊ
bi·fa·ci·al,adjetivo,bi.fa.sjˈaw
bi·fa·da,"nome feminino",bi.fˈa.də
bi·fa·lha·da,"nome feminino",bi.fa.ʎˈa.də
bi·fa·na,"nome feminino",bi.fˈə.nə
bi·far,verbo,bi.fˈa
bi·far·pa·do,adjetivo,bi.faɾ.pˈa.dʊ
bi·fe,"nome masculino",bˈi.fi
bi·fei·ra,"nome feminino",bi.fˈej.ɾə
bi·fen·di·do,adjetivo,bi.fẽ.dʒˈi.dʊ
bí·fi·do,adjetivo,bˈi.fi.dʊ
bi·fi·lar,adjetivo,bi.fi.lˈaɾ
bi·fla·ge·la·do,adjetivo,bi.fla.ʒe.lˈa.dʊ
bi·flor,adjetivo,bi.flˈoɾ
bi·fo·cal,adjetivo,bi.fo.kˈaw
bi·fo·li·a·do,adjetivo,bi.fo.ljˈa.dʊ
"bi·fó·li· o",adjetivo,bi.fˈɔ.ljʊ
bi·fron·tal,adjetivo,bi.fɾõ.tˈaw
bi·fron·te,adjetivo,bi.fɾˈõ.tʃi
bi·fur·ca·ção,"nome feminino",bi.fuɾ.ka.sˈə̃w
bi·fur·ca·do,adjetivo,bi.fuɾ.kˈa.dʊ
bi·fur·car,verbo,bi.fuɾ.kˈa
big-bang,"nome masculino",
bi·ga,"nome feminino",bˈi.gə
bi·ga·mi·a,"nome feminino",bi.ga.mˈi.jə
bí·ga·mo,"nome masculino",bˈi.ga.mʊ
bí·ga·mo,adjetivo,bˈi.ga.mʊ
"bi·gê·me· o",adjetivo,bi.ʒˈe.mjʊ
"bi·gé·me· o",adjetivo,bi.ʒˈɛ.mjʊ
bi·ge·mi·na·do,adjetivo,bi.ʒe.mi.nˈa.dʊ
bi·gé·ne·ro,adjetivo,bi.ʒˈɛ.ne.ɾʊ
bi·glan·du·lar,adjetivo,bi.glə̃.du.lˈaɾ
bi·glo·bu·lar,adjetivo,bi.glo.bu.lˈaɾ
bi·go·de,"nome masculino",bi.gˈɔ.dʒi
bi·go·des,"nome masculino",bi.gˈɔ.dʒis
bi·go·di,"nome masculino",bi.gɔ.dʒˈi
bi·go·di·nho,"nome masculino",bi.go.dʒˈi.ɲʊ
bi·gor·na,"nome feminino",bi.gˈɔr.nə
bi·go·ta,"nome feminino",bi.gˈo.tə
bi·ja·gó,adjetivo,bi.ʒa.gˈɔ
bi·ja·gó,"nome masculino","bi.ʒa.gˈɔ ou bi.ʒa.gˈɔ"
"bi· jou","nome masculino",
bi·ju·ta·ri·a,"nome feminino",bi.ʒu.ta.ɾˈi.jə
bi·ju·te·ri·a,"nome feminino",bi.ʒu.te.ɾˈi.jə
"bi· ki· ni","nome masculino",
bi·la,"nome feminino",bˈi.lə
bi·la·bi·a·do,adjetivo,bi.la.bjˈa.dʊ
bi·la·bi·al,"nome feminino",bi.la.bjˈaw
bi·la·bi·al,adjetivo,bi.la.bjˈaw
bi·la·mi·na·do,adjetivo,bi.la.mi.nˈa.dʊ
bi·lar,verbo,bi.lˈa
bi·la·te·ral,adjetivo,bi.la.te.ɾˈaw
bi·la·te·ra·li·da·de,"nome feminino",bi.la.te.ɾa.li.dˈa.dʒi
bi·la·te·ral·men·te,advérbio,"bi.la.te.ɾaw.mˈẽj.tʃi ou bi.la.te.ɾaw.mˈẽj.tʃi"
bil·ba·í·no,"nome masculino",biw.ba.ˈi.nʊ
bil·ba·í·no,adjetivo,biw.ba.ˈi.nʊ
bi·le,"nome feminino",bˈi.li
bi·le·ne,"nome masculino",bi.lˈɛ.ni
bi·lha,"nome feminino",bˈi.ʎə
bi·lhão,"nome masculino",bi.ʎˈə̃w
bi·lhar,"nome masculino",bi.ʎˈaɾ
bi·lhar·da,"nome feminino",bi.ʎˈaɾ.də
bi·lhar·dar,verbo,bi.ʎaɾ.dˈa
bi·lha·ris·ta,adjetivo,bi.ʎa.ɾˈis.tə
bi·lha·ris·ta,"nome masculino","bi.ʎa.ɾˈis.tə ou bi.ʎa.ɾˈis.tə"
bi·lhar·zí·a·se,"nome feminino",bi.ʎaɾ.zˈi.a.zi
bi·lhar·zi·o·se,"nome feminino",bi.ʎaɾ.zi.ˈɔ.zi
bi·lhe·te,"nome masculino",bi.ʎˈe.tʃi
bi·lhe·te-pos·tal,"nome masculino",bi.ʎˌe.tʃi.pos.tˈaw
bi·lhe·tei·ra,"nome feminino",bi.ʎe.tˈej.ɾə
bi·lhe·tei·ro,"nome masculino",bi.ʎe.tˈej.ɾʊ
bi·lhé·ti·ca,"nome feminino",bi.ʎˈɛ.tʃi.kə
bi·lhó,"nome masculino",bi.ʎˈɔ
bi·li·ão,"nome masculino",bi.li.ˈə̃w
bi·li·ar,adjetivo,bi.ljˈaɾ
bi·li·ne·ar,adjetivo,bi.li.ni.ˈaɾ
bi·lin·gue,adjetivo,bi.lˈĩ.gi
bi·lín·gue,adjetivo,bi.lˈĩ.gi
bi·lin·guis·mo,"nome masculino",bi.lĩ.gwˈiz.mʊ
"bi·li·o·ná·ri· a","nome feminino",bi.li.o.nˈa.ɾjə
"bi·li·o·ná·ri· o","nome masculino",bi.li.o.nˈa.ɾjʊ
"bi·li·o·ná·ri· o",adjetivo,bi.li.o.nˈa.ɾjʊ
bi·li·o·né·si·mo,número,"bi.li.o.nˈɛ.zi.mʊ ou bi.li.o.nˈɛ.zi.mʊ"
bi·li·o·sa,"nome feminino",bi.li.ˈɔ.zə
bi·li·o·so,adjetivo,bi.li.ˈo.zʊ
bí·lis,"nome feminino",bˈi.lis
bi·li·te·ral,adjetivo,bi.li.te.ɾˈaw
bi·lo·ca·ção,"nome feminino",bi.lo.ka.sˈə̃w
bi·lon·tra,"nome masculino",bi.lˈõ.tɾə
bi·lo·to,"nome masculino",bi.lˈɔ.tʊ
bil·rar,verbo,biw.rˈa
bil·rei·ro,"nome masculino",biw.rˈej.ɾʊ
bil·ro,"nome masculino",bˈiw.rʊ
bil·tre,"nome masculino",bˈiw.tɾi
bil·tre,adjetivo,bˈiw.tɾi
bi·ma·cu·la·do,adjetivo,bi.ma.ku.lˈa.dʊ
bi·mar·gi·na·do,adjetivo,bi.maɾ.ʒi.nˈa.dʊ
bim·ba,"nome feminino",bˈĩ.bə
bim·ba·lha·da,"nome feminino",bĩ.ba.ʎˈa.də
bim·ba·lhar,verbo,bĩ.ba.ʎˈa
bim·bar,verbo,bĩ.bˈa
bim·bo,"nome masculino",bˈĩ.bʊ
bi·me,"nome masculino",bi.mi
bi·men·sal,adjetivo,bi.mẽ.sˈaw
bi·men·sal·men·te,advérbio,"bi.mẽ.saw.mˈẽj.tʃi ou bi.mẽ.saw.mˈẽj.tʃi"
"bi·men·sá·ri· o","nome masculino",bi.mẽ.sˈa.ɾjʊ
bi·mes·tral,adjetivo,bi.mes.tɾˈaw
bi·mes·tral·men·te,advérbio,bi.mes.tɾaw.mˈẽj.tʃi
bi·mes·tre,adjetivo,bi.mˈɛs.tɾi
bi·mes·tre,"nome masculino",bi.mˈɛs.tɾi
bi·me·tal,"nome masculino",bi.me.tˈaw
bi·me·tá·li·co,adjetivo,bi.me.tˈa.li.kʊ
"bi·mi·le·ná·ri· o","nome masculino",bi.mi.le.nˈa.ɾjʊ
"bi·mi·le·ná·ri· o",adjetivo,bi.mi.le.nˈa.ɾjʊ
"bi·mi·lé·ni· o","nome masculino",bi.mi.lˈɛ.njʊ
bi·mo,adjetivo,bˈi.mʊ
bi·mo·tor,"nome masculino",bi.mo.tˈoɾ
bi·mo·tor,adjetivo,bi.mo.tˈoɾ
bi·na·ção,"nome feminino",bi.na.sˈə̃w
bi·na·do,adjetivo,bi.nˈa.dʊ
bi·nar,verbo,bi.nˈa
bi·na·ri·a·men·te,advérbio,bi.na.ɾja.mˈẽj.tʃi
"bi·ná·ri· o","nome masculino",bi.nˈa.ɾjʊ
"bi·ná·ri· o",adjetivo,bi.nˈa.ɾjʊ
bi·nas·ci·do,adjetivo,bi.na.sˈi.dʊ
bin·da,"nome feminino",bˈĩ.də
bin·go,interjeição,bˈĩ.gʊ
bin·go,"nome masculino",bˈĩ.gʊ
bi·no·cu·lar,adjetivo,bi.nɔ.ku.lˈaɾ
bi·no·cu·lar,verbo,bi.nɔ.ku.lˈa
bi·nó·cu·lo,"nome masculino",bi.nˈɔ.ku.lʊ
bi·no·me,"nome masculino",bi.nˈo.mi
bi·no·mi·nal,adjetivo,bi.no.mi.nˈaw
"bi·nó·mi· o","nome masculino",bi.nˈɔ.mjʊ
"bi·nô·mi· o","nome masculino",bi.nˈo.mjʊ
bi·nor·mal,"nome feminino",bi.noɾ.mˈaw
bi·nor·mal,adjetivo,bi.noɾ.mˈaw
bi·nu·cle·ar,adjetivo,bi.nu.kli.ˈaɾ
bi·o,"nome masculino",bˈi.ʊ
bi·o·a·cu·mu·la·ção,"nome feminino",bi.o.a.ku.mu.la.sˈə̃w
bi·o·bi·bli·o·grá·fi·co,adjetivo,bi.o.bi.bli.o.gɾˈa.fi.kʊ
bi·ob·je·ti·vo,adjetivo,bi.o.bi.ʒe.tʃˈi.vʊ
bi·o·ci·da,adjetivo,bi.o.sˈi.də
bi·o·cli·má·ti·ca,"nome feminino",bi.o.kli.mˈa.tʃi.kə
bi·o·cli·má·ti·co,adjetivo,bi.o.kli.mˈa.tʃi.kʊ
bi·o·co,"nome masculino",bi.ˈo.kʊ
bi·o·com·pa·tí·vel,adjetivo,bi.o.kõ.pa.tʃˈi.vew
bi·o·de·gra·da·ção,"nome feminino",bi.o.de.gɾa.da.sˈə̃w
bi·o·de·gra·dá·vel,adjetivo,bi.o.de.gɾa.dˈa.vew
"bi· o· de· sign","nome masculino",
bi·o·di·nâ·mi·ca,"nome feminino",bi.o.dʒi.nˈə.mi.kə
bi·o·di·ver·si·da·de,"nome feminino",bi.o.dʒi.veɾ.si.dˈa.dʒi
bi·o·e·ner·gé·ti·ca,"nome feminino",bi.o.e.neɾ.ʒˈɛ.tʃi.kə
bi·o·e·ner·gé·ti·co,adjetivo,bi.o.e.neɾ.ʒˈɛ.tʃi.kʊ
bi·o·en·ge·nha·ri·a,"nome feminino",bi.o.ẽ.ʒe.ɲa.ɾˈi.jə
bi·o·es·ta·tís·ti·ca,"nome feminino",bi.o.is.ta.tʃˈis.tʃi.kə
bi·o·es·ta·tís·ti·co,adjetivo,bi.o.is.ta.tʃˈis.tʃi.kʊ
bi·o·é·ti·ca,"nome feminino",bi.o.ˈɛ.tʃi.kə
bi·o·é·ti·co,adjetivo,bi.o.ˈɛ.tʃi.kʊ
bi·o·fí·si·ca,"nome feminino",bi.o.fˈi.zi.kə
bi·o·gás,"nome masculino",bi.o.gˈas
bi·o·ge·né·ti·ca,"nome feminino",bi.o.ʒe.nˈɛ.tʃi.kə
bi·o·ge·né·ti·co,adjetivo,bi.o.ʒe.nˈɛ.tʃi.kʊ
bi·o·gra·fa·do,adjetivo,bi.o.gɾa.fˈa.dʊ
bi·o·gra·fa·do,"nome masculino",bi.o.gɾa.fˈa.dʊ
bi·o·gra·far,verbo,bi.o.gɾa.fˈa
bi·o·gra·fi·a,"nome feminino",bi.o.gɾa.fˈi.jə
bi·o·gra·fi·ca·men·te,advérbio,bi.o.gɾa.fi.ka.mˈẽj.tʃi
bi·o·grá·fi·co,adjetivo,bi.o.gɾˈa.fi.kʊ
bi·o·gra·fis·ta,"nome masculino","bi.o.gɾa.fˈis.tə ou bi.o.gɾa.fˈis.tə"
bi·ó·gra·fo,"nome masculino",bi.ˈɔ.gɾa.fʊ
bi·o·lo·gi·a,"nome feminino",bi.o.lo.ʒˈi.jə
bi·o·lo·gi·ca·men·te,advérbio,bi.o.lɔ.ʒi.ka.mˈẽj.tʃi
bi·o·ló·gi·co,adjetivo,bi.o.lˈɔ.ʒi.kʊ
bi·o·lo·gis·ta,"nome masculino",bi.o.lo.ʒˈis.tə
bi·o·lo·gis·ta,"nome feminino",bi.o.lo.ʒˈis.tə
bi·ó·lo·go,"nome masculino",bi.ˈɔ.lo.gʊ
bi·o·ma,"nome masculino",bi.ˈo.mə
bi·o·mas·sa,"nome feminino",bi.o.mˈa.sə
bi·om·bo,"nome masculino",bi.ˈõ.bʊ
bi·o·me·câ·ni·ca,"nome feminino",bi.o.me.kˈə.ni.kə
bi·o·me·câ·ni·co,adjetivo,bi.o.me.kˈə.ni.kʊ
bi·o·me·câ·ni·co,"nome masculino",bi.o.me.kˈə.ni.kʊ
bi·o·me·di·ci·na,"nome feminino",bi.o.me.dʒi.sˈi.nə
bi·o·mé·di·co,adjetivo,bi.o.mˈɛ.dʒi.kʊ
bi·o·mé·tri·co,adjetivo,bi.o.mˈɛ.tɾi.kʊ
bi·o·mór·fi·co,adjetivo,bi.o.mˈɔɾ.fi.kʊ
bi·ô·ni·co,adjetivo,bi.ˈo.ni.kʊ
bi·ó·ni·co,adjetivo,"bi.ˈɔ.ni.kʊ ou bi.ˈɔ.ni.kʊ"
"bi·óp·si· a","nome feminino",bi.ˈɔ.pi.sjə
bi·op·si·a,"nome feminino",bi.o.pi.sˈi.jə
bi·óp·ti·co,adjetivo,bi.ˈɔ.pi.tʃi.kʊ
bi·o·quí·mi·ca,"nome feminino",bi.o.kˈi.mi.kə
bi·o·quí·mi·co,adjetivo,bi.o.kˈi.mi.kʊ
bi·o·quí·mi·co,"nome masculino",bi.o.kˈi.mi.kʊ
bi·or·rit·mo,"nome masculino",bi.o.xˈi.tə.mʊ
bi·os·fe·ra,"nome feminino",bi.os.fˈɛ.ɾə
bi·o·ta,"nome feminino",bi.ˈɔ.tə
bi·o·tec·no·lo·gi·a,"nome feminino",bi.o.te.kə.no.lo.ʒˈi.jə
bi·o·tec·no·ló·gi·co,adjetivo,bi.o.te.kə.no.lˈɔ.ʒi.kʊ
"bi·o·té·ri· o","nome masculino",bi.o.tˈɛ.ɾjʊ
bi·ó·ti·co,adjetivo,bi.ˈɔ.tʃi.kʊ
bi·ó·ti·po,"nome masculino",bi.ˈɔ.tʃi.pʊ
bi·o·ti·te,"nome feminino",bi.o.tʃˈi.tʃi
bi·ó·to·po,"nome masculino",bi.ˈɔ.to.pʊ
bi·ó·xi·do,"nome masculino",bi.ˈɔ.ki.si.dʊ
bip,"nome masculino",
bi·pa·ri·e·tal,adjetivo,bi.pa.ɾi.e.tˈaw
bi·par·ti·ção,"nome feminino",bi.paɾ.tʃi.sˈə̃w
"bi·par·ti·dá·ri· o",adjetivo,bi.paɾ.tʃi.dˈa.ɾjʊ
bi·par·ti·da·ris·mo,"nome masculino",bi.paɾ.tʃi.da.ɾˈiz.mʊ
bi·par·ti·do,adjetivo,bi.paɾ.tʃˈi.dʊ
bi·par·tir,verbo,bi.paɾ.tʃˈi
bi·pa·ten·te,adjetivo,bi.pa.tˈẽj.tʃi
bi·pé,"nome masculino",bi.pˈɛ
bi·pe,"nome masculino",bˈi.pi
bi·pe·dal,adjetivo,bi.pe.dˈaw
bí·pe·de,adjetivo,bˈi.pe.dʒi
bí·pe·de,"nome masculino","bˈi.pe.dʒi ou bˈi.pe.dʒi"
bi·pe·na·do,adjetivo,bi.pe.nˈa.dʊ
bi·pe·ne,adjetivo,bi.pˈe.ni
bi·pe·ne,"nome feminino",bi.pˈe.ni
bi·per·fu·ra·do,adjetivo,bi.peɾ.fu.ɾˈa.dʊ
bi·pi·ra·mi·dal,adjetivo,bi.pi.ɾa.mi.dˈaw
bi·pi·râ·mi·de,"nome feminino",bi.pi.ɾˈə.mi.dʒi
bi·pla·no,adjetivo,bi.plˈə.nʊ
bi·pla·no,"nome masculino",bi.plˈə.nʊ
bi·po·lar,adjetivo,bi.po.lˈaɾ
bi·po·la·ri·da·de,"nome feminino",bi.po.la.ɾi.dˈa.dʒi
bi·po·la·ri·za·ção,"nome feminino",bi.po.la.ɾi.za.sˈə̃w
bi·po·la·ri·za·do,adjetivo,bi.po.la.ɾi.zˈa.dʊ
bi·po·la·ri·zar,verbo,bi.po.la.ɾi.zˈa
bi·po·ro·so,adjetivo,bi.po.ɾˈo.zʊ
bi·pris·ma,"nome masculino",bi.pɾˈiz.mə
bi·pris·má·ti·co,adjetivo,bi.pɾiz.mˈa.tʃi.kʊ
bi·qua·dra·do,adjetivo,bi.kwa.dɾˈa.dʊ
bi·quart·zo,"nome masculino",bi.kwˈaɾ.tə.zʊ
bi·quei·ra,"nome feminino",bi.kˈej.ɾə
bi·quei·ra·da,"nome feminino",bi.kej.ɾˈa.də
bi·quei·rão,"nome masculino",bi.kej.ɾˈə̃w
bi·quei·ro,adjetivo,bi.kˈej.ɾʊ
bi·qui·nho,"nome masculino",bi.kˈi.ɲʊ
bi·quo·ti·di·a·no,adjetivo,bi.kwo.tʃi.dʒjˈə.nʊ
bir·ban·te,"nome masculino",biɾ.bˈə̃.tʃi
bir·ma·nês,"nome masculino",biɾ.ma.nˈes
bir·ma·nês,adjetivo,biɾ.ma.nˈes
bir·ma·ne·sa,"nome feminino",biɾ.ma.nˈe.zə
birr,"nome masculino",bi.xi
bir·ra,"nome feminino",bˈi.xə
bir·ra·da,"nome feminino",bi.xˈa.də
bir·rar,verbo,bi.xˈa
bir·re,"nome masculino",bˈi.xi
bir·re·a·tor,"nome masculino",bi.xi.a.tˈoɾ
bir·re·a·tor,adjetivo,bi.xi.a.tˈoɾ
bir·re·frac·ção,"nome feminino",bi.xe.fɾa.kə.sˈə̃w
bir·ren·to,adjetivo,bi.xˈẽj.tʊ
bir·ren·to,"nome masculino",bi.xˈẽj.tʊ
bis,advérbio,bˈis
bis,"nome masculino",bˈis
bi·sa·do,adjetivo,bi.zˈa.dʊ
bi·sar,verbo,bi.zˈa
bi·sar·ma,"nome feminino",bi.zˈaɾ.mə
bí·sa·ro,"nome masculino",bˈi.za.ɾʊ
bí·sa·ro,adjetivo,bˈi.za.ɾʊ
bi·sa·vô,"nome masculino",bi.za.vˈo
bi·sa·vó,"nome feminino",bi.za.vˈɔ
bis·bi·lho·tar,verbo,biz.bi.ʎo.tˈa
bis·bi·lho·tei·ro,adjetivo,biz.bi.ʎo.tˈej.ɾʊ
bis·bi·lho·tei·ro,"nome masculino",biz.bi.ʎo.tˈej.ɾʊ
bis·bi·lho·ti·ce,"nome feminino",biz.bi.ʎo.tʃˈi.si
bis·ca,"nome feminino",bˈis.kə
bis·ca·i·nha,"nome feminino",bis.ka.ˈi.ɲə
bis·ca·i·nho,"nome masculino",bis.ka.ˈi.ɲʊ
bis·ca·i·nho,adjetivo,bis.ka.ˈi.ɲʊ
bis·cai·o,adjetivo,bis.kˈaj.jʊ
bis·car,verbo,bis.kˈa
bis·ca·tar,verbo,bis.ka.tˈa
bis·ca·te,"nome masculino",bis.kˈa.tʃi
bis·ca·tei·ro,"nome masculino",bis.ka.tˈej.ɾʊ
bis·co,adjetivo,bˈis.kʊ
bis·coi·tar,verbo,bis.koj.tˈa
bis·coi·to,"nome masculino",bis.kˈoj.tʊ
bi·sel,"nome masculino",bi.zˈɛw
bi·se·la·do,adjetivo,bi.ze.lˈa.dʊ
bi·se·lar,verbo,bi.ze.lˈa
bis·mu·to,"nome masculino",biz.mˈu.tʊ
bis·na·ga,"nome feminino",biz.nˈa.gə
bis·na·gar,verbo,biz.na.gˈa
bis·ne·to,"nome masculino",biz.nˈɛ.tʊ
bi·so·nha·men·te,advérbio,bi.zɔ.ɲa.mˈẽj.tʃi
bi·so·nho,adjetivo,bi.zˈɔ.ɲʊ
bi·son·te,"nome masculino",bi.zˈõ.tʃi
bis·pa·do,"nome masculino",bis.pˈa.dʊ
bis·par,verbo,bis.pˈa
bis·po,"nome masculino",bˈis.pʊ
bis·po-con·de,"nome masculino",bˌis.pʊ.kˈõ.dʒi
bis·sa·pa,"nome feminino",bi.sˈa.pə
bis·se·ção,"nome feminino",bi.se.sˈə̃w
bis·sec·ção,"nome feminino",bi.se.kə.sˈə̃w
bis·sec·triz,"nome feminino",bi.se.tɾˈis
bis·se·cu·lar,adjetivo,bi.se.ku.lˈaɾ
bis·seg·men·ta·ção,"nome feminino",bi.se.gi.mẽ.ta.sˈə̃w
bis·seg·men·tar,verbo,bi.se.gi.mẽ.tˈaɾ
bis·se·ma·nal,adjetivo,bi.se.ma.nˈaw
bis·se·ma·nal·men·te,advérbio,"bi.se.ma.naw.mˈẽj.tʃi ou bi.se.ma.naw.mˈẽj.tʃi"
"bis·se·ma·ná·ri· o","nome masculino",bi.se.ma.nˈa.ɾjʊ
bis·se·mes·tral,adjetivo,bi.se.mes.tɾˈaw
bis·se·mes·tral·men·te,advérbio,bi.se.mes.tɾaw.mˈẽj.tʃi
bis·se·ri·ar,verbo,bi.se.ɾjˈaɾ
bis·se·tor,"nome masculino",bi.se.tˈoɾ
bis·se·tor,adjetivo,bi.se.tˈoɾ
bis·se·triz,"nome feminino",bi.se.tɾˈis
bis·se·xo,adjetivo,bi.sˈɛ.kə.sʊ
bis·sex·to,adjetivo,bi.sˈes.tʊ
bis·sex·to,"nome masculino",bi.sˈes.tʊ
bis·se·xu·a·do,adjetivo,bi.sek.swˈa.dʊ
bis·se·xu·al,"nome masculino",bi.sek.swˈaw
bis·se·xu·al,"nome feminino",bi.sek.swˈaw
bis·se·xu·al,adjetivo,bi.sek.swˈaw
bis·se·xu·a·li·da·de,"nome feminino",bi.sek.swa.li.dˈa.dʒi
bis·se·xu·al·men·te,advérbio,"bi.sek.swaw.mˈẽj.tʃi ou bi.sek.swaw.mˈẽj.tʃi"
bis·si·li·ca·to,"nome masculino",bi.si.li.kˈa.tʊ
bis·sul·ca·do,adjetivo,bi.suw.kˈa.dʊ
bis·sul·co,adjetivo,bi.sˈuw.kʊ
bis·sul·fa·to,"nome masculino",bi.suw.fˈa.tʊ
bis·sul·fi·to,"nome masculino",bi.suw.fˈi.tʊ
bis·sul·fu·re·to,"nome masculino",bi.suw.fu.ɾˈe.tʊ
bis·tu·ri,"nome masculino",bis.tu.ɾˈi
bit,"nome masculino",
bi·tem·po·ral,adjetivo,bi.tẽ.po.ɾˈaw
bit·map,"nome masculino",
bi·to·la,"nome feminino",bi.tˈɔ.lə
bi·to·lar,verbo,bi.to.lˈa
bi·to·nal,adjetivo,bi.to.nˈaw
bi·to·na·li·da·de,"nome feminino",bi.to.na.li.dˈa.dʒi
bi·ton·ga,adjetivo,bi.tˈõ.gə
bi·ton·ga,"nome masculino","bi.tˈõ.gə ou bi.tˈõ.gə"
bi·to·que,"nome masculino",bi.tˈɔ.ki
bi·tran·si·ti·vo,adjetivo,bi.tɾə̃.zi.tʃˈi.vʊ
bi·tri·bu·ta·ção,"nome feminino",bi.tɾi.bu.ta.sˈə̃w
bi·tu,"nome masculino",bi.tˈu
bi·tu·ca,"nome feminino",bi.tˈu.kə
biu·ní·vo·co,adjetivo,bi.u.nˈi.vo.kʊ
bi·va·car,verbo,bi.va.kˈa
"bi·va·lên·ci· a","nome feminino",bi.va.lˈẽj.sjə
bi·va·len·te,"nome masculino",bi.va.lˈẽj.tʃi
bi·va·len·te,adjetivo,bi.va.lˈẽj.tʃi
bi·val·ve,adjetivo,bi.vˈaw.vi
bi·val·ve,"nome masculino",bi.vˈaw.vi
bi·val·vu·lar,adjetivo,bi.vaw.vu.lˈaɾ
bi·va·que,"nome masculino",bi.vˈa.ki
bi·va·ri·á·vel,adjetivo,bi.va.ɾjˈa.vew
bi·ve·no·so,adjetivo,bi.ve.nˈo.zʊ
"bi·vi·á·ri· o",adjetivo,bi.vjˈa.ɾjʊ
"bi·zân·ci· o","nome masculino",bi.zˈə̃.sjʊ
bi·zan·ti·na,"nome feminino",bi.zə̃.tʃˈi.nə
bi·zan·ti·ni·ce,"nome feminino",bi.zə̃.tʃi.nˈi.si
bi·zan·ti·nis·mo,"nome masculino",bi.zə̃.tʃi.nˈiz.mʊ
bi·zan·ti·no,"nome masculino",bi.zə̃.tʃˈi.nʊ
bi·zan·ti·no,adjetivo,bi.zə̃.tʃˈi.nʊ
bi·zar·ra·men·te,advérbio,bi.za.xa.mˈẽj.tʃi
bi·zar·ri·a,"nome feminino",bi.za.xˈi.jə
bi·zar·ri·ce,"nome feminino",bi.za.xˈi.si
bi·zar·ro,adjetivo,bi.zˈa.xʊ
blá-blá-'blá,"nome masculino","blˌa.blˌa.blˈa ou blˌa.blˌa.blˈa"
"blac· kout","nome masculino",
bla·gue,"nome feminino",blˈa.gi
blas·fe·ma,"nome feminino",blas.fˈe.mə
blas·fe·mar,verbo,blas.fe.mˈa
"blas·fe·ma·tó·ri· o",adjetivo,blas.fe.ma.tˈɔ.ɾjʊ
"blas·fé·mi· a","nome feminino",blas.fˈɛ.mjə
"blas·fê·mi· a","nome feminino",blas.fˈe.mjə
blas·fe·mo,adjetivo,blas.fˈe.mʊ
blas·fe·mo,"nome masculino",blas.fˈe.mʊ
blau,"nome masculino",blˈaw
blau,adjetivo,blˈaw
"bla· zer","nome masculino",
ble·fe,"nome masculino",blˈɛ.fi
blen·da,"nome feminino",blˈẽj.də
ble·nor·ra·gi·a,"nome feminino",ble.nɔ.xa.ʒˈi.jə
bli,"nome masculino",blˈi
blin·da·do,adjetivo,blĩ.dˈa.dʊ
blin·da·do,"nome masculino",blĩ.dˈa.dʊ
blin·da·gem,"nome feminino",blĩ.dˈa.ʒeɲ
blin·dar,verbo,blĩ.dˈa
blis·ter,"nome masculino",blis.tˈeɾ
blo·ca·gem,"nome feminino",blo.kˈa.ʒeɲ
blo·car,verbo,blo.kˈa
"block· bus· ter","nome masculino",
blo·co,"nome masculino",blˈɔ.kʊ
blo·que·a·do,adjetivo,blo.ki.ˈa.dʊ
blo·que·a·dor,"nome masculino",blo.ki.a.dˈoɾ
blo·que·a·dor,adjetivo,blo.ki.a.dˈoɾ
blo·que·a·do·ra,"nome feminino",blo.ki.a.dˈo.ɾə
blo·que·an·te,adjetivo,blo.ki.ˈə̃.tʃi
blo·que·ar,verbo,blo.ki.ˈa
blo·quei·o,"nome masculino",blo.kˈej.jʊ
blues,"nome masculino",
bluff,"nome masculino",
blu·sa,"nome feminino",blˈu.zə
blu·são,"nome masculino",blu.zˈə̃w
blush,"nome masculino",
bo·a,"nome feminino",bˈo.ə
bo·a-fé,"nome feminino",bˌo.ə.fˈɛ
bo·a-noi·te,"nome feminino",bˌo.ə.nˈoj.tʃi
bo·a-no·va,"nome feminino",bˌo.ə.nˈɔ.və
bo·a-tar·de,"nome feminino",bˌo.ə.tˈaɾ.dʒi
bo·al,"nome masculino",bo.ˈaw
bo·a·men·te,advérbio,bo.a.mˈẽj.tʃi
bo·as-fes·tas,"nome feminino",bˌo.as.fˈɛs.təs
bo·as-vin·das,"nome feminino",bˌo.as.vˈĩ.dəs
bo·a·tar,verbo,bo.a.tˈa
bo·a·ta·ri·a,"nome feminino",bo.a.ta.ɾˈi.jə
bo·a·to,"nome masculino",bo.ˈa.tʊ
bo·a·zi·nha,"nome feminino",bo.a.zˈi.ɲə
bo·a·zo·na,"nome feminino",bo.a.zˈo.nə
bo·ba,"nome feminino",bˈo.bə
bo·ba·gem,"nome feminino",bo.bˈa.ʒeɲ
bo·bar,verbo,bo.bˈa
bo·bi·na,"nome feminino",bo.bˈi.nə
bo·bi·na·gem,"nome feminino",bo.bi.nˈa.ʒeɲ
bo·bi·nar,verbo,bo.bi.nˈa
bo·bi·ne,"nome feminino",bo.bˈi.ni
bo·bó,"nome masculino",bo.bˈɔ
bo·bo,adjetivo,bˈo.bʊ
bo·bo,"nome masculino",bˈo.bʊ
bo·bo·ca,adjetivo,bo.bˈɔ.kə
bo·ça,"nome feminino",bˈo.sə
bo·ca,"nome feminino",bˈo.kə
"bo·ca de in·cên·di· o","nome feminino",bˌo.kə.dʒi.ĩ.sˈẽj.dʒjʊ
"bo·ca de si·no","nome masculino",bˌo.kə.dʒi.sˈi.nʊ
"bo·ca de si·no",adjetivo,bˌo.kə.dʒi.sˈi.nʊ
bo·ca·di·nho,"nome masculino",bo.ka.dʒˈi.ɲʊ
bo·ca·do,"nome masculino",bo.kˈa.dʊ
bo·cal,"nome masculino",bo.kˈaw
bo·çal,adjetivo,bo.sˈaw
bo·çal,"nome masculino",bo.sˈaw
bo·çal,"nome feminino",bo.sˈaw
bo·ça·li·da·de,"nome feminino",bo.sa.li.dˈa.dʒi
bo·car,verbo,bo.kˈa
bo·çar,verbo,bo.sˈa
bo·car·ra,"nome feminino",bo.kˈa.xə
bo·cas,"nome masculino","bˈo.kəs ou bˈo.kəs"
bo·ce·jar,verbo,bo.se.ʒˈa
bo·ce·jo,"nome masculino",bo.sˈe.ʒʊ
bo·ce·ta,"nome feminino",bo.sˈe.tə
bo·cha,"nome feminino",bˈɔ.ʃə
bo·che,"nome masculino","bˈɔ.ʃi ou bˈɔ.ʃi"
bo·che,adjetivo,bˈɔ.ʃi
bo·che·cha,"nome feminino",bo.ʃˈe.ʃə
bo·che·char,verbo,bo.ʃe.ʃˈa
bo·che·cho,"nome masculino",bo.ʃˈe.ʃʊ
bo·che·chu·do,adjetivo,bo.ʃe.ʃˈu.dʊ
"bó·ci· o","nome masculino",bˈɔ.sjʊ
bo·da,"nome feminino",bˈo.də
bo·de,"nome masculino",bˈɔ.dʒi
bo·de·ga,"nome feminino",bo.dˈɛ.gə
bo·di·ão,"nome masculino",bo.dʒi.ˈə̃w
bo·do,"nome masculino",bˈo.dʊ
bo·dum,"nome masculino",bo.dˈũ
"bo· dy","nome masculino",
"bo· dy-buil· ding","nome masculino",
"bo· dy· board","nome masculino",
bo·ei·ra,"nome feminino",bwˈej.ɾə
"bo·ê·mi· a","nome feminino",bwˈe.mjə
"bo·é·mi· a","nome feminino",bwˈɛ.mjə
bo·e·mi·a·men·te,advérbio,bo.ɛ.mja.mˈẽj.tʃi
"bo·ê·mi· o","nome masculino",bwˈe.mjʊ
"bo·é·mi· o",adjetivo,bwˈɛ.mjʊ
"bo·é·mi· o","nome masculino",bwˈɛ.mjʊ
bó·er,"nome masculino",bˈo.eɾ
bó·er,adjetivo,bˈo.eɾ
bó·er,"nome feminino",bˈo.eɾ
bo·far,verbo,bo.fˈa
bo·fe,"nome masculino",bˈɔ.fi
bo·fes,"nome masculino",bˈɔ.fis
bo·fe·ta·da,"nome feminino",bo.fe.tˈa.də
bo·fe·tão,"nome masculino",bo.fe.tˈə̃w
"bó·fi· a","nome feminino","bˈɔ.fi.ə ou bˈɔ.fjə"
bo·ga,"nome feminino",bˈɔ.gə
bo·gar,verbo,bo.gˈa
boi,"nome masculino",bˈoj
boi·a,"nome feminino",bˈɔj.jə
boi·a·da,"nome feminino",boj.ˈa.də
boi·ão,"nome masculino",boj.ˈə̃w
boi·ar,verbo,boj.ˈa
boi·ar·do,"nome masculino",boj.ˈaɾ.dʊ
boi·ça,"nome feminino",bˈoj.sə
boi·çar,verbo,boj.sˈa
boi·co·ta·do,adjetivo,boj.ko.tˈa.dʊ
boi·co·ta·gem,"nome feminino",boj.ko.tˈa.ʒeɲ
boi·co·tar,verbo,boj.ko.tˈa
boi·co·te,"nome masculino",boj.kˈɔ.tʃi
boi·ei·ra,"nome feminino",boj.ˈej.ɾə
boi·ei·ro,"nome masculino",boj.ˈej.ɾʊ
boi·ei·ro,adjetivo,boj.ˈej.ɾʊ
boi·na,"nome feminino",bˈoj.nə
"boî· te","nome feminino",
bo·ja·dor,"nome masculino",bo.ʒa.dˈoɾ
bo·ja·dor,adjetivo,bo.ʒa.dˈoɾ
bo·jar,verbo,bo.ʒˈa
bo·jar·da,"nome feminino",bo.ʒˈaɾ.də
bo·jo,"nome masculino",bˈo.ʒʊ
bo·ju·do,adjetivo,bo.ʒˈu.dʊ
bo·la,"nome feminino",bˈɔ.lə
bo·la·cha,"nome feminino",bo.lˈa.ʃə
bo·la·chu·do,adjetivo,bo.la.ʃˈu.dʊ
bo·la·da,"nome feminino",bo.lˈa.də
bo·la·do,adjetivo,bo.lˈa.dʊ
bo·lan·das,"nome feminino",bo.lˈə̃.dəs
bo·la·nha,"nome feminino",bo.lˈə.ɲə
bo·lar,verbo,bo.lˈa
bo·las,"nome masculino",bˈɔ.ləs
bo·las,"nome feminino",bˈɔ.ləs
bol·bo,"nome masculino",bˈow.bʊ
bol·che·vi·que,"nome feminino",bow.ʃe.vˈi.ki
bol·che·vi·que,adjetivo,bow.ʃe.vˈi.ki
bol·che·vi·que,"nome masculino",bow.ʃe.vˈi.ki
bol·che·vis·mo,"nome masculino",bow.ʃe.vˈiz.mʊ
bol·che·vis·ta,adjetivo,bow.ʃe.vˈis.tə
bol·che·vis·ta,"nome feminino",bow.ʃe.vˈis.tə
bol·che·vis·ta,"nome masculino",bow.ʃe.vˈis.tə
bol·che·vi·za·ção,"nome feminino",bow.ʃe.vi.za.sˈə̃w
bo·le·ar,verbo,bo.li.ˈa
bo·lei·a,"nome feminino",bo.lˈej.jə
bo·le·ro,"nome masculino",bo.lˈɛ.ɾʊ
bo·le·ta,"nome feminino",bo.lˈe.tə
bo·le·tar,verbo,bo.le.tˈa
bo·le·tim,"nome masculino",bo.le.tʃˈiɲ
bo·le·to,"nome masculino",bo.lˈe.tʊ
bo·léu,"nome masculino",bo.lˈɛw
bo·lha,"nome feminino",bˈo.ʎə
bo·lha,adjetivo,bˈo.ʎə
bo·lhão,"nome masculino",bo.ʎˈə̃w
bo·lhar,verbo,bo.ʎˈa
bo·lho·so,adjetivo,bo.ʎˈo.zʊ
bó·li·de,"nome feminino","bˈɔ.li.dʒi ou bˈɔ.li.dʒi"
bó·li·do,"nome masculino",bˈɔ.li.dʊ
bo·li·na,"nome feminino",bo.lˈi.nə
bo·li·nar,verbo,bo.li.nˈa
bo·li·nha,"nome feminino",bɔ.lˈi.ɲə
bo·li·nho,"nome masculino",bo.lˈi.ɲʊ
bo·lí·var,"nome masculino",bo.lˈi.vaɾ
bo·li·vi·a·na,"nome feminino",bo.li.vjˈə.nə
bo·li·vi·a·no,"nome masculino",bo.li.vjˈə.nʊ
bo·li·vi·a·no,adjetivo,bo.li.vjˈə.nʊ
bo·lo,"nome masculino",bˈo.lʊ
bo·lo-rei,"nome masculino",bˌo.lʊ.xˈej
bo·lo·nhês,adjetivo,bo.lo.ɲˈes
bo·lo·nhês,"nome masculino",bo.lo.ɲˈes
bo·lo·nhe·sa,"nome feminino",bo.lo.ɲˈe.zə
bo·lor,"nome masculino",bo.lˈoɾ
bo·lo·ren·to,adjetivo,bo.lo.ɾˈẽj.tʊ
bo·lo·ta,"nome feminino",bo.lˈɔ.tə
bol·sa,"nome feminino",bˈow.sə
bol·sar,verbo,bow.sˈa
bol·sei·ra,"nome feminino",bow.sˈej.ɾə
bol·sei·ro,adjetivo,bow.sˈej.ɾʊ
bol·sei·ro,"nome masculino",bow.sˈej.ɾʊ
bol·si·nho,"nome masculino",bow.sˈi.ɲʊ
bol·sis·ta,adjetivo,bow.sˈis.tə
bol·sis·ta,"nome feminino",bow.sˈis.tə
bol·sis·ta,"nome masculino",bow.sˈis.tə
bol·so,"nome masculino",bˈow.sʊ
bom,adjetivo,bˈõ
bom,"nome masculino",bˈõ
bom-no·me,"nome masculino",bˌõ.nˈo.mi
bom-tom,"nome masculino",bˌõ.tˈõ
bom·ba,"nome feminino",bˈõ.bə
"bom·ba-re·ló·gi· o","nome feminino",bˌõ.bə.xe.lˈɔ.ʒjʊ
bom·ba·chas,"nome feminino",bõ.bˈa.ʃəs
bom·ba·da,"nome feminino",bõ.bˈa.də
bom·ba·gem,"nome feminino",bõ.bˈa.ʒeɲ
bom·bar,verbo,bõ.bˈa
bom·bar·da,"nome feminino",bõ.bˈaɾ.də
bom·bar·de·a·do,adjetivo,bõ.baɾ.dʒi.ˈa.dʊ
bom·bar·de·a·men·to,"nome masculino",bõ.baɾ.dʒi.a.mˈẽj.tʊ
bom·bar·de·ar,verbo,bõ.baɾ.dʒi.ˈa
bom·bar·dei·o,"nome masculino",bõ.baɾ.dˈej.jʊ
bom·bar·dei·ro,"nome masculino",bõ.baɾ.dˈej.ɾʊ
bom·bar·dei·ro,adjetivo,bõ.baɾ.dˈej.ɾʊ
bom·bar·di·no,"nome masculino",bõ.baɾ.dʒˈi.nʊ
bom·bar·ra·len·se,"nome masculino",bõ.ba.xa.lˈẽj.si
bom·bar·ra·len·se,adjetivo,bõ.ba.xa.lˈẽj.si
bom·bar·ra·len·se,"nome feminino",bõ.ba.xa.lˈẽj.si
bom·bas·ti·ca·men·te,advérbio,bõ.bas.tʃi.ka.mˈẽj.tʃi
bom·bás·ti·co,adjetivo,bõ.bˈas.tʃi.kʊ
bom·ba·zi·na,"nome feminino",bõ.ba.zˈi.nə
bom·be·a·do,adjetivo,bõ.bi.ˈa.dʊ
bom·be·a·men·to,"nome masculino",bõ.bi.a.mˈẽj.tʊ
bom·be·ar,verbo,bõ.bi.ˈa
bom·bei·ro,"nome masculino",bõ.bˈej.ɾʊ
bom·bis·ta,"nome feminino",bõ.bˈis.tə
bom·bis·ta,"nome masculino",bõ.bˈis.tə
bom·bis·ta,adjetivo,bõ.bˈis.tə
bom·bo,"nome masculino",bˈõ.bʊ
bom·bo·lom,"nome masculino",bõ.bo.lˈõ
bom·bom,"nome masculino",bõ.bˈõ
bom·bor·do,"nome masculino",bõ.bˈɔɾ.dʊ
bo·na·chei·rão,"nome masculino",bo.na.ʃej.ɾˈə̃w
bo·na·chei·rão,adjetivo,bo.na.ʃej.ɾˈə̃w
bo·na·chei·ro·na,"nome feminino",bo.na.ʃej.ɾˈo.nə
bo·na·cho,"nome masculino",bo.nˈa.ʃʊ
bo·na·cho,adjetivo,bo.nˈa.ʃʊ
bo·na·cho·na,"nome feminino",bo.na.ʃˈo.nə
bo·nan·ça,"nome feminino",bo.nˈə̃.sə
bo·nan·çar,verbo,bo.nə̃.sˈa
bo·nan·ças,"nome feminino",bo.nˈə̃.səs
bo·nan·ço·sa·men·te,advérbio,bo.nə̃.sɔ.za.mˈẽj.tʃi
bo·nan·ço·so,adjetivo,bo.nə̃.sˈo.zʊ
bo·na·par·tis·mo,"nome masculino",bo.na.paɾ.tʃˈiz.mʊ
bo·na·par·tis·ta,adjetivo,bo.na.paɾ.tʃˈis.tə
bo·na·par·tis·ta,"nome masculino",bo.na.paɾ.tʃˈis.tə
bo·na·par·tis·ta,"nome feminino",bo.na.paɾ.tʃˈis.tə
bon·da·de,"nome feminino",bõ.dˈa.dʒi
bon·dar,verbo,bõ.dˈa
bon·de,"nome masculino",bˈõ.dʒi
bon·do,adjetivo,bˈõ.dʊ
bon·do,"nome masculino","bˈõ.dʊ ou bˈõ.dʊ"
bon·do·sa·men·te,advérbio,bõ.dɔ.za.mˈẽj.tʃi
bon·do·so,adjetivo,bõ.dˈo.zʊ
bo·né,"nome masculino",bo.nˈɛ
bo·ne·ca,"nome feminino",bo.nˈɛ.kə
bo·ne·ca·da,"nome feminino",bo.ne.kˈa.də
bo·ne·car,verbo,bo.nɛ.kˈa
bo·ne·co,"nome masculino",bo.nˈe.kʊ
bo·ne·crei·ro,"nome masculino",bo.ne.kɾˈej.ɾʊ
bo·nhar,verbo,bo.ɲˈa
bo·ni·fi·ca·ção,"nome feminino",bo.ni.fi.ka.sˈə̃w
bo·ni·fi·car,verbo,bo.ni.fi.kˈa
bo·ni·fra·te,"nome masculino",bo.ni.fɾˈa.tʃi
bo·ni·na,"nome feminino",bo.nˈi.nə
bo·ni·to,"nome masculino",bo.nˈi.tʊ
bo·ni·to,adjetivo,bo.nˈi.tʊ
bo·no·mi·a,"nome feminino",bo.no.mˈi.jə
bons-di·as,"nome masculino",bˌõs.dʒˈi.əs
bon·sai,"nome masculino",bõ.sˈaj
bó·nus,"nome masculino",bˈɔ.nʊs
bô·nus,"nome masculino",bˈo.nʊs
bon·zão,adjetivo,bõ.zˈə̃w
bon·zo,"nome masculino",bˈõ.zʊ
"boo· le·a·no",adjetivo,bo.li.ˈə.nʊ
boom,"nome masculino",
bo·que·ar,verbo,bo.ki.ˈa
bo·quei·rão,"nome masculino",bo.kej.ɾˈə̃w
bo·qui·a·ber·to,adjetivo,bo.kja.bˈɛɾ.tʊ
bo·qui·a·brir,verbo,bo.kja.bɾˈi
bo·qui·lha,"nome feminino",bo.kˈi.ʎə
bo·qui·nha,"nome feminino",bo.kˈi.ɲə
bor·ben·se,adjetivo,boɾ.bˈẽj.si
bor·ben·se,"nome masculino","boɾ.bˈẽj.si ou boɾ.bˈẽj.si"
bor·bo·le·ta,"nome feminino",boɾ.bo.lˈe.tə
bor·bo·le·tar,verbo,boɾ.bo.le.tˈa
bor·bó·ni·co,adjetivo,boɾ.bˈɔ.ni.kʊ
bor·bo·tão,"nome masculino",boɾ.bo.tˈə̃w
bor·bu·lha,"nome feminino",boɾ.bˈu.ʎə
bor·bu·lha·gem,"nome feminino",boɾ.bu.ʎˈa.ʒeɲ
bor·bu·lhan·te,adjetivo,boɾ.bu.ʎˈə̃.tʃi
bor·bu·lhan·te·men·te,advérbio,boɾ.bu.ʎə̃.te.mˈẽj.tʃi
bor·bu·lhar,verbo,boɾ.bu.ʎˈa
bor·car,verbo,boɾ.kˈa
bor·co,"nome masculino",bˈoɾ.kʊ
bor·da,"nome feminino",bˈɔɾ.də
bor·da·da,"nome feminino",boɾ.dˈa.də
bor·da·dei·ra,"nome feminino",boɾ.da.dˈej.ɾə
bor·da·do,"nome masculino",boɾ.dˈa.dʊ
bor·da·do,adjetivo,boɾ.dˈa.dʊ
bor·da·du·ra,"nome feminino",boɾ.da.dˈu.ɾə
bor·da·lês,"nome masculino",boɾ.da.lˈes
bor·da·lês,adjetivo,boɾ.da.lˈes
bor·da·le·sa,"nome feminino",boɾ.da.lˈe.zə
bor·da·lo,"nome masculino",boɾ.dˈa.lʊ
bor·dão,"nome masculino",boɾ.dˈə̃w
bor·dar,verbo,boɾ.dˈa
"bor· deaux","nome masculino",
"bor· deaux",adjetivo,
bor·dei·ra,"nome feminino",boɾ.dˈej.ɾə
bor·de·ja·do,adjetivo,boɾ.de.ʒˈa.dʊ
bor·de·jar,verbo,boɾ.de.ʒˈa
bor·del,"nome masculino",boɾ.dˈɛw
bor·de·lês,"nome masculino",boɾ.de.lˈes
bor·de·lês,adjetivo,boɾ.de.lˈes
bor·déus,"nome masculino",boɾ.dˈɛws
bor·dô,"nome masculino",boɾ.dˈo
bor·do,"nome masculino",bˈɔɾ.du$$bˈoɾ.dʊ
bor·do·a·da,"nome feminino",boɾ.do.ˈa.də
bo·re·al,adjetivo,bo.ɾi.ˈaw
bor·ga,"nome feminino",bˈɔɾ.gə
bor·go·nha,"nome masculino",boɾ.gˈo.ɲə
bor·go·nhês,"nome masculino",boɾ.go.ɲˈes
bor·go·nhês,adjetivo,boɾ.go.ɲˈes
bor·go·nhe·sa,"nome feminino",boɾ.go.ɲˈe.zə
bo·ri,"nome masculino",bˈɔ.ɾi
bor·la,"nome feminino",bˈɔx.lə
bor·lis·ta,"nome masculino","box.lˈis.tə ou box.lˈis.tə"
bor·lis·ta,adjetivo,box.lˈis.tə
bor·nal,"nome masculino",bor.nˈaw
bor·ne,"nome masculino",bˈɔr.ni
bo·ro,"nome masculino",bˈo.ɾʊ
bo·ro·a,"nome feminino",bo.ɾˈo.ə
bor·ra,"nome feminino",bˈo.xə
bor·ra-bo·tas,"nome masculino","bˌɔ.xə.bˈɔ.təs ou bˌɔ.xə.bˈɔ.təs"
bor·ra·cha,"nome feminino",bo.xˈa.ʃə
bor·ra·chão,"nome masculino",bo.xa.ʃˈə̃w
bor·ra·chei·ra,"nome feminino",bo.xa.ʃˈej.ɾə
bor·ra·cho,adjetivo,bo.xˈa.ʃʊ
bor·ra·cho,"nome masculino",bo.xˈa.ʃʊ
bor·ra·cho,"nome feminino",bo.xˈa.ʃʊ
bor·ra·da,"nome feminino",bo.xˈa.də
bor·ra·do,adjetivo,bo.xˈa.dʊ
bor·ra·gem,"nome feminino",bo.xˈa.ʒeɲ
bor·ra·lha,"nome feminino",bo.xˈa.ʎə
bor·ra·lhei·ra,"nome feminino",bo.xa.ʎˈej.ɾə
bor·ra·lhei·ro,adjetivo,bo.xa.ʎˈej.ɾʊ
bor·ra·lhei·ro,"nome masculino",bo.xa.ʎˈej.ɾʊ
bor·ra·lho,"nome masculino",bo.xˈa.ʎʊ
bor·ra·lho,adjetivo,bo.xˈa.ʎʊ
bor·rão,"nome masculino",bo.xˈə̃w
bor·rar,verbo,bo.xˈa
bor·ras·ca,"nome feminino",bo.xˈas.kə
bor·ra·ta·da,"nome feminino",bo.xa.tˈa.də
bor·ra·tar,verbo,bo.xa.tˈa
bor·re·ga,"nome feminino",bo.xˈe.gə
bor·re·ga·da,"nome feminino",bo.xe.gˈa.də
bor·re·gar,verbo,bo.xe.gˈa
bor·re·go,"nome masculino",bo.xˈe.gʊ
bor·re·lho,"nome masculino",bo.xˈe.ʎʊ
bor·ri·fa·do,adjetivo,bo.xi.fˈa.dʊ
bor·ri·far,verbo,bo.xi.fˈa
bor·ri·fo,"nome masculino",bo.xˈi.fʊ
bo·são,"nome masculino",bo.zˈə̃w
"bós·ni· a","nome feminino",bˈɔz.njə
"bós·ni· o","nome masculino",bˈɔz.njʊ
"bós·ni· o",adjetivo,bˈɔz.njʊ
bos·que,"nome masculino",bˈɔs.ki
bos·que·jar,verbo,bos.ke.ʒˈa
bos·que·jo,"nome masculino",bos.kˈe.ʒʊ
bos·que·te,"nome masculino",bos.kˈe.tʃi
bos·quí·ma·no,adjetivo,bos.kˈi.ma.nʊ
bos·quí·ma·no,"nome masculino",bos.kˈi.ma.nʊ
boss,"nome masculino",
bos·sa,"nome feminino",bˈɔ.sə
bos·se,"nome masculino",bˈɔ.si
bos·ta,"nome feminino",bˈɔs.tə
bos·tar,verbo,bos.tˈa
bos·to·ni·a·na,"nome feminino",bos.to.njˈə.nə
bos·to·ni·a·no,adjetivo,bos.to.njˈə.nʊ
bos·to·ni·a·no,"nome masculino",bos.to.njˈə.nʊ
bo·ta,"nome feminino",bˈɔ.tə
"bo·ta de e·lás·ti·co","nome masculino","bˌɔ.tə.dʒi.e.lˈas.tʃi.kʊ ou bˌɔ.tə.dʒi.e.lˈas.tʃi.kʊ"
"bo·ta de e·lás·ti·co",adjetivo,bˌɔ.tə.dʒi.e.lˈas.tʃi.kʊ
bo·ta-a·bai·xo,"nome masculino",bˌɔ.tə.a.bˈaj.ʃʊ
bo·ta-fo·ra,"nome masculino",bˌɔ.tə.fˈɔ.ɾə
bo·tâ·ni·ca,"nome feminino",bo.tˈə.ni.kə
bo·ta·ni·ca·men·te,advérbio,bo.ta.ni.ka.mˈẽj.tʃi
bo·tâ·ni·co,"nome masculino",bo.tˈə.ni.kʊ
bo·tâ·ni·co,adjetivo,bo.tˈə.ni.kʊ
bo·tão,"nome masculino",bo.tˈə̃w
bo·tar,verbo,bo.tˈa
bo·ta·réu,"nome masculino",bo.ta.ɾˈɛw
bo·te,"nome masculino",bˈɔ.tʃi
bo·te·co,"nome masculino",bo.tˈɛ.kʊ
bo·te·lha,"nome feminino",bo.tˈe.ʎə
bo·te·lhei·ro,"nome masculino",bo.te.ʎˈej.ɾʊ
bo·te·lho,"nome masculino",bo.tˈe.ʎʊ
bo·te·quim,"nome masculino",bo.te.kˈiɲ
bo·ti·ca,"nome feminino",bo.tʃˈi.kə
"bo·ti·cá·ri· o","nome masculino",bo.tʃi.kˈa.ɾjʊ
bo·ti·far·ra,"nome feminino",bo.tʃi.fˈa.xə
bo·ti·ja,"nome feminino",bo.tʃˈi.ʒə
bo·tim,"nome masculino",bo.tʃˈiɲ
bo·ti·na,"nome feminino",bo.tʃˈi.nə
bo·to,adjetivo,bˈo.tʊ
bo·to,"nome masculino",bˈo.tʊ
bo·to·ei·ra,"nome feminino",bo.twˈej.ɾə
bot·su·a·na,"nome feminino",bot.swˈə.nə
bot·su·a·no,adjetivo,bot.swˈə.nʊ
bo·tu·li·na,"nome feminino",bo.tu.lˈi.nə
bo·tu·lis·mo,"nome masculino",bo.tu.lˈiz.mʊ
bou·ça,"nome feminino",bˈo.sə
bou·çar,verbo,bo.sˈa
"bou· quet","nome masculino",
"bou· ti· que","nome feminino",
bo·va·ris·mo,"nome masculino",bo.va.ɾˈiz.mʊ
bo·vi·ni·cul·tor,"nome masculino",bo.vi.ni.kuw.tˈoɾ
bo·vi·ni·cul·tu·ra,"nome feminino",bo.vi.ni.kuw.tˈu.ɾə
bo·vi·no,adjetivo,bo.vˈi.nʊ
"bow· ling","nome masculino",
box,"nome masculino",
bo·xar,verbo,bo.kə.sˈa
bo·xe,"nome masculino",bˈɔ.ki.si
bo·xe,"nome feminino",bˈɔ.ki.si
"bo· xer","nome masculino",bˈɔ.ki.seɾ
bo·xers,"nome masculino",bˈɔ.ki.seɾs
"bo· xeur","nome masculino",
bo·xis·ta,"nome masculino","bo.ki.sˈis.tə ou bo.ki.sˈis.tə"
boy,"nome masculino",
bra·bo,adjetivo,bɾˈa.bʊ
bra·ça,"nome feminino",bɾˈa.sə
bra·ça·da,"nome feminino",bɾa.sˈa.də
bra·ça·dei·ra,"nome feminino",bɾa.sa.dˈej.ɾə
bra·ça·do,"nome masculino",bɾa.sˈa.dʊ
bra·çal,adjetivo,bɾa.sˈaw
bra·çal,"nome masculino",bɾa.sˈaw
bra·çal·men·te,advérbio,bɾa.saw.mˈẽj.tʃi
bra·ca·ren·se,adjetivo,bɾa.ka.ɾˈẽj.si
bra·ca·ren·se,"nome feminino",bɾa.ka.ɾˈẽj.si
bra·ca·ren·se,"nome masculino",bɾa.ka.ɾˈẽj.si
bra·ce·jar,verbo,bɾa.se.ʒˈa
bra·ce·jo,"nome masculino",bɾa.sˈe.ʒʊ
bra·ce·le·te,"nome masculino",bɾa.se.lˈe.tʃi
bra·ço,"nome masculino",bɾˈa.sʊ
"bra·ço de fer·ro","nome masculino",bɾˌa.sʊ.dʒi.fˈɛ.xʊ
bra·da,"nome masculino",bɾˈa.də
bra·da·do,adjetivo,bɾa.dˈa.dʊ
bra·da·do,"nome masculino",bɾa.dˈa.dʊ
bra·dar,verbo,bɾa.dˈa
bra·do,"nome masculino",bɾˈa.dʊ
bra·ga,"nome feminino",bɾˈa.gə
bra·ga·da,"nome feminino",bɾa.gˈa.də
bra·ga·do,"nome masculino",bɾa.gˈa.dʊ
bra·ga·do,adjetivo,bɾa.gˈa.dʊ
bra·gal,"nome masculino",bɾa.gˈaw
bra·gan·ça·na,"nome feminino",bɾa.gə̃.sˈə.nə
bra·gan·ça·no,"nome masculino",bɾa.gə̃.sˈə.nʊ
bra·gan·ça·no,adjetivo,bɾa.gə̃.sˈə.nʊ
bra·gan·ção,"nome masculino",bɾa.gə̃.sˈə̃w
bra·gan·ção,adjetivo,bɾa.gə̃.sˈə̃w
bra·gan·ti·na,"nome feminino",bɾa.gə̃.tʃˈi.nə
bra·gan·ti·no,"nome masculino",bɾa.gə̃.tʃˈi.nʊ
bra·gan·ti·no,adjetivo,bɾa.gə̃.tʃˈi.nʊ
bra·guês,adjetivo,bɾa.gˈes
bra·gue·sa,"nome feminino",bɾa.gˈe.zə
bra·gui·lha,"nome feminino",bɾa.gˈi.ʎə
bra·gui·nha,"nome feminino",bɾa.gˈi.ɲə
brai·le,"nome masculino",bɾˈaj.li
"brail· le","nome masculino",
"brain· stor· ming","nome masculino",
bra·ma,"nome feminino",bɾˈə.mə
brâ·ma·ne,"nome masculino",bɾˈə.ma.ni
bra·ma·nis·mo,"nome masculino",bɾa.ma.nˈiz.mʊ
bra·mar,verbo,bɾa.mˈa
bra·me,adjetivo,bɾˈə.mi
bra·me,"nome masculino","bɾˈə.mi ou bɾˈə.mi"
bra·mi·do,"nome masculino",bɾa.mˈi.dʊ
bra·mir,verbo,bɾa.mˈi
bran·ca,"nome feminino",bɾˈə̃.kə
bran·co,adjetivo,bɾˈə̃.kʊ
bran·co,"nome masculino",bɾˈə̃.kʊ
bran·co-mar·fim,"nome masculino",bɾˌə̃.kʊ.maɾ.fˈiɲ
bran·co-mar·fim,adjetivo,bɾˌə̃.kʊ.maɾ.fˈiɲ
bran·co-su·jo,adjetivo,bɾˌə̃.kʊ.sˈu.ʒʊ
bran·cu·ra,"nome feminino",bɾə̃.kˈu.ɾə
bran·dal,"nome masculino",bɾə̃.dˈaw
bran·da·men·te,advérbio,bɾə̃.da.mˈẽj.tʃi
bran·dão,"nome masculino",bɾə̃.dˈə̃w
bran·de,"nome masculino",bɾˈə̃.dʒi
bran·de·bur·guês,adjetivo,bɾə̃.de.buɾ.gˈes
bran·de·bur·guês,"nome masculino",bɾə̃.de.buɾ.gˈes
bran·dir,verbo,bɾə̃.dʒˈi
bran·do,"nome masculino",bɾˈə̃.dʊ
bran·do,adjetivo,bɾˈə̃.dʊ
bran·du·ra,"nome feminino",bɾə̃.dˈu.ɾə
"bran· dy","nome masculino",
bran·que·a·ção,"nome feminino",bɾə̃.ki.a.sˈə̃w
bran·que·a·do,adjetivo,bɾə̃.ki.ˈa.dʊ
bran·que·a·dor,adjetivo,bɾə̃.ki.a.dˈoɾ
bran·que·a·dor,"nome masculino",bɾə̃.ki.a.dˈoɾ
bran·que·a·do·ra,"nome feminino",bɾə̃.ki.a.dˈo.ɾə
bran·que·a·men·to,"nome masculino",bɾə̃.ki.a.mˈẽj.tʊ
bran·que·ar,verbo,bɾə̃.ki.ˈa
"brân·qui· a","nome feminino",bɾˈə̃.kjə
bran·quís·si·mo,adjetivo,bɾə̃.kˈi.si.mʊ
bra·qui·ó·po·de,adjetivo,bɾa.ki.ˈɔ.po.dʒi
bra·qui·ó·po·de,"nome masculino",bɾa.ki.ˈɔ.po.dʒi
bra·qui·os·sau·ro,"nome masculino",bɾa.ki.o.sˈaw.ɾʊ
bra·sa,"nome feminino",bɾˈa.zə
bra·são,"nome masculino",bɾa.zˈə̃w
bra·sar,verbo,bɾa.zˈa
bra·sei·ra,"nome feminino",bɾa.zˈej.ɾə
bra·sei·ro,"nome masculino",bɾa.zˈej.ɾʊ
bra·si·do,"nome masculino",bɾa.zˈi.dʊ
bra·sil,"nome masculino",bɾa.zˈiw
bra·sil,"nome feminino",bɾa.zˈiw
bra·si·lei·ra,"nome feminino",bɾa.zi.lˈej.ɾə
bra·si·lei·ra·da,"nome feminino",bɾa.zi.lej.ɾˈa.də
bra·si·lei·ris·mo,"nome masculino",bɾa.zi.lej.ɾˈiz.mʊ
bra·si·lei·ro,"nome masculino",bɾa.zi.lˈej.ɾʊ
bra·si·lei·ro,adjetivo,bɾa.zi.lˈej.ɾə
bra·si·li·da·de,"nome feminino",bɾa.zi.li.dˈa.dʒi
bra·si·li·en·se,adjetivo,bɾa.zi.li.ˈẽj.si
bra·si·li·en·se,"nome feminino",bɾa.zi.li.ˈẽj.si
bra·si·li·en·se,"nome masculino",bɾa.zi.li.ˈẽj.si
bra·sis,"nome masculino",bɾa.zˈis
bra·so·na·do,adjetivo,bɾa.zo.nˈa.dʊ
bra·so·nar,verbo,bɾa.zo.nˈa
bra·su·ca,"nome masculino",bɾa.zˈu.kə
bra·su·ca,adjetivo,bɾa.zˈu.kə
bra·su·ca,"nome feminino",bɾa.zˈu.kə
bra·va,"nome feminino",bɾˈa.və
bra·va·men·te,advérbio,bɾa.va.mˈẽj.tʃi
bra·var,verbo,bɾa.vˈa
bra·va·ta,"nome feminino",bɾa.vˈa.tə
bra·ve·za,"nome feminino",bɾa.vˈe.zə
bra·vi·a·men·te,advérbio,bɾa.vja.mˈẽj.tʃi
bra·vi·o,adjetivo,bɾa.vˈi.ʊ
bra·vi·o,"nome masculino",bɾa.vˈi.ʊ
bra·vís·si·mo,adjetivo,bɾa.vˈi.si.mʊ
bra·vo,"nome masculino",bɾˈa.vʊ
bra·vo,adjetivo,bɾˈa.vʊ
bra·vu·ra,"nome feminino",bɾa.vˈu.ɾə
break,"nome masculino",
"break· dan· ce","nome masculino",
bre·ar,verbo,bɾi.ˈa
bre·ca,"nome feminino",bɾˈɛ.kə
bre·ca·gem,"nome feminino",bɾe.kˈa.ʒeɲ
bre·car,verbo,bɾe.kˈa
bre·cha,"nome feminino",bɾˈɛ.ʃə
bre·ga,adjetivo,bɾˈɛ.gə
bre·ga,"nome feminino",bɾˈɛ.gə
bre·jei·ra,"nome feminino",bɾe.ʒˈej.ɾə
bre·jei·ra·men·te,advérbio,bɾe.ʒej.ɾa.mˈẽj.tʃi
bre·jei·rar,verbo,bɾe.ʒej.ɾˈa
bre·jei·ri·ce,"nome feminino",bɾe.ʒej.ɾˈi.si
bre·jei·ro,adjetivo,bɾe.ʒˈej.ɾʊ
bre·jei·ro,"nome masculino",bɾe.ʒˈej.ɾʊ
bre·jo,"nome masculino",bɾˈɛ.ʒʊ
bre·nha,"nome feminino",bɾˈɛ.ɲə
brent,"nome masculino",
bre·que,"nome masculino",bɾˈɛ.ki
bre·tã,"nome feminino",bɾe.tˈə̃
bre·ta·nha,"nome feminino",bɾe.tˈə.ɲə
bre·tão,adjetivo,bɾe.tˈə̃w
bre·tão,"nome masculino",bɾe.tˈə̃w
bre·te,"nome masculino",bɾˈe.tʃi
breu,"nome masculino",bɾˈew
bre·ve,adjetivo,bɾˈɛ.vi
bre·ve,"nome feminino",bɾˈɛ.vi
bre·ve,"nome masculino",bɾˈɛ.vi
bre·ve,advérbio,bɾˈɛ.vi
bre·ve·men·te,advérbio,bɾe.ve.mˈẽj.tʃi
"bre· vet","nome masculino",bɾˈe.vẽj
bre·ve·ta·do,adjetivo,bɾe.ve.tˈa.dʊ
bre·ve·tar,verbo,bɾe.ve.tˈa
"bre·vi·á·ri· o","nome masculino",bɾe.vjˈa.ɾjʊ
bre·vi·da·de,"nome feminino",bɾe.vi.dˈa.dʒi
bric-à-brac,"nome masculino",
bri·ca·bra·que,"nome masculino",bɾi.ka.bɾˈa.ki
bri·che,"nome masculino",bɾˈi.ʃi
"bri· co· la· ge","nome feminino",bɾi.ko.lˈa.ʒi
bri·da,"nome feminino",bɾˈi.də
bri·dar,verbo,bɾi.dˈa
"brid· ge","nome masculino",
bri·e,"nome masculino",
"brie· fing","nome masculino",
bri·ga,"nome feminino",bɾˈi.gə
bri·ga·da,"nome feminino",bɾi.gˈa.də
bri·ga·dei·ro,"nome masculino",bɾi.ga.dˈej.ɾʊ
bri·gan·ti·na,"nome feminino",bɾi.gə̃.tʃˈi.nə
bri·gan·ti·no,"nome masculino",bɾi.gə̃.tʃˈi.nʊ
bri·gan·ti·no,adjetivo,bɾi.gə̃.tʃˈi.nʊ
bri·gão,"nome masculino",bɾi.gˈə̃w
bri·gão,adjetivo,bɾi.gˈə̃w
bri·gar,verbo,bɾi.gˈa
bri·go·na,"nome feminino",bɾi.gˈo.nə
bri·gue,"nome masculino",bɾˈi.gi
bri·lhan·te,"nome masculino",bɾi.ʎˈə̃.tʃi
bri·lhan·te,adjetivo,bɾi.ʎˈə̃.tʃi
bri·lhan·te·men·te,advérbio,bɾi.ʎə̃.te.mˈẽj.tʃi
bri·lhan·ti·na,"nome feminino",bɾi.ʎə̃.tʃˈi.nə
bri·lhan·tis·mo,"nome masculino",bɾi.ʎə̃.tʃˈiz.mʊ
bri·lhar,verbo,bɾi.ʎˈa
bri·lha·re·te,"nome masculino",bɾi.ʎa.ɾˈe.tʃi
bri·lho,"nome masculino",bɾˈi.ʎʊ
brim,"nome masculino",bɾˈiɲ
brin·ca,"nome feminino",bɾˈĩ.kə
brin·ca·dei·ra,"nome feminino",bɾĩ.ka.dˈej.ɾə
brin·ca·do,"nome masculino",bɾĩ.kˈa.dʊ
brin·ca·do,adjetivo,bɾĩ.kˈa.dʊ
brin·ca·lhão,adjetivo,bɾĩ.ka.ʎˈə̃w
brin·ca·lhão,"nome masculino",bɾĩ.ka.ʎˈə̃w
brin·ca·lho·na,"nome feminino",bɾĩ.ka.ʎˈo.nə
brin·car,verbo,bɾĩ.kˈa
brin·co,"nome masculino",bɾˈĩ.kʊ
brin·dar,verbo,bɾĩ.dˈa
brin·de,"nome masculino",bɾˈĩ.dʒi
brin·que·do,"nome masculino",bɾĩ.kˈe.dʊ
brin·qui·nho,"nome masculino",bɾĩ.kˈi.ɲʊ
bri·o,"nome masculino",bɾˈi.ʊ
bri·o·che,"nome masculino",bɾi.ˈɔ.ʃi
bri·ol,"nome masculino",bɾi.ˈɔw
bri·o·sa·men·te,advérbio,bɾi.ɔ.za.mˈẽj.tʃi
bri·o·so,adjetivo,bɾi.ˈo.zʊ
bri·que·tar,verbo,bɾi.ke.tˈa
bri·que·te,"nome masculino",bɾi.kˈe.tʃi
bri·sa,"nome feminino",bɾˈi.zə
bri·ta,"nome feminino",bɾˈi.tə
bri·ta·dei·ra,"nome feminino",bɾi.ta.dˈej.ɾə
bri·ta·do,adjetivo,bɾi.tˈa.dʊ
"bri·tâ·ni· a","nome feminino",bɾi.tˈə.njə
bri·tâ·ni·ca,"nome feminino",bɾi.tˈə.ni.kə
bri·ta·ni·ca·men·te,advérbio,bɾi.ta.ni.ka.mˈẽj.tʃi
bri·tâ·ni·co,"nome masculino",bɾi.tˈə.ni.kʊ
bri·tâ·ni·co,adjetivo,bɾi.tˈə.ni.kʊ
bri·tar,verbo,bɾi.tˈa
bri·ve,"nome masculino",bɾˈi.vi
bro·a,"nome feminino",bɾˈo.ə
bro·ca,"nome feminino",bɾˈɔ.kə
bro·ca·do,"nome masculino",bɾo.kˈa.dʊ
bro·car,verbo,bɾo.kˈa
bro·car·do,"nome masculino",bɾo.kˈaɾ.dʊ
bro·cha,"nome feminino",bɾˈɔ.ʃə
bro·cha·do,adjetivo,bɾo.ʃˈa.dʊ
bro·char,verbo,bɾo.ʃˈa
bro·che,"nome masculino",bɾˈɔ.ʃi
bro·chu·ra,"nome feminino",bɾo.ʃˈu.ɾə
bró·co·lo,"nome masculino",bɾˈɔ.ko.lʊ
"bró·di· o","nome masculino",bɾˈɔ.dʒjʊ
"bro· ker","nome masculino",
bro·ma,"nome feminino",bɾˈo.mə
bro·ma,adjetivo,bɾˈo.mə
bro·ma,"nome masculino",bɾˈo.mə
bro·mar,verbo,bɾo.mˈa
bro·ma·to·lo·gi·a,"nome feminino",bɾo.ma.to.lo.ʒˈi.jə
bro·me·to,"nome masculino",bɾo.mˈe.tʊ
bro·mo,"nome masculino",bɾˈo.mʊ
bron·ca,"nome feminino",bɾˈõ.kə
bron·ca·men·te,advérbio,bɾõ.ka.mˈẽj.tʃi
bron·co,adjetivo,bɾˈõ.kʊ
bron·co·di·la·ta·dor,"nome masculino",bɾõ.ko.dʒi.la.ta.dˈoɾ
bron·co·di·la·ta·dor,adjetivo,bɾõ.ko.dʒi.la.ta.dˈoɾ
bron·cop·neu·mo·ni·a,"nome feminino",bɾõ.ko.pɨ.new.mo.nˈi.jə
brôn·qui·co,adjetivo,bɾˈõ.ki.kʊ
"brôn·qui· o","nome masculino",bɾˈõ.kjʊ
bron·qui·te,"nome feminino",bɾõ.kˈi.tʃi
bron·tos·sau·ro,"nome masculino",bɾõ.to.sˈaw.ɾʊ
bron·ze,"nome masculino",bɾˈõ.zi
bron·ze·a·do,adjetivo,bɾõ.zi.ˈa.dʊ
bron·ze·a·do,"nome masculino",bɾõ.zi.ˈa.dʊ
bron·ze·a·dor,"nome masculino",bɾõ.zi.a.dˈoɾ
bron·ze·a·dor,adjetivo,bɾõ.zi.a.dˈoɾ
bron·ze·a·do·ra,"nome feminino",bɾõ.zi.a.dˈo.ɾə
bron·ze·a·men·to,"nome masculino",bɾõ.zi.a.mˈẽj.tʊ
bron·ze·ar,verbo,bɾõ.zi.ˈa
bros·sa,"nome feminino",bɾˈɔ.sə
bros·sar,verbo,bɾo.sˈa
bro·ta,"nome feminino",bɾˈɔ.tə
bro·tar,verbo,bɾo.tˈa
bro·to,"nome masculino",bɾˈo.tʊ
bro·to·e·ja,"nome feminino",bɾo.twˈe.ʒə
"brow· ser","nome masculino",
bro·xa,"nome feminino",bɾˈɔ.sə
bru·a·á,"nome masculino",bɾwa.ˈa
bru·ce·la,"nome feminino",bɾu.sˈɛ.lə
bru·ce·lo·se,"nome feminino",bɾu.se.lˈɔ.zi
bru·ços,"nome masculino",bɾˈu.sʊs
bru·ma,"nome feminino",bɾˈu.mə
bru·mal,adjetivo,bɾu.mˈaw
bru·mo·sa·men·te,advérbio,bɾu.mɔ.za.mˈẽj.tʃi
bru·mo·so,adjetivo,bɾu.mˈo.zʊ
brun·ch,"nome masculino",
bru·nhei·ro,"nome masculino",bɾu.ɲˈej.ɾʊ
bru·nir,verbo,bɾu.nˈi
bru·no,adjetivo,bɾˈu.nʊ
brus·ca,"nome feminino",bɾˈus.kə
brus·ca·men·te,advérbio,bɾus.ka.mˈẽj.tʃi
brus·co,adjetivo,bɾˈus.kʊ
brus·qui·dão,"nome feminino",bɾus.ki.dˈə̃w
bru·ta,"nome feminino",bɾˈu.tə
bru·tal,adjetivo,bɾu.tˈaw
bru·ta·li·da·de,"nome feminino",bɾu.ta.li.dˈa.dʒi
bru·ta·li·za·ção,"nome feminino",bɾu.ta.li.za.sˈə̃w
bru·ta·li·za·do,adjetivo,bɾu.ta.li.zˈa.dʊ
bru·ta·li·zar,verbo,bɾu.ta.li.zˈa
bru·tal·men·te,advérbio,bɾu.taw.mˈẽj.tʃi
bru·ta·men·te,advérbio,bɾu.ta.mˈẽj.tʃi
bru·ta·mon·tes,"nome masculino",bɾu.ta.mˈõ.tʃis
bru·ta·mon·tes,"nome feminino",bɾu.ta.mˈõ.tʃis
bru·te·za,"nome feminino",bɾu.tˈe.zə
bru·to,adjetivo,bɾˈu.tʊ
bru·to,"nome masculino",bɾˈu.tʊ
bru·xa,"nome feminino",bɾˈu.ʃə
bru·xar,verbo,bɾu.ʃˈa
bru·xa·ri·a,"nome feminino",bɾu.ʃa.ɾˈi.jə
bru·xe·do,"nome masculino",bɾu.ʃˈe.dʊ
bru·xe·len·se,adjetivo,bɾu.ʃe.lˈẽj.si
bru·xe·len·se,"nome masculino","bɾu.ʃe.lˈẽj.si ou bɾu.ʃe.lˈẽj.si"
bru·xo,"nome masculino",bɾˈu.ʃʊ
bru·xu·le·an·te,adjetivo,bɾu.ʃu.li.ˈə̃.tʃi
bru·xu·le·ar,verbo,bɾu.ʃu.li.ˈa
bu·a,"nome feminino",bˈu.ə
bu·ba,"nome feminino",bˈu.bə
bu·bô·ni·co,adjetivo,bu.bˈo.ni.kʊ
bu·bó·ni·co,adjetivo,bu.bˈo.ni.kʊ
bu·bu,"nome masculino",bu.bˈu
bu·ca,"nome feminino",bˈu.kə
bu·cal,adjetivo,bu.kˈaw
bu·cha,"nome masculino",bˈu.ʃə
bu·cha,adjetivo,bˈu.ʃə
bu·cha,"nome feminino",bˈu.ʃə
bu·cho,"nome masculino",bˈu.ʃʊ
bu·ço,"nome masculino",bˈu.sʊ
bu·có·li·ca,"nome feminino",bu.kˈɔ.li.kə
bu·co·li·ca·men·te,advérbio,bu.kɔ.li.ka.mˈẽj.tʃi
bu·có·li·co,adjetivo,bu.kˈɔ.li.kʊ
bu·có·li·co,"nome masculino",bu.kˈɔ.li.kʊ
bu·co·lis·mo,"nome masculino",bu.ko.lˈiz.mʊ
bu·da,"nome masculino",bˈu.də
bú·di·co,adjetivo,bˈu.dʒi.kʊ
bu·dis·mo,"nome masculino",bu.dʒˈiz.mʊ
bu·dis·ta,"nome feminino",bu.dʒˈis.tə
bu·dis·ta,"nome masculino",bu.dʒˈis.tə
bu·dis·ta,adjetivo,bu.dʒˈis.tə
bu·é,advérbio,bwˈɛ
bu·é,adjetivo,bwˈɛ
bu·ei·ro,"nome masculino",bwˈej.ɾʊ
bu·e·re·ré,advérbio,buɛ.ɾɛ.ɾˈɛ
bu·fa,"nome feminino",bˈu.fə
bu·fa·li·no,adjetivo,bu.fa.lˈi.nʊ
bú·fa·lo,"nome masculino",bˈu.fa.lʊ
bu·fão,"nome masculino",bu.fˈə̃w
bu·far,verbo,bu.fˈa
bu·fe·te,"nome masculino",bu.fˈe.tʃi
"buf· fer","nome masculino",
"buf· fet","nome masculino",
bu·fo,adjetivo,bˈu.fʊ
bu·fo,"nome masculino",bˈu.fʊ
bug,"nome masculino",
bu·ga·lho,"nome masculino",bu.gˈa.ʎʊ
"bu·gan·ví·li· a","nome feminino",bu.gə̃.vˈi.ljə
bu·gi·a·da,"nome feminino",bu.ʒjˈa.də
bu·gi·ar,verbo,bu.ʒjˈa
bu·gi·gan·ga,"nome feminino",bu.ʒi.gˈə̃.gə
bu·gi·o,"nome masculino",bu.ʒˈi.ʊ
bu·gle,"nome masculino",
bu·gre,"nome feminino",bˈu.gɾi
bu·gre,"nome masculino",bˈu.gɾi
bu·i·nho,"nome masculino",bwˈi.ɲʊ
bu·ir,verbo,bwˈi
bu·jar·da,"nome feminino",bu.ʒˈaɾ.də
bu·jar·ro·na,"nome feminino",bu.ʒa.xˈo.nə
bu·la,"nome feminino",bˈu.lə
bu·lar,verbo,bu.lˈa
bul·bo,"nome masculino",bˈuw.bʊ
bul·bo·so,adjetivo,buw.bˈo.zʊ
bul·cão,"nome masculino",buw.kˈə̃w
bul·do·gue,"nome masculino",buw.dˈɔ.gi
bu·le,"nome masculino",bˈu.li
bu·le·var,"nome masculino",bu.le.vˈaɾ
búl·ga·ra,"nome feminino",bˈuw.ga.ɾə
búl·ga·ro,adjetivo,bˈuw.ga.ɾʊ
búl·ga·ro,"nome masculino",bˈuw.ga.ɾʊ
bu·lha,"nome feminino",bˈu.ʎə
bu·lhão,adjetivo,bu.ʎˈə̃w
bu·lhão,"nome masculino",bu.ʎˈə̃w
bu·lhar,verbo,bu.ʎˈa
"bu·lí·ci· o","nome masculino",bu.lˈi.sjʊ
bu·li·ço·sa·men·te,advérbio,bu.li.sɔ.za.mˈẽj.tʃi
bu·li·ço·so,adjetivo,bu.li.sˈo.zʊ
bu·li·mi·a,"nome feminino",bu.li.mˈi.jə
bu·lí·mi·co,"nome masculino",bu.lˈi.mi.kʊ
bu·lí·mi·co,adjetivo,bu.lˈi.mi.kʊ
bu·lir,verbo,bu.lˈi
"bull· do· zer","nome masculino",
bum,interjeição,bˈũ
bum·ba,interjeição,bˈũ.bə
bum·bar,verbo,bũ.bˈa
bum·bo,"nome masculino",bˈũ.bʊ
bu·me·ran·gue,"nome masculino",bu.me.ɾˈə̃.gi
bun·da,"nome masculino",bˈũ.də
bun·da,"nome feminino",bˈũ.də
bun·dar,verbo,bũ.dˈa
"bun· ga· low","nome masculino",
"bun· gee-jum· ping","nome masculino",
bu·nhar,verbo,bu.ɲˈa
bu·nho,"nome masculino",bˈu.ɲʊ
"bun· ker","nome masculino",
bur,"nome masculino","bˈuɾ ou bˈuɾ"
bur,adjetivo,bˈuɾ
bu·ra·ca,"nome feminino",bu.ɾˈa.kə
bu·ra·cão,"nome masculino",bu.ɾa.kˈə̃w
bu·ra·car,verbo,bu.ɾa.kˈa
bu·ra·co,"nome masculino",bu.ɾˈa.kʊ
bur·bu·ri·nhar,verbo,buɾ.bu.ɾi.ɲˈa
bur·bu·ri·nho,"nome masculino",buɾ.bu.ɾˈi.ɲʊ
bu·rel,"nome masculino",bu.ɾˈɛw
bur·gau,"nome masculino",buɾ.gˈaw
bur·ges·so,"nome masculino",buɾ.ʒˈe.sʊ
bur·ges·so,adjetivo,buɾ.ʒˈe.sʊ
bur·go,"nome masculino",bˈuɾ.gʊ
bur·go·mes·tre,"nome masculino",buɾ.go.mˈɛs.tɾi
bur·guês,"nome masculino",buɾ.gˈes
bur·guês,adjetivo,buɾ.gˈes
bur·gue·sa,"nome feminino",buɾ.gˈe.zə
bur·gue·si·a,"nome feminino",buɾ.ge.zˈi.jə
bur·gues·men·te,advérbio,buɾ.gez.mˈẽj.tʃi
bu·ri,"nome masculino",bu.ɾˈi
bu·ril,"nome masculino",bu.ɾˈiw
bu·ri·la·da,"nome feminino",bu.ɾi.lˈa.də
bu·ri·la·do,adjetivo,bu.ɾi.lˈa.dʊ
bu·ri·lar,verbo,bu.ɾi.lˈa
bu·ri·ti,"nome masculino",bu.ɾi.tʃˈi
bur·la,"nome feminino",bˈux.lə
bur·la·do,adjetivo,bux.lˈa.dʊ
bur·la·dor,"nome masculino",bux.la.dˈoɾ
bur·la·dor,adjetivo,bux.la.dˈoɾ
bur·lão,"nome masculino",bux.lˈə̃w
bur·lão,adjetivo,bux.lˈə̃w
bur·lar,verbo,bux.lˈa
bur·les·ca·men·te,advérbio,bux.les.ka.mˈẽj.tʃi
bur·les·co,adjetivo,bux.lˈes.kʊ
bur·les·co,"nome masculino",bux.lˈes.kʊ
bur·lis·ta,"nome masculino","bux.lˈis.tə ou bux.lˈis.tə"
bur·lis·ta,adjetivo,bux.lˈis.tə
bur·lo·na,"nome feminino",bux.lˈo.nə
bu·ro·cra·ci·a,"nome feminino",bu.ɾo.kɾa.sˈi.jə
bu·ro·cra·ta,"nome masculino",bu.ɾo.kɾˈa.tə
bu·ro·cra·ta,"nome feminino",bu.ɾo.kɾˈa.tə
bu·ro·cra·ti·ca·men·te,advérbio,bu.ɾo.kɾa.tʃi.ka.mˈẽj.tʃi
bu·ro·crá·ti·co,adjetivo,bu.ɾo.kɾˈa.tʃi.kʊ
bu·ro·cra·tis·mo,"nome masculino",bu.ɾo.kɾa.tʃˈiz.mʊ
bu·ro·cra·ti·za·ção,"nome feminino",bu.ɾo.kɾa.tʃi.za.sˈə̃w
bu·ro·cra·ti·za·do,adjetivo,bu.ɾo.kɾa.tʃi.zˈa.dʊ
bu·ro·cra·ti·zan·te,adjetivo,bu.ɾo.kɾa.tʃi.zˈə̃.tʃi
bu·ro·cra·ti·zar,verbo,bu.ɾo.kɾa.tʃi.zˈa
bu·ró·ti·ca,"nome feminino",bu.ɾˈɔ.tʃi.kə
bur·ra,"nome feminino",bˈu.xə
bur·ra·da,"nome feminino",bu.xˈa.də
bur·rar,verbo,bu.xˈa
bur·ri·ca·da,"nome feminino",bu.xi.kˈa.də
bur·ri·ce,"nome feminino",bu.xˈi.si
bur·ri·co,"nome masculino",bu.xˈi.kʊ
bur·ri·é,"nome masculino",bu.xi.ˈɛ
bur·ri·nho,"nome masculino",bu.xˈi.ɲʊ
bur·ro,adjetivo,bˈu.xʊ
bur·ro,"nome masculino",bˈu.xʊ
bur·sa,"nome feminino",bˈuɾ.sə
bu·run·di·a·no,"nome masculino",bu.ɾũ.dʒjˈə.nʊ
bu·run·di·a·no,adjetivo,bu.ɾũ.dʒjˈə.nʊ
bus,"nome masculino",bˈus
bus·ca,"nome feminino",bˈus.kə
bus·ca·do,adjetivo,bus.kˈa.dʊ
bus·ca·dor,"nome masculino",bus.ka.dˈoɾ
bus·ca·dor,adjetivo,bus.ka.dˈoɾ
bus·car,verbo,bus.kˈa
bu·sí·lis,"nome masculino",bu.zˈi.lis
bús·so·la,"nome feminino",bˈu.so.lə
bus·to,"nome masculino",bˈus.tʊ
bu·ta,"nome feminino",bˈu.tə
bu·ta·nês,"nome masculino",bu.ta.nˈes
bu·ta·nês,adjetivo,bu.ta.nˈes
bu·ta·no,"nome masculino",bu.tˈə.nʊ
bu·te,"nome masculino",bˈu.tʃi
"bú·ti· o","nome masculino",bˈu.tʃjʊ
bu·xo,"nome masculino",bˈu.ʃʊ
bu·zi·na,"nome feminino",bu.zˈi.nə
bu·zi·na,"nome masculino",bu.zˈi.nə
bu·zi·na·de·la,"nome feminino",bu.zi.na.dˈɛ.lə
bu·zi·não,"nome masculino",bu.zi.nˈə̃w
bu·zi·nar,verbo,bu.zi.nˈa
"bú·zi· o","nome masculino",bˈu.zjʊ
"bú·zi· o",adjetivo,bˈu.zjʊ
"by· pass","nome masculino",
by·ro·ni·a·no,adjetivo,baj.ɾo.njˈə.nʊ
"by· te","nome masculino",
