o,pronome,u
ó,interjeição,ˈɔ
o,pronome,u
o,artigo,"u ou u"
o·á·sis,"nome masculino",o.ˈa.zis
ob-ro·gar,verbo,ob.xo.gˈaɾ
o·ba,interjeição,o.bə
o·ba,"nome feminino",o.bə
o·bau·di·ção,"nome feminino",o.baw.dʒi.sˈə̃w
ob·ce·ca·ção,"nome feminino",o.bi.se.ka.sˈə̃w
ob·ce·ca·da,"nome feminino",o.bi.se.kˈa.də
ob·ce·ca·da·men·te,advérbio,o.bi.se.ka.da.mˈẽj.tʃi
ob·ce·ca·do,adjetivo,o.bi.se.kˈa.dʊ
ob·ce·ca·do,"nome masculino",o.bi.se.kˈa.dʊ
ob·ce·can·te,adjetivo,o.bi.se.kˈə̃.tʃi
ob·ce·car,verbo,o.bi.se.kˈa
ob·com·pri·mi·do,adjetivo,ob.kõ.pɾi.mˈi.dʊ
ob·có·ni·co,adjetivo,ob.kˈɔ.ni.kʊ
ob·cor·da·do,adjetivo,ob.koɾ.dˈa.dʊ
ob·cor·ren·te,adjetivo,ob.ko.xˈẽj.tʃi
ob·den·ta·do,adjetivo,ob.dẽ.tˈa.dʊ
ob·du·ra·ção,"nome feminino",ob.du.ɾa.sˈə̃w
ob·du·rar,verbo,ob.du.ɾˈaɾ
o·be·de·cer,verbo,o.be.de.sˈe
o·be·de·ci·do,adjetivo,o.be.de.sˈi.dʊ
"o·be·di·ên·ci· a","nome feminino",o.be.dʒi.ˈẽj.sjə
o·be·di·en·te,"nome feminino",o.be.dʒi.ˈẽj.tʃi
o·be·di·en·te,"nome masculino",o.be.dʒi.ˈẽj.tʃi
o·be·di·en·te,adjetivo,o.be.dʒi.ˈẽj.tʃi
o·be·di·en·te·men·te,advérbio,o.be.dʒi.ẽ.te.mˈẽj.tʃi
o·be·lis·co,"nome masculino",o.be.lˈis.kʊ
o·be·si·da·de,"nome feminino",o.be.zi.dˈa.dʒi
o·be·so,adjetivo,o.bˈe.zʊ
ob·fir·ma·do,adjetivo,ob.fiɾ.mˈa.dʊ
ob·fir·mar,verbo,ob.fiɾ.mˈaɾ
o·bi,"nome masculino",o.bi
ó·bi·ce,"nome masculino",ˈɔ.bi.si
o·bi·den·se,"nome masculino","ɔ.bi.dˈẽj.si ou ɔ.bi.dˈẽj.si"
o·bi·den·se,adjetivo,ɔ.bi.dˈẽj.si
ó·bi·to,"nome masculino",ˈɔ.bi.tʊ
"o·bi·tu·á·ri· o","nome masculino",o.bi.twˈa.ɾjʊ
"o·bi·tu·á·ri· o",adjetivo,o.bi.twˈa.ɾjʊ
ob·je·ção,"nome feminino",o.bi.ʒe.sˈə̃w
ob·jec·ção,"nome feminino",o.bi.ʒe.kə.sˈə̃w
ob·jec·ta·do,adjetivo,o.bi.ʒe.kə.tˈa.dʊ
ob·jec·ti·va,"nome feminino",o.bi.ʒe.ki.tʃˈi.və
ob·jec·ti·va·ção,"nome feminino",o.bi.ʒe.ki.tʃi.va.sˈə̃w
ob·jec·ti·va·do,adjetivo,o.bi.ʒe.ki.tʃi.vˈa.dʊ
ob·jec·ti·va·men·te,advérbio,o.bi.ʒe.ki.tʃi.va.mˈẽj.tʃi
ob·jec·ti·vi·da·de,"nome feminino",o.bi.ʒe.ki.tʃi.vi.dˈa.dʒi
ob·jec·ti·vis·mo,"nome masculino",o.bi.ʒe.ki.tʃi.vˈiz.mʊ
ob·jec·ti·vis·ta,"nome masculino","o.bi.ʒe.ki.tʃi.vˈis.tə ou o.bi.ʒe.ki.tʃi.vˈis.tə"
ob·jec·ti·vis·ta,adjetivo,o.bi.ʒe.ki.tʃi.vˈis.tə
ob·jec·ti·vo,"nome masculino",o.bi.ʒe.ki.tʃˈi.vʊ
ob·jec·ti·vo,adjetivo,o.bi.ʒe.ki.tʃˈi.vʊ
ob·jec·tor,adjetivo,o.bi.ʒe.kə.tˈoɾ
ob·jec·tor,"nome masculino",o.bi.ʒe.kə.tˈoɾ
ob·jec·to·ra,"nome feminino",o.bi.ʒe.kə.tˈo.ɾə
ob·jei·to,"nome masculino",ob.ʒˈej.tʊ
ob·je·tar,verbo,"o.bi.ʒe.tˈa ou o.bi.ʒe.tˈa"
ob·je·ti·va,"nome feminino",o.bi.ʒe.tʃˈi.və
ob·je·ti·va·men·te,advérbio,o.bi.ʒe.tʃi.va.mˈẽj.tʃi
ob·je·ti·var,verbo,"o.bi.ʒe.tʃi.vˈa ou o.bi.ʒe.tʃi.vˈa"
ob·je·ti·vo,"nome masculino",o.bi.ʒe.tʃˈi.vʊ
ob·je·ti·vo,adjetivo,o.bi.ʒe.tʃˈi.vʊ
ob·je·to,"nome masculino","o.bi.ʒˈɛ.tʊ ou o.bi.ʒˈɛ.tʊ"
"ob·jur·ga·tó·ri· a","nome feminino",ɔ.bə.ʒuɾ.ga.tˈɔ.ɾjə
"ob·jur·ga·tó·ri· o",adjetivo,ɔ.bə.ʒuɾ.ga.tˈɔ.ɾjʊ
o·bla·da,"nome feminino",ɔ.blˈa.də
o·bla·ta,"nome feminino",o.blˈa.tə
o·bla·tar,verbo,o.bla.tˈa
o·bla·to,adjetivo,o.blˈa.tʊ
o·blí·qua,"nome feminino",o.blˈi.kwə
o·bli·qua·men·te,advérbio,o.bli.kwa.mˈẽj.tʃi
o·bli·quar,verbo,o.bli.kwˈa
o·bli·qui·da·de,"nome feminino",o.bli.kwi.dˈa.dʒi
o·blí·quo,adjetivo,o.blˈi.kwʊ
o·blí·quo,"nome masculino",o.blˈi.kwʊ
o·bli·te·ra·ção,"nome feminino",o.bli.te.ɾa.sˈə̃w
o·bli·te·ra·do,adjetivo,o.bli.te.ɾˈa.dʊ
o·bli·te·ra·dor,adjetivo,o.bli.te.ɾa.dˈoɾ
o·bli·te·ra·dor,"nome masculino",o.bli.te.ɾa.dˈoɾ
o·bli·te·rar,verbo,o.bli.te.ɾˈa
o·blon·go,adjetivo,o.blˈõ.gʊ
"ob·nó·xi· o",adjetivo,ɔ.bə.nˈɔ.ki.sjʊ
ob·nu·bi·la·ção,"nome feminino",o.bə.nu.bi.la.sˈə̃w
ob·nu·bi·lar,verbo,o.bə.nu.bi.lˈa
o·bo·é,"nome masculino",o.bwˈɛ
o·bo·ís·ta,"nome masculino","o.bwˈis.tə ou o.bwˈis.tə"
ó·bo·lo,"nome masculino",ˈɔ.bo.lʊ
o·bo·va·do,adjetivo,o.bo.vˈa.dʊ
o·bo·val,adjetivo,o.bo.vˈaw
o·bo·va·la·do,adjetivo,o.bo.va.lˈa.dʊ
o·bo·voi·de,adjetivo,o.bɔ.vˈɔj.dʒi
ob·pi·ra·mi·dal,adjetivo,ob.pi.ɾa.mi.dˈaw
o·bra,"nome feminino",ˈɔ.bɾə
o·bra-pri·ma,"nome feminino",ˌɔ.bɾə.pɾˈi.mə
o·brar,verbo,o.bɾˈa
o·brei·ra,"nome feminino",o.bɾˈej.ɾə
o·brei·ro,"nome masculino",o.bɾˈej.ɾʊ
o·brei·ro,adjetivo,o.bɾˈej.ɾʊ
o·bri·ga,"nome feminino",o.bɾˈi.gə
o·bri·ga·ção,"nome feminino",o.bɾi.ga.sˈə̃w
o·bri·ga·ci·o·nis·ta,"nome masculino","o.bɾi.ga.si.o.nˈis.tə ou o.bɾi.ga.si.o.nˈis.tə"
o·bri·ga·ci·o·nis·ta,adjetivo,o.bɾi.ga.si.o.nˈis.tə
o·bri·ga·do,adjetivo,o.bɾi.gˈa.dʊ
o·bri·ga·do,interjeição,o.bɾi.gˈa.dʊ
o·bri·gar,verbo,o.bɾi.gˈa
o·bri·ga·to·ri·a·men·te,advérbio,o.bɾi.ga.tɔ.ɾja.mˈẽj.tʃi
o·bri·ga·to·ri·e·da·de,"nome feminino",o.bɾi.ga.to.ɾi.e.dˈa.dʒi
"o·bri·ga·tó·ri· o",adjetivo,o.bɾi.ga.tˈɔ.ɾjʊ
obs·ce·na·men·te,advérbio,o.bi.se.na.mˈẽj.tʃi
obs·ce·ni·da·de,"nome feminino",o.bi.se.ni.dˈa.dʒi
obs·ce·no,adjetivo,o.bi.sˈe.nʊ
obs·cu·ra·men·te,advérbio,obs.ku.ɾa.mˈẽj.tʃi
obs·cu·ran·tis·mo,"nome masculino",obs.ku.ɾə̃.tʃˈiz.mʊ
obs·cu·ran·tis·ta,adjetivo,obs.ku.ɾə̃.tʃˈis.tə
obs·cu·ran·tis·ta,"nome feminino",obs.ku.ɾə̃.tʃˈis.tə
obs·cu·ran·tis·ta,"nome masculino",obs.ku.ɾə̃.tʃˈis.tə
obs·cu·re·cer,verbo,obs.ku.ɾe.sˈe
obs·cu·re·ci·do,adjetivo,obs.ku.ɾe.sˈi.dʊ
obs·cu·re·ci·men·to,"nome masculino",obs.ku.ɾe.si.mˈẽj.tʊ
obs·cu·ri·da·de,"nome feminino",obs.ku.ɾi.dˈa.dʒi
obs·cu·ro,adjetivo,obs.kˈu.ɾʊ
ob·se·dar,verbo,ob.se.dˈaɾ
ob·se·quen·te,adjetivo,ob.se.kwˈẽj.tʃi
ob·se·qui·ar,verbo,o.bi.ze.kjˈa
"ob·sé·qui· o","nome masculino",o.bi.zˈɛ.kjʊ
ob·se·qui·o·sa·men·te,advérbio,o.bi.ze.ki.ɔ.za.mˈẽj.tʃi
ob·se·qui·o·so,adjetivo,o.bi.ze.ki.ˈo.zʊ
ob·ser·va·ção,"nome feminino",o.bi.seɾ.va.sˈə̃w
ob·ser·va·do,adjetivo,o.bi.seɾ.vˈa.dʊ
ob·ser·va·dor,"nome masculino",o.bi.seɾ.va.dˈoɾ
ob·ser·va·dor,adjetivo,o.bi.seɾ.va.dˈoɾ
ob·ser·va·do·ra,"nome feminino",o.bi.seɾ.va.dˈo.ɾə
"ob·ser·vân·ci· a","nome feminino",o.bi.seɾ.vˈə̃.sjə
ob·ser·van·te,"nome feminino","o.bi.seɾ.vˈə̃.tʃi ou o.bi.seɾ.vˈə̃.tʃi"
ob·ser·van·te,adjetivo,o.bi.seɾ.vˈə̃.tʃi
ob·ser·var,verbo,o.bi.seɾ.vˈa
"ob·ser·va·tó·ri· o","nome masculino",o.bi.seɾ.va.tˈɔ.ɾjʊ
ob·ser·vá·vel,adjetivo,o.bi.seɾ.vˈa.vew
ob·ser·vá·vel,"nome masculino",o.bi.seɾ.vˈa.vew
ob·ses·são,"nome feminino",o.bi.se.sˈə̃w
ob·ses·si·va,"nome feminino",o.bi.se.sˈi.və
ob·ses·si·va·men·te,advérbio,o.bi.se.si.va.mˈẽj.tʃi
ob·ses·si·vo,adjetivo,o.bi.se.sˈi.vʊ
ob·ses·si·vo,"nome masculino",o.bi.se.sˈi.vʊ
ob·ses·si·vo-com·pul·si·vo,adjetivo,o.bi.se.sˌi.vʊ.kõ.puw.sˈi.vʊ
ob·si·di·a·na,"nome feminino",ɔ.bi.si.dʒjˈə.nə
ob·si·di·an·te,adjetivo,ɔ.bi.si.dʒjˈə̃.tʃi
"ob·so·les·cên·ci· a","nome feminino",ɔ.bə.so.le.sˈẽj.sjə
ob·so·le·tis·mo,"nome masculino",o.bə.so.le.tʃˈiz.mʊ
ob·so·le·to,adjetivo,o.bə.so.lˈɛ.tʊ
obs·ta·cu·li·zar,verbo,obs.ta.ku.li.zˈa
obs·tá·cu·lo,"nome masculino",obs.tˈa.ku.lʊ
obs·tan·te,adjetivo,obs.tˈə̃.tʃi
obs·tar,verbo,obs.tˈa
obs·te·tra,"nome masculino",obs.tˈɛ.tɾə
obs·te·tra,"nome feminino",obs.tˈɛ.tɾə
obs·té·tri·ca,"nome feminino",obs.tˈɛ.tɾi.kə
"obs·te·trí·ci· a","nome feminino",obs.te.tɾˈi.sjə
"obs·te·trí·ci· o",adjetivo,obs.te.tɾˈi.sjʊ
obs·té·tri·co,adjetivo,obs.tˈɛ.tɾi.kʊ
obs·ti·na·ção,"nome feminino",obs.tʃi.na.sˈə̃w
obs·ti·na·da,"nome feminino",obs.tʃi.nˈa.də
obs·ti·na·da·men·te,advérbio,obs.tʃi.na.da.mˈẽj.tʃi
obs·ti·na·do,"nome masculino",obs.tʃi.nˈa.dʊ
obs·ti·na·do,adjetivo,obs.tʃi.nˈa.dʊ
obs·ti·nar,verbo,obs.tʃi.nˈa
obs·ti·pa·ção,"nome feminino",ɔbs.tʃi.pa.sˈə̃w
obs·tru·ção,"nome feminino",obs.tɾu.sˈə̃w
obs·tru·ci·o·nis·mo,"nome masculino",obs.tɾu.si.o.nˈiz.mʊ
obs·tru·ci·o·nis·ta,adjetivo,obs.tɾu.si.o.nˈis.tə
obs·tru·ci·o·nis·ta,"nome masculino","obs.tɾu.si.o.nˈis.tə ou obs.tɾu.si.o.nˈis.tə"
obs·tru·í·do,adjetivo,obs.tɾwˈi.dʊ
obs·tru·ir,verbo,obs.tɾwˈi
obs·tru·ti·vo,adjetivo,obs.tɾu.tʃˈi.vʊ
ob·tem·pe·rar,verbo,o.bi.tẽ.pe.ɾˈa
ob·ten·ção,"nome feminino",o.bi.tẽ.sˈə̃w
ob·ter,verbo,o.bi.tˈe
ob·tes·tar,verbo,ob.tes.tˈaɾ
ob·ti·do,adjetivo,o.bi.tʃˈi.dʊ
ob·tu·ra·ção,"nome feminino",o.bə.tu.ɾa.sˈə̃w
ob·tu·ra·dor,"nome masculino",o.bə.tu.ɾa.dˈoɾ
ob·tu·ra·dor,adjetivo,o.bə.tu.ɾa.dˈoɾ
ob·tu·rar,verbo,o.bə.tu.ɾˈa
ob·tur·bi·na·do,adjetivo,ob.tuɾ.bi.nˈa.dʊ
ob·tu·sa·men·te,advérbio,o.bə.tu.za.mˈẽj.tʃi
ob·tu·si·da·de,"nome feminino",o.bə.tu.zi.dˈa.dʒi
ob·tu·so,adjetivo,o.bə.tˈu.zʊ
o·bus,"nome masculino",o.bˈus
o·bu·sei·ro,adjetivo,o.bu.zˈej.ɾʊ
o·bu·sei·ro,"nome masculino",o.bu.zˈej.ɾʊ
ob·ver·so,"nome masculino",ob.vˈɛɾ.sʊ
ob·vi·a·men·te,advérbio,o.bi.vja.mˈẽj.tʃi
ob·vi·ar,verbo,o.bi.vjˈa
ob·vi·á·vel,adjetivo,ob.vjˈa.vew
"ób·vi· o",adjetivo,ˈɔ.bi.vjʊ
ob·vir,verbo,ob.vˈiɾ
ob·vol·vi·do,adjetivo,ob.vow.vˈi.dʊ
oc,"nome masculino",ˈɔk
o·ca,"nome feminino",ˈo.kə
o·ca·men·te,advérbio,o.ka.mˈẽj.tʃi
o·ca·pi,"nome masculino",o.ka.pˈi
o·car,verbo,ɔ.kˈa
o·ca·ri·na,"nome feminino",o.ka.ɾˈi.nə
o·ca·si·ão,"nome feminino",o.ka.zi.ˈə̃w
o·ca·si·o·na·do,adjetivo,o.ka.zi.o.nˈa.dʊ
o·ca·si·o·nal,adjetivo,o.ka.zi.o.nˈaw
o·ca·si·o·nal·men·te,advérbio,o.ka.zi.o.naw.mˈẽj.tʃi
o·ca·si·o·nar,verbo,o.ka.zi.o.nˈa
o·ca·so,"nome masculino",ɔ.kˈa.zʊ
oc·ci·pi·tal,adjetivo,o.ki.si.pi.tˈaw
oc·ci·pi·tal,"nome masculino",o.ki.si.pi.tˈaw
oc·ci·ta·no,adjetivo,ɔ.ki.si.tˈə.nʊ
"o·ce·a·ná·ri· o","nome masculino",o.si.a.nˈa.ɾjʊ
o·ce·â·ni·co,adjetivo,o.si.ˈə.ni.kʊ
o·ce·a·no,"nome masculino",o.si.ˈə.nʊ
o·ce·a·no·gra·fi·a,"nome feminino",o.si.a.no.gɾa.fˈi.jə
o·ce·a·no·grá·fi·co,adjetivo,o.si.a.no.gɾˈa.fi.kʊ
o·ce·a·nó·gra·fo,"nome masculino",o.si.a.nˈɔ.gɾa.fʊ
o·ce·a·no·ló·gi·co,adjetivo,o.si.a.no.lˈɔ.ʒi.kʊ
o·ce·a·nó·lo·go,"nome masculino",o.si.a.nˈɔ.lo.gʊ
o·ci·den·tal,"nome feminino",o.si.dẽ.tˈaw
o·ci·den·tal,"nome masculino",o.si.dẽ.tˈaw
o·ci·den·tal,adjetivo,o.si.dẽ.tˈaw
o·ci·den·ta·li·da·de,"nome feminino",o.si.dẽ.ta.li.dˈa.dʒi
o·ci·den·ta·lis·mo,"nome masculino",o.si.dẽ.ta.lˈiz.mʊ
o·ci·den·ta·lis·ta,"nome masculino","o.si.dẽ.ta.lˈis.tə ou o.si.dẽ.ta.lˈis.tə"
o·ci·den·ta·lis·ta,adjetivo,o.si.dẽ.ta.lˈis.tə
o·ci·den·ta·li·za·ção,"nome feminino",o.si.dẽ.ta.li.za.sˈə̃w
o·ci·den·ta·li·za·do,adjetivo,o.si.dẽ.ta.li.zˈa.dʊ
o·ci·den·ta·li·zar,verbo,o.si.dẽ.ta.li.zˈa
o·ci·den·tal·men·te,advérbio,o.si.dẽ.taw.mˈẽj.tʃi
o·ci·den·te,"nome masculino",o.si.dˈẽj.tʃi
"ó·ci· o","nome masculino",ˈɔ.sjʊ
o·ci·o·sa,"nome feminino",o.si.ˈɔ.zə
o·ci·o·sa·men·te,advérbio,o.si.o.za.mˈẽj.tʃi
o·ci·o·si·da·de,"nome feminino",o.si.o.zi.dˈa.dʒi
o·ci·o·so,adjetivo,o.si.ˈo.zʊ
o·ci·o·so,"nome masculino",o.si.ˈo.zʊ
o·clu·são,"nome feminino",ɔ.klu.zˈə̃w
o·co,"nome masculino",ˈo.kʊ
o·co,adjetivo,ˈo.kʊ
"o·cor·rên·ci· a","nome feminino",o.ko.xˈẽj.sjə
o·cor·ren·te,adjetivo,o.ko.xˈẽj.tʃi
o·cor·rer,verbo,o.ko.xˈe
o·cre,"nome masculino",ˈɔ.kɾi
oc·ta·e·dro,"nome masculino",ɔ.kə.ta.ˈɛ.dɾʊ
oc·ta·na,"nome feminino",ɔ.kə.tˈə.nə
oc·ta·vi·a·no,adjetivo,ɔ.kə.ta.vjˈə.nʊ
oc·te·to,"nome masculino",o.ki.tˈe.tʊ
"oc·to·ge·ná·ri· a","nome feminino",o.kə.to.ʒe.nˈa.ɾjə
"oc·to·ge·ná·ri· o","nome masculino",o.kə.to.ʒe.nˈa.ɾjʊ
"oc·to·ge·ná·ri· o",adjetivo,o.kə.to.ʒe.nˈa.ɾjʊ
oc·to·gé·si·mo,número,"o.kə.to.ʒˈɛ.zi.mʊ ou o.kə.to.ʒˈɛ.zi.mʊ"
oc·to·gé·si·mo,"nome masculino",o.kə.to.ʒˈɛ.zi.mʊ
oc·to·go·nal,adjetivo,o.kə.to.go.nˈaw
oc·tó·go·no,adjetivo,o.kə.tˈɔ.go.nʊ
oc·tó·go·no,"nome masculino",o.kə.tˈɔ.go.nʊ
oc·tó·po·de,adjetivo,o.kə.tˈɔ.po.dʒi
oc·tó·po·de,"nome masculino",o.kə.tˈɔ.po.dʒi
óc·tu·plo,"nome masculino",ˈɔ.kə.tu.plʊ
óc·tu·plo,adjetivo,ˈɔ.kə.tu.plʊ
óc·tu·plo,número,ˈɔ.kə.tu.plʊ
o·cu·lar,adjetivo,o.ku.lˈaɾ
o·cu·lar,verbo,o.ku.lˈa
o·cu·lar,"nome feminino",o.ku.lˈaɾ
o·cu·lis·ta,"nome feminino",o.ku.lˈis.tə
o·cu·lis·ta,"nome masculino",o.ku.lˈis.tə
o·cu·lis·ta,adjetivo,o.ku.lˈis.tə
ó·cu·lo,"nome masculino",ˈɔ.ku.lʊ
ó·cu·los,"nome masculino",ˈɔ.ku.lʊs
o·cul·ta·ção,"nome feminino",o.kuw.ta.sˈə̃w
o·cul·ta·dor,adjetivo,o.kuw.ta.dˈoɾ
o·cul·ta·do·ra,"nome feminino",o.kuw.ta.dˈo.ɾə
o·cul·ta·men·te,advérbio,o.kuw.ta.mˈẽj.tʃi
o·cul·tar,verbo,o.kuw.tˈa
o·cul·tas,"nome feminino",o.kˈuw.təs
o·cul·tis·mo,"nome masculino",o.kuw.tʃˈiz.mʊ
o·cul·tis·ta,"nome feminino",o.kuw.tʃˈis.tə
o·cul·tis·ta,"nome masculino",o.kuw.tʃˈis.tə
o·cul·tis·ta,adjetivo,o.kuw.tʃˈis.tə
o·cul·to,adjetivo,o.kˈuw.tʊ
o·cul·to,"nome masculino",o.kˈuw.tʊ
o·cu·pa,"nome masculino","o.kˈu.pə ou o.kˈu.pə"
o·cu·pa·ção,"nome feminino",o.ku.pa.sˈə̃w
o·cu·pa·ci·o·nal,adjetivo,o.ku.pa.si.o.nˈaw
o·cu·pa·da·men·te,advérbio,o.ku.pa.da.mˈẽj.tʃi
o·cu·pa·do,adjetivo,o.ku.pˈa.dʊ
o·cu·pan·te,"nome masculino",o.ku.pˈə̃.tʃi
o·cu·pan·te,"nome feminino",o.ku.pˈə̃.tʃi
o·cu·pan·te,adjetivo,o.ku.pˈə̃.tʃi
o·cu·par,verbo,o.ku.pˈa
o·da·lis·ca,"nome feminino",o.da.lˈis.kə
o·de,"nome feminino",ˈɔ.dʒi
o·di·ar,verbo,o.dʒjˈa
o·di·á·vel,adjetivo,o.dʒjˈa.vew
o·di·en·to,adjetivo,o.dʒi.ˈẽj.tʊ
"ó·di· o","nome masculino",ˈɔ.dʒjʊ
o·di·o·sa·men·te,advérbio,o.dʒi.ɔ.za.mˈẽj.tʃi
o·di·o·so,"nome masculino",o.dʒi.ˈo.zʊ
o·di·o·so,adjetivo,o.dʒi.ˈo.zʊ
o·dis·sei·a,"nome feminino",o.dʒi.sˈej.jə
o·di·ve·len·se,adjetivo,ɔ.dʒi.ve.lˈẽj.si
o·di·ve·len·se,"nome masculino","ɔ.dʒi.ve.lˈẽj.si ou ɔ.dʒi.ve.lˈẽj.si"
o·don·to·lo·gi·a,"nome feminino",o.dõ.to.lo.ʒˈi.jə
o·don·to·lo·gis·ta,"nome masculino","o.dõ.to.lo.ʒˈis.tə ou o.dõ.to.lo.ʒˈis.tə"
o·dor,"nome masculino",o.dˈoɾ
o·do·ran·te,adjetivo,o.do.ɾˈə̃.tʃi
o·do·rar,verbo,o.do.ɾˈa
o·do·rí·fe·ro,adjetivo,o.do.ɾˈi.fe.ɾʊ
o·do·rí·fi·co,adjetivo,o.do.ɾˈi.fi.kʊ
o·dre,"nome masculino",ˈo.dɾi
o·ei·ren·se,adjetivo,o.ej.ɾˈẽj.si
o·ei·ren·se,"nome masculino","o.ej.ɾˈẽj.si ou o.ej.ɾˈẽj.si"
o·es·te,adjetivo,o.ˈɛs.tʃi
o·es·te,"nome masculino",o.ˈɛs.tʃi
o·fe·gan·te,adjetivo,o.fe.gˈə̃.tʃi
o·fen·der,verbo,o.fẽ.dˈe
o·fen·di·da,"nome feminino",o.fẽ.dʒˈi.dʊ
o·fen·di·do,adjetivo,"o.fẽ.dʒˈi.dʊ ou o.fẽ.dʒˈi.dʊ"
o·fen·di·do,"nome masculino",o.fẽ.dʒˈi.dʊ
o·fen·sa,"nome feminino",o.fˈẽj.sə
o·fen·si·va,"nome feminino",o.fẽ.sˈi.və
o·fen·si·va·men·te,advérbio,o.fẽ.si.va.mˈẽj.tʃi
o·fen·si·vo,adjetivo,o.fẽ.sˈi.vʊ
o·fen·so,adjetivo,o.fˈẽj.sə
o·fen·sor,"nome masculino",o.fẽ.sˈoɾ
o·fen·sor,adjetivo,o.fẽ.sˈoɾ
o·fe·re·cer,verbo,o.fe.ɾe.sˈe
o·fe·re·ci·do,adjetivo,o.fe.ɾe.sˈi.dʊ
o·fe·re·ci·men·to,"nome masculino",o.fe.ɾe.si.mˈẽj.tʊ
o·fe·ren·da,"nome feminino",o.fe.ɾˈẽj.də
o·fe·ren·dar,verbo,o.fe.ɾẽ.dˈa
o·fe·ren·te,adjetivo,o.fe.ɾˈẽj.tʃi
o·fe·ren·te,"nome masculino","o.fe.ɾˈẽj.tʃi ou o.fe.ɾˈẽj.tʃi"
o·fer·ta,"nome feminino",o.fˈɛɾ.tə
o·fer·tan·te,"nome feminino",o.feɾ.tˈə̃.tʃi
o·fer·tan·te,"nome masculino",o.feɾ.tˈə̃.tʃi
o·fer·tan·te,adjetivo,o.feɾ.tˈə̃.tʃi
o·fer·tar,verbo,o.feɾ.tˈa
"o·fer·tó·ri· o","nome masculino",o.feɾ.tˈɔ.ɾjʊ
"off· set","nome masculino",
"off· sho· re",adjetivo,
"off· sho· re","nome masculino",
o·fi·ci·al,"nome masculino",o.fi.sjˈaw
o·fi·ci·al,adjetivo,o.fi.sjˈaw
o·fi·ci·al,"nome feminino",o.fi.sjˈaw
o·fi·ci·a·la·to,"nome masculino",o.fi.sja.lˈa.tʊ
o·fi·ci·a·li·da·de,"nome feminino",o.fi.sja.li.dˈa.dʒi
o·fi·ci·a·lis·mo,"nome masculino",o.fi.sja.lˈiz.mʊ
o·fi·ci·a·li·za·ção,"nome feminino",o.fi.sja.li.za.sˈə̃w
o·fi·ci·a·li·za·do,adjetivo,o.fi.sja.li.zˈa.dʊ
o·fi·ci·a·li·zar,verbo,o.fi.sja.li.zˈa
o·fi·ci·al·men·te,advérbio,o.fi.sjaw.mˈẽj.tʃi
o·fi·ci·an·te,"nome masculino",o.fi.sjˈə̃.tʃi
o·fi·ci·an·te,adjetivo,o.fi.sjˈə̃.tʃi
o·fi·ci·an·te,"nome feminino",o.fi.sjˈə̃.tʃi
o·fi·ci·ar,verbo,o.fi.sjˈa
o·fi·ci·na,"nome feminino",o.fi.sˈi.nə
o·fi·ci·nal,adjetivo,o.fi.si.nˈaw
"o·fí·ci· o","nome masculino",o.fˈi.sjʊ
o·fi·ci·o·sa·men·te,advérbio,o.fi.si.o.za.mˈẽj.tʃi
o·fi·ci·o·so,"nome masculino",o.fi.si.ˈo.zʊ
o·fi·ci·o·so,adjetivo,o.fi.si.ˈo.zʊ
"o·fí·di· o","nome masculino",o.fˈi.dʒjʊ
"o·fí·di· o",adjetivo,o.fˈi.dʒjʊ
of·tál·mi·ca,"nome feminino",o.fə.taɫ.mi.kə
of·tál·mi·co,adjetivo,o.fə.taɫ.mi.kʊ
of·tal·mo·lo·gi·a,"nome feminino",o.fə.taɫ.mo.lo.ʒˈi.jə
of·tal·mo·ló·gi·co,adjetivo,o.fə.taɫ.mo.lˈɔ.ʒi.kʊ
of·tal·mo·lo·gis·ta,"nome masculino",o.fə.taɫ.mo.lo.ʒˈis.tə
of·tal·mo·lo·gis·ta,"nome feminino",o.fə.taɫ.mo.lo.ʒˈis.tə
o·fus·ca·ção,"nome feminino",o.fus.ka.sˈə̃w
o·fus·ca·do,adjetivo,o.fus.kˈa.dʊ
o·fus·ca·men·to,"nome masculino",o.fus.ka.mˈẽj.tʊ
o·fus·can·te,adjetivo,o.fus.kˈə̃.tʃi
o·fus·car,verbo,o.fus.kˈa
o·gi·va,"nome feminino",o.ʒˈi.və
o·gi·val,adjetivo,o.ʒi.vˈaw
o·gre,"nome masculino",ˈɔ.gɾi
oh,interjeição,ˈɔ
ohm,"nome masculino",
oi,interjeição,ˈoj
oi·ça,"nome feminino",ˈoj.sə
"o·í·di· o","nome masculino",wˈi.dʒjʊ
oi·ra,"nome feminino",ˈoj.ɾə
oi·rar,verbo,oj.ɾˈa
oi·ro,"nome masculino",ˈoj.ɾʊ
oi·tão,"nome masculino",oj.tˈə̃w
oi·ta·va,"nome feminino",oj.tˈa.və
oi·ta·va·do,adjetivo,oj.ta.vˈa.dʊ
oi·ta·var,verbo,oj.ta.vˈa
"oi·ta·vá·ri· o","nome masculino",oj.ta.vˈa.ɾjʊ
oi·ta·vo,"nome masculino",oj.tˈa.vʊ
oi·ta·vo,número,oj.tˈa.vʊ
oi·ta·vo,número,oj.tˈa.vʊ
"oi·ta·vos de fi·nal","nome masculino",oj.tˌa.vʊs.dʒi.fi.nˈaw
oi·ten·ta,"nome masculino",oj.tˈẽj.tə
oi·ten·ta,número,oj.tˈẽj.tə
oi·to,número,ˈoj.tʊ
oi·to,"nome masculino",ˈoj.tʊ
oi·to·cen·tis·ta,adjetivo,oj.to.sẽ.tʃˈis.tə
oi·to·cen·tis·ta,"nome masculino",oj.to.sẽ.tʃˈis.tə
oi·to·cen·tis·ta,"nome feminino",oj.to.sẽ.tʃˈis.tə
oi·to·cen·tos,número,oj.to.sˈẽj.tʊs
oi·to·cen·tos,"nome masculino",oj.to.sˈẽj.tʊs
o·lá,interjeição,o.lˈa
o·la,"nome feminino",ˈɔ.lə
o·lai·a,"nome feminino",ɔ.lˈaj.jə
o·la·ré,interjeição,ɔ.la.ɾˈɛ
o·la·ri·a,"nome feminino",o.la.ɾˈi.jə
o·lé,interjeição,o.lˈɛ
o·le·a·do,"nome masculino",o.li.ˈa.dʊ
o·le·a·do,adjetivo,o.li.ˈa.dʊ
o·le·a·gi·no·sa,"nome feminino",o.li.a.ʒi.nˈɔ.zə
o·le·a·gi·no·so,adjetivo,o.li.a.ʒi.nˈo.zʊ
o·le·ar,verbo,o.li.ˈa
o·lei·co,adjetivo,ɔ.lˈej.kʊ
o·le·í·co·la,adjetivo,o.le.ˈi.ko.lə
o·lei·ra,"nome feminino",o.lˈej.ɾə
o·lei·ro,"nome masculino",o.lˈej.ɾʊ
o·lei·ro,adjetivo,o.lˈej.ɾʊ
"ó·le· o","nome masculino",ˈɔ.ljʊ
o·le·o·du·to,"nome masculino",o.le.o.dˈu.tʊ
o·le·o·si·da·de,"nome masculino",o.le.o.zi.dˈa.dʒi
o·le·o·so,adjetivo,o.le.ˈo.zʊ
ol·fac·tar,verbo,ow.fa.kə.tˈa
ol·fac·ti·va·men·te,advérbio,ow.fa.ki.tʃi.va.mˈẽj.tʃi
ol·fac·ti·vo,adjetivo,ow.fa.ki.tʃˈi.vʊ
ol·fac·to,"nome masculino",ow.fˈa.kə.tʊ
ol·fa·to,"nome masculino",ow.fˈa.tʊ
ol·ga,"nome feminino",ˈɔw.gə
o·lha,"nome feminino",ˈo.ʎə
o·lha·da,"nome feminino",o.ʎˈa.də
o·lha·de·la,"nome feminino",o.ʎa.dˈɛ.lə
o·lha·do,"nome masculino",o.ʎˈa.dʊ
o·lha·do,adjetivo,o.ʎˈa.dʊ
o·lhal,"nome masculino",ɔ.ʎˈaw
o·lhal·va,"nome feminino",o.ʎˈaw.və
o·lhal·vo,adjetivo,o.ʎˈaw.vʊ
o·lhal·vo,"nome masculino",o.ʎˈaw.vʊ
o·lha·nen·se,"nome masculino","o.ʎa.nˈẽj.si ou o.ʎa.nˈẽj.si"
o·lha·nen·se,adjetivo,o.ʎa.nˈẽj.si
o·lhar,"nome masculino",o.ʎˈaɾ
o·lhar,verbo,o.ʎˈa
o·lhe,interjeição,ˈɔ.ʎi
o·lhei·ras,"nome feminino",o.ʎˈej.ɾəs
o·lhei·ren·to,adjetivo,o.ʎej.ɾˈẽj.tʊ
o·lhei·ro,"nome masculino",o.ʎˈej.ɾʊ
o·lho,"nome masculino",ˈo.ʎʊ
o·lho-de-boi,"nome masculino",ˌo.ʎʊ.dʒi.bˈoj
o·lho-de-per·diz,"nome masculino",ˌo.ʎʊ.dʒi.peɾ.dʒˈis
o·li·gar·ca,"nome feminino",o.li.gˈaɾ.kə
o·li·gar·ca,"nome masculino",o.li.gˈaɾ.kə
o·li·gar·qui·a,"nome feminino",o.li.gaɾ.kˈi.jə
o·li·gar·qui·ca·men·te,advérbio,o.li.gaɾ.ki.ka.mˈẽj.tʃi
o·li·gár·qui·co,adjetivo,o.li.gˈaɾ.ki.kʊ
o·li·gar·qui·za·ção,"nome feminino",o.li.gaɾ.ki.za.sˈə̃w
o·li·go·e·le·men·to,"nome masculino",ɔ.li.gɔ.e.le.mˈẽj.tʊ
o·li·go·fre·ni·a,"nome feminino",ɔ.li.gɔ.fɾe.nˈi.jə
o·li·go·fré·ni·ca,"nome feminino",ɔ.li.gɔ.fɾˈɛ.ni.kə
o·li·go·fré·ni·co,"nome masculino",ɔ.li.gɔ.fɾˈɛ.ni.kʊ
o·li·go·fré·ni·co,adjetivo,ɔ.li.gɔ.fɾˈɛ.ni.kʊ
"o·li·go·pó·li· o","nome masculino",ɔ.li.gɔ.pˈɔ.ljʊ
o·lim·pí·a·da,"nome feminino",o.lĩ.pˈi.a.də
o·lim·pi·ca·men·te,advérbio,o.lĩ.pi.ka.mˈẽj.tʃi
o·lím·pi·co,adjetivo,o.lˈĩ.pi.kʊ
"o·lím·pi· o",adjetivo,o.lˈĩ.pjʊ
o·lim·pis·mo,"nome masculino",o.lĩ.pˈiz.mʊ
o·lim·po,"nome masculino",o.lˈĩ.pʊ
o·li·si·po·gra·fi·a,"nome feminino",ɔ.li.zi.po.gɾa.fˈi.jə
o·li·si·pó·gra·fo,"nome masculino",ɔ.li.zi.pˈɔ.gɾa.fʊ
o·li·si·po·nen·se,adjetivo,ɔ.li.zi.po.nˈẽj.si
o·li·si·po·nen·se,"nome masculino","ɔ.li.zi.po.nˈẽj.si ou ɔ.li.zi.po.nˈẽj.si"
o·li·va,"nome feminino",o.lˈi.və
o·li·va,adjetivo,o.lˈi.və
o·li·va,"nome masculino",o.lˈi.və
o·li·val,"nome masculino",o.li.vˈaw
o·li·var,adjetivo,o.li.vˈaɾ
o·li·vei·ra,"nome feminino",o.li.vˈej.ɾə
o·li·vei·ren·se,"nome masculino","o.li.vej.ɾˈẽj.si ou o.li.vej.ɾˈẽj.si"
o·li·vei·ren·se,adjetivo,o.li.vej.ɾˈẽj.si
o·li·ven·ti·no,"nome masculino",o.li.vẽ.tʃˈi.nʊ
o·li·ven·ti·no,adjetivo,o.li.vẽ.tʃˈi.nʊ
"o·lí·ve· o",adjetivo,o.lˈi.vjʊ
o·li·vi·cul·tor,"nome masculino",o.li.vi.kuw.tˈoɾ
o·li·vi·cul·tor,adjetivo,o.li.vi.kuw.tˈoɾ
o·li·vi·cul·tu·ra,"nome feminino",o.li.vi.kuw.tˈu.ɾə
o·li·vi·na,"nome feminino",o.li.vˈi.nə
ol·me·do,"nome masculino",ow.mˈe.dʊ
ol·mo,"nome masculino",ˈɔw.mʊ
o·lor,"nome masculino",o.lˈoɾ
o·lo·ro·so,adjetivo,o.lo.ɾˈo.zʊ
ol·vi·da·do,adjetivo,ow.vi.dˈa.dʊ
ol·vi·dar,verbo,ow.vi.dˈa
ol·vi·do,"nome masculino",ow.vˈi.dʊ
om·bre·ar,verbo,õ.bɾi.ˈa
om·brei·ra,"nome feminino",õ.bɾˈej.ɾə
om·bro,"nome masculino",ˈõ.bɾʊ
ó·me·ga,"nome masculino",ˈɔ.me.gə
o·me·le·ta,"nome feminino",o.me.lˈe.tə
o·me·le·te,"nome feminino",o.me.lˈɛ.tʃi
o·mí·a·da,"nome masculino","o.mˈi.a.də ou o.mˈi.a.də"
o·mí·a·da,adjetivo,o.mˈi.a.də
o·mi·no·sa·men·te,advérbio,o.mi.nɔ.za.mˈẽj.tʃi
o·mi·no·so,adjetivo,o.mi.nˈo.zʊ
o·mis·são,"nome feminino",o.mi.sˈə̃w
o·mis·so,adjetivo,o.mˈi.sʊ
o·mi·tir,verbo,o.mi.tʃˈi
"om·ni·po·tên·ci· a","nome feminino",omi.ni.po.tˈẽj.sjə
om·ni·po·ten·te,adjetivo,omi.ni.po.tˈẽj.tʃi
om·ni·po·ten·te·men·te,advérbio,omi.ni.po.tẽ.te.mˈẽj.tʃi
om·ni·pre·sen·ça,"nome feminino",omi.ni.pɾe.zˈẽj.sə
om·ni·pre·sen·te,adjetivo,omi.ni.pɾe.zˈẽj.tʃi
"om·nis·ci·ên·ci· a","nome feminino",omi.ni.si.ˈẽj.sjə
om·nis·ci·en·te,adjetivo,omi.ni.si.ˈẽj.tʃi
om·ní·vo·ro,adjetivo,omi.nˈi.vo.ɾʊ
o·mo·pla·ta,"nome feminino",o.mo.plˈa.tə
on-li·ne,adjetivo,
o·na·gro,"nome masculino",ɔ.nˈa.gɾʊ
o·na·nis·mo,"nome masculino",o.na.nˈiz.mʊ
o·na·nis·ta,"nome feminino",o.na.nˈis.tə
o·na·nis·ta,"nome masculino",o.na.nˈis.tə
o·na·nis·ta,adjetivo,o.na.nˈis.tə
on·ça,adjetivo,ˈõ.sə
on·ça,"nome feminino",ˈõ.sə
on·co·ge·ne,"nome masculino",õ.ko.ʒˈe.ni
on·co·gé·ne·se,"nome feminino",õ.ko.ʒˈe.ne.zi
on·co·lo·gi·a,"nome feminino",õ.ko.lo.ʒˈi.jə
on·co·ló·gi·co,adjetivo,õ.ko.lˈɔ.ʒi.kʊ
on·co·lo·gis·ta,"nome masculino",õ.ko.lo.ʒˈis.tə
on·co·lo·gis·ta,"nome feminino",õ.ko.lo.ʒˈis.tə
on·da,"nome feminino",ˈõ.də
on·de,advérbio,ˈõ.dʒi
on·de,pronome,ˈõ.dʒi
on·de·ar,verbo,õ.dʒi.ˈa
on·di·na,"nome feminino",õ.dʒˈi.nə
on·du·la·ção,"nome feminino",õ.du.la.sˈə̃w
on·du·la·do,"nome masculino",õ.du.lˈa.dʊ
on·du·la·do,adjetivo,õ.du.lˈa.dʊ
on·du·lan·te,adjetivo,õ.du.lˈə̃.tʃi
on·du·lar,adjetivo,õ.du.lˈaɾ
on·du·lar,verbo,õ.du.lˈa
on·du·la·to·ri·a·men·te,advérbio,õ.du.la.tɔ.ɾja.mˈẽj.tʃi
"on·du·la·tó·ri· o",adjetivo,õ.du.la.tˈɔ.ɾjʊ
on·du·lo·sa·men·te,advérbio,õ.du.lɔ.za.mˈẽj.tʃi
on·du·lo·so,adjetivo,õ.du.lˈo.zʊ
o·ne·ra·do,adjetivo,o.ne.ɾˈa.dʊ
o·ne·rar,verbo,o.ne.ɾˈa
o·ne·ro·sa·men·te,advérbio,o.ne.ɾɔ.za.mˈẽj.tʃi
o·ne·ro·si·da·de,"nome feminino",o.ne.ɾo.zi.dˈa.dʒi
o·ne·ro·so,adjetivo,o.ne.ɾˈo.zʊ
ô·ni·bus,"nome masculino",ˈo.ni.bʊs
ó·ni·bus,"nome masculino",ˈɔ.ni.bʊs
o·ni·o·ma·ni·a,"nome feminino",ɔ.ni.ɔ.ma.nˈi.jə
o·ní·ri·co,adjetivo,o.nˈi.ɾi.kʊ
o·ni·ris·mo,"nome masculino",o.ni.ɾˈiz.mʊ
on·li·ne,advérbio,
on·li·ne,adjetivo,
o·no·más·ti·ca,"nome feminino",o.no.mˈas.tʃi.kə
o·no·mas·ti·ca·men·te,advérbio,o.no.mas.tʃi.ka.mˈẽj.tʃi
o·no·más·ti·co,"nome masculino",o.no.mˈas.tʃi.kʊ
o·no·más·ti·co,adjetivo,o.no.mˈas.tʃi.kʊ
o·no·ma·to·pai·ca·men·te,advérbio,o.no.ma.to.paj.ka.mˈẽj.tʃi
o·no·ma·to·pai·co,adjetivo,o.no.ma.to.pˈaj.kʊ
o·no·ma·to·pei·a,"nome feminino",o.no.ma.to.pˈej.jə
on·tem,advérbio,ˈõ.teɲ
on·to·ge·né·ti·co,adjetivo,õ.tɔ.ʒe.nˈɛ.tʃi.kʊ
on·to·lo·gi·a,"nome feminino",õ.to.lo.ʒˈi.jə
on·to·lo·gi·ca·men·te,advérbio,õ.to.lɔ.ʒi.ka.mˈẽj.tʃi
on·to·ló·gi·co,adjetivo,õ.to.lˈɔ.ʒi.kʊ
ó·nus,"nome masculino",ˈɔ.nʊs
ô·nus,"nome masculino",ˈo.nʊs
on·ze,"nome masculino",ˈõ.zi
on·ze·nei·ro,adjetivo,õ.ze.nˈej.ɾʊ
on·ze·nei·ro,"nome masculino",õ.ze.nˈej.ɾʊ
o·pa,"nome feminino",ˈo.pə
o·pa·ca·men·te,advérbio,o.pa.ka.mˈẽj.tʃi
o·pa·ci·da·de,"nome feminino",o.pa.si.dˈa.dʒi
o·pa·co,adjetivo,o.pˈa.kʊ
o·pa·do,adjetivo,o.pˈa.dʊ
o·pal,"nome masculino",ɔ.pˈaw
o·pa·la,adjetivo,o.pˈa.lə
o·pa·la,"nome feminino",o.pˈa.lə
o·pa·la,"nome masculino",o.pˈa.lə
o·pa·li·no,adjetivo,o.pa.lˈi.nʊ
o·par,verbo,o.pˈa
o·pá·vel,adjetivo,ɔ.pˈa.vew
op·ção,"nome feminino",o.pə.sˈə̃w
op·ci·o·nal,adjetivo,o.pi.si.o.nˈaw
"o· pen","nome masculino",
ó·pe·ra,"nome feminino",ˈɔ.pe.ɾə
o·pe·ra·bi·li·da·de,"nome feminino",o.pe.ɾa.bi.li.dˈa.dʒi
o·pe·ra·ção,"nome feminino",o.pe.ɾa.sˈə̃w
o·pe·ra·ci·o·nal,adjetivo,o.pe.ɾa.si.o.nˈaw
o·pe·ra·ci·o·na·li·da·de,"nome feminino",o.pe.ɾa.si.o.na.li.dˈa.dʒi
o·pe·ra·ci·o·na·li·za·ção,"nome feminino",o.pe.ɾa.si.o.na.li.za.sˈə̃w
o·pe·ra·ci·o·na·li·zar,verbo,o.pe.ɾa.si.o.na.li.zˈa
o·pe·ra·da,"nome feminino",o.pe.ɾˈa.də
o·pe·ra·do,"nome masculino",o.pe.ɾˈa.dʊ
o·pe·ra·do,adjetivo,o.pe.ɾˈa.dʊ
o·pe·ra·dor,adjetivo,o.pe.ɾa.dˈoɾ
o·pe·ra·dor,"nome masculino",o.pe.ɾa.dˈoɾ
o·pe·ra·do·ra,"nome feminino",o.pe.ɾa.dˈo.ɾə
o·pe·ran·te,adjetivo,o.pe.ɾˈə̃.tʃi
o·pe·rar,verbo,o.pe.ɾˈa
"o·pe·rá·ri· a","nome feminino",o.pe.ɾˈa.ɾjə
o·pe·ra·ri·a·do,"nome masculino",o.pe.ɾa.ɾjˈa.dʊ
"o·pe·rá·ri· o","nome masculino",o.pe.ɾˈa.ɾjʊ
"o·pe·rá·ri· o",adjetivo,o.pe.ɾˈa.ɾjʊ
o·pe·rá·ti·co,adjetivo,o.pe.ɾˈa.tʃi.kʊ
o·pe·ra·ti·vo,adjetivo,o.pe.ɾa.tʃˈi.vʊ
"o·pe·ra·tó·ri· a","nome feminino",o.pe.ɾa.tˈɔ.ɾjə
o·pe·ra·to·ri·a·men·te,advérbio,o.pe.ɾa.tɔ.ɾja.mˈẽj.tʃi
"o·pe·ra·tó·ri· o",adjetivo,o.pe.ɾa.tˈɔ.ɾjʊ
o·pe·rá·vel,adjetivo,o.pe.ɾˈa.vew
o·pér·cu·lo,"nome masculino",ɔ.pˈɛɾ.ku.lʊ
o·pe·re·ta,"nome feminino",o.pe.ɾˈe.tə
o·pe·rís·ti·co,adjetivo,ɔ.pe.ɾˈis.tʃi.kʊ
"o·pi·á·ce· o",adjetivo,o.pjˈa.sjʊ
o·pi·ar,verbo,o.pjˈa
o·pi·nan·te,"nome feminino",o.pi.nˈə̃.tʃi
o·pi·nan·te,"nome masculino",o.pi.nˈə̃.tʃi
o·pi·nan·te,adjetivo,o.pi.nˈə̃.tʃi
o·pi·nar,verbo,o.pi.nˈa
o·pi·na·ti·vo,adjetivo,o.pi.na.tʃˈi.vʊ
o·pi·ni·ão,"nome feminino",o.pi.ni.ˈə̃w
o·pi·ni·o·sa·men·te,advérbio,o.pi.ni.ɔ.za.mˈẽj.tʃi
o·pi·ni·o·so,"nome masculino",o.pi.ni.ˈo.zʊ
o·pi·ni·o·so,adjetivo,o.pi.ni.ˈo.zʊ
"ó·pi· o","nome masculino",ˈɔ.pjʊ
o·pi·ó·ma·no,"nome masculino",o.pi.ˈɔ.ma.nʊ
o·pi·ó·ma·no,adjetivo,o.pi.ˈɔ.ma.nʊ
o·pi·pa·ra·men·te,advérbio,o.pi.pa.ɾa.mˈẽj.tʃi
o·pí·pa·ro,adjetivo,o.pˈi.pa.ɾʊ
o·po·nen·te,"nome masculino",o.po.nˈẽj.tʃi
o·po·nen·te,"nome feminino",o.po.nˈẽj.tʃi
o·po·nen·te,adjetivo,o.po.nˈẽj.tʃi
o·po·ní·vel,adjetivo,o.po.nˈi.vew
o·por,verbo,o.pˈo
o·por·tu·na·men·te,advérbio,o.poɾ.tu.na.mˈẽj.tʃi
o·por·tu·ni·da·de,"nome feminino",o.poɾ.tu.ni.dˈa.dʒi
o·por·tu·nis·mo,"nome masculino",o.poɾ.tu.nˈiz.mʊ
o·por·tu·nis·ta,"nome feminino",o.poɾ.tu.nˈis.tə
o·por·tu·nis·ta,"nome masculino",o.poɾ.tu.nˈis.tə
o·por·tu·nis·ta,adjetivo,o.poɾ.tu.nˈis.tə
o·por·tu·no,adjetivo,o.poɾ.tˈu.nʊ
o·po·si·ção,"nome feminino",o.po.zi.sˈə̃w
o·po·si·ci·o·nis·mo,"nome masculino",o.po.zi.si.o.nˈiz.mʊ
o·po·si·ci·o·nis·ta,"nome feminino",o.po.zi.si.o.nˈis.tə
o·po·si·ci·o·nis·ta,"nome masculino",o.po.zi.si.o.nˈis.tə
o·po·si·ci·o·nis·ta,adjetivo,o.po.zi.si.o.nˈis.tə
o·po·si·tor,"nome masculino",o.po.zi.tˈoɾ
o·po·si·tor,adjetivo,o.po.zi.tˈoɾ
o·pos·ta·men·te,advérbio,o.pɔs.ta.mˈẽj.tʃi
o·pos·to,adjetivo,o.pˈos.tʊ
o·pos·to,"nome masculino",o.pˈos.tʊ
o·pres·são,"nome feminino",o.pɾe.sˈə̃w
o·pres·si·va·men·te,advérbio,o.pɾe.si.va.mˈẽj.tʃi
o·pres·si·vo,adjetivo,o.pɾe.sˈi.vʊ
o·pres·sor,adjetivo,o.pɾe.sˈoɾ
o·pres·sor,"nome masculino",o.pɾe.sˈoɾ
o·pres·so·ra,"nome feminino",o.pɾe.sˈo.ɾə
o·pri·mi·da,"nome feminino",o.pɾi.mˈi.də
o·pri·mi·do,adjetivo,o.pɾi.mˈi.dʊ
o·pri·mi·do,"nome masculino",o.pɾi.mˈi.dʊ
o·pri·mir,verbo,o.pɾi.mˈi
"o·pró·bri· o","nome masculino",o.pɾˈɔ.bɾjʊ
op·tar,verbo,o.pə.tˈa
op·ta·ti·va·men·te,advérbio,o.pə.ta.tʃi.va.mˈẽj.tʃi
op·ta·ti·vo,adjetivo,o.pə.ta.tʃˈi.vʊ
óp·ti·co,"nome masculino",ˈɔ.pi.tʃi.kʊ
óp·ti·co,adjetivo,ˈɔ.pi.tʃi.kʊ
op·ti·ma·men·te,advérbio,o.pi.tʃi.ma.mˈẽj.tʃi
op·ti·mis·mo,"nome masculino",o.pi.tʃi.mˈiz.mʊ
op·ti·mis·ta,adjetivo,o.pi.tʃi.mˈis.tə
op·ti·mi·za·ção,"nome feminino",o.pi.tʃi.mi.za.sˈə̃w
op·ti·mi·zar,verbo,o.pi.tʃi.mi.zˈa
óp·ti·mo,adjetivo,ˈɔ.pi.tʃi.mʊ
óp·ti·mo,interjeição,ˈɔ.pi.tʃi.mʊ
óp·ti·mo,"nome masculino",ˈɔ.pi.tʃi.mʊ
op·to·me·tri·a,"nome feminino",ɔ.pə.tɔ.me.tɾˈi.jə
op·to·me·tris·ta,"nome masculino","ɔ.pə.tɔ.me.tɾˈis.tə ou ɔ.pə.tɔ.me.tɾˈis.tə"
"o·pu·lên·ci· a","nome feminino",o.pu.lˈẽj.sjə
o·pu·len·ta,"nome feminino",o.pu.lˈẽj.tə
o·pu·len·ta·men·te,advérbio,o.pu.lẽ.ta.mˈẽj.tʃi
o·pu·len·tar,verbo,o.pu.lẽ.tˈa
o·pu·len·to,adjetivo,o.pu.lˈẽj.tʊ
o·pu·len·to,"nome masculino",o.pu.lˈẽj.tʊ
o·pus,"nome masculino",o.pˈus
o·pús·cu·lo,"nome masculino",o.pˈus.ku.lʊ
o·ra,conjunção,ˈɔ.ɾə
o·ra,advérbio,ˈɔ.ɾə
o·ra,interjeição,ˈɔ.ɾə
o·ra·ção,"nome feminino",o.ɾa.sˈə̃w
o·ra·cu·lar,adjetivo,o.ɾa.ku.lˈaɾ
o·ra·cu·lar,verbo,o.ɾa.ku.lˈa
o·rá·cu·lo,"nome masculino",o.ɾˈa.ku.lʊ
o·ra·da,"nome feminino",o.ɾˈa.də
o·ra·dor,"nome masculino",o.ɾa.dˈoɾ
o·ra·do·ra,"nome feminino",o.ɾa.dˈo.ɾə
o·ra·go,"nome masculino",o.ɾˈa.gʊ
o·ral,adjetivo,o.ɾˈaw
o·ral,"nome feminino",o.ɾˈaw
o·ral,"nome masculino",o.ɾˈaw
o·ra·li·da·de,"nome feminino",o.ɾa.li.dˈa.dʒi
o·ral·men·te,advérbio,o.ɾaw.mˈẽj.tʃi
o·ran·gis·ta,adjetivo,ɔ.ɾə̃.ʒˈis.tə
o·ran·gis·ta,"nome masculino","ɔ.ɾə̃.ʒˈis.tə ou ɔ.ɾə̃.ʒˈis.tə"
o·ran·go·tan·go,"nome masculino",o.ɾə̃.go.tˈə̃.gʊ
o·rar,verbo,o.ɾˈa
"o·ra·tó·ri· a","nome feminino",o.ɾa.tˈɔ.ɾjə
o·ra·to·ri·a·men·te,advérbio,o.ɾa.tɔ.ɾja.mˈẽj.tʃi
o·ra·to·ri·a·no,"nome masculino",o.ɾa.to.ɾjˈə.nʊ
o·ra·to·ri·a·no,adjetivo,o.ɾa.to.ɾjˈə.nʊ
"o·ra·tó·ri· o",adjetivo,o.ɾa.tˈɔ.ɾjʊ
"o·ra·tó·ri· o","nome masculino",o.ɾa.tˈɔ.ɾjʊ
or·be,"nome masculino",ˈɔɾ.bi
ór·bi·ta,"nome feminino",ˈɔɾ.bi.tə
or·bi·tal,adjetivo,oɾ.bi.tˈaw
or·bi·tal,"nome feminino",oɾ.bi.tˈaw
or·bi·tar,verbo,oɾ.bi.tˈa
or·ca,"nome feminino",ˈɔɾ.kə
or·ça,"nome feminino",ˈɔɾ.sə
or·ça·men·tal,adjetivo,oɾ.sa.mẽ.tˈaw
or·ça·men·tar,verbo,oɾ.sa.mẽ.tˈa
"or·ça·men·tá·ri· o",adjetivo,oɾ.sa.mẽ.tˈa.ɾjʊ
or·ça·men·tis·ta,"nome masculino","oɾ.sa.mẽ.tʃˈis.tə ou oɾ.sa.mẽ.tʃˈis.tə"
or·ça·men·to,"nome masculino",oɾ.sa.mˈẽj.tʊ
or·çar,verbo,oɾ.sˈa
or·cha·ta,"nome feminino","ɔɾ.ʃˈa.tə ou ɔɾ.ʃˈa.tə"
or·dei·ra·men·te,advérbio,oɾ.dej.ɾa.mˈẽj.tʃi
or·dei·ro,adjetivo,oɾ.dˈej.ɾʊ
or·dem,"nome feminino",ˈɔɾ.deɲ
or·de·na·ção,"nome feminino",oɾ.de.na.sˈə̃w
or·de·na·da,"nome feminino",oɾ.de.nˈa.də
or·de·na·da·men·te,advérbio,oɾ.de.na.da.mˈẽj.tʃi
or·de·na·do,"nome masculino",oɾ.de.nˈa.dʊ
or·de·na·do,adjetivo,oɾ.de.nˈa.dʊ
or·de·na·dor,"nome masculino",oɾ.de.na.dˈoɾ
or·de·na·dor,adjetivo,oɾ.de.na.dˈoɾ
or·de·na·do·ra,"nome feminino",oɾ.de.na.dˈo.ɾə
or·de·na·men·to,"nome masculino",oɾ.de.na.mˈẽj.tʊ
or·de·nan·ça,"nome feminino",oɾ.de.nˈə̃.sə
or·de·nar,verbo,oɾ.de.nˈa
or·de·nha,"nome feminino",oɾ.dˈe.ɲə
or·de·nhar,verbo,oɾ.de.ɲˈa
"or·di·ná·ri· a","nome feminino",oɾ.dʒi.nˈa.ɾjə
or·di·na·ri·a·men·te,advérbio,oɾ.dʒi.na.ɾja.mˈẽj.tʃi
or·di·na·ri·ce,"nome feminino",oɾ.dʒi.na.ɾˈi.si
"or·di·ná·ri· o","nome masculino",oɾ.dʒi.nˈa.ɾjʊ
"or·di·ná·ri· o",adjetivo,oɾ.dʒi.nˈa.ɾjʊ
o·ré·gão,"nome masculino",ɔ.ɾˈɛ.gə̃w
o·re·lha,"nome feminino",o.ɾˈe.ʎə
o·re·lhão,"nome masculino",o.ɾe.ʎˈə̃w
o·re·lhar,verbo,o.ɾe.ʎˈa
o·re·lhei·ra,"nome feminino",o.ɾe.ʎˈej.ɾə
o·re·lhu·da,"nome feminino",o.ɾe.ʎˈu.də
o·re·lhu·do,"nome masculino",o.ɾe.ʎˈu.dʊ
o·re·lhu·do,adjetivo,o.ɾe.ʎˈu.dʊ
ór·fã,"nome feminino",ˈɔɾ.fə̃
or·fa·na·to,"nome masculino",oɾ.fa.nˈa.tʊ
or·fan·da·de,"nome feminino",oɾ.fə̃.dˈa.dʒi
ór·fão,"nome masculino",ˈɔɾ.fə̃w
ór·fão,adjetivo,ˈɔɾ.fə̃w
or·fe·ão,"nome masculino",oɾ.fe.ˈə̃w
or·fe·ó·ni·co,adjetivo,oɾ.fe.ˈɔ.ni.kʊ
or·fe·o·nis·ta,adjetivo,oɾ.fe.o.nˈis.tə
or·fe·o·nis·ta,"nome masculino","oɾ.fe.o.nˈis.tə ou oɾ.fe.o.nˈis.tə"
ór·fi·cas,"nome feminino",ˈɔɾ.fi.kəs
ór·fi·co,adjetivo,ˈɔɾ.fi.kʊ
ór·fi·co,"nome masculino",ˈɔɾ.fi.kʊ
or·fis·mo,"nome masculino",ɔɾ.fˈiz.mʊ
or·gan·di,"nome masculino",oɾ.gə̃.dʒˈi
or·ga·nei·ro,"nome masculino",ɔɾ.ga.nˈej.ɾʊ
or·gâ·ni·ca,"nome feminino",oɾ.gˈə.ni.kə
or·ga·ni·ca·men·te,advérbio,oɾ.ga.ni.ka.mˈẽj.tʃi
or·ga·ni·cis·mo,"nome masculino",oɾ.ga.ni.sˈiz.mʊ
or·ga·ni·cis·ta,"nome masculino",oɾ.ga.ni.sˈis.tə
or·ga·ni·cis·ta,"nome feminino",oɾ.ga.ni.sˈis.tə
or·ga·ni·cis·ta,adjetivo,oɾ.ga.ni.sˈis.tə
or·gâ·ni·co,adjetivo,oɾ.gˈə.ni.kʊ
or·ga·ni·gra·ma,"nome masculino",ɔɾ.ga.ni.gɾˈə.mə
or·ga·nis·mo,"nome masculino",oɾ.ga.nˈiz.mʊ
or·ga·nis·ta,"nome feminino",oɾ.ga.nˈis.tə
or·ga·nis·ta,"nome masculino",oɾ.ga.nˈis.tə
or·ga·nis·ta,adjetivo,oɾ.ga.nˈis.tə
or·ga·ni·to,"nome masculino",ɔɾ.ga.nˈi.tʊ
or·ga·ni·za·ção,"nome feminino",oɾ.ga.ni.za.sˈə̃w
or·ga·ni·za·ci·o·nal,adjetivo,oɾ.ga.ni.za.si.o.nˈaw
or·ga·ni·za·da·men·te,advérbio,oɾ.ga.ni.za.da.mˈẽj.tʃi
or·ga·ni·za·do,adjetivo,oɾ.ga.ni.zˈa.dʊ
or·ga·ni·za·dor,"nome masculino",oɾ.ga.ni.za.dˈoɾ
or·ga·ni·za·dor,adjetivo,oɾ.ga.ni.za.dˈoɾ
or·ga·ni·za·do·ra,"nome feminino",oɾ.ga.ni.za.dˈo.ɾə
or·ga·ni·zar,verbo,oɾ.ga.ni.zˈa
or·ga·ni·za·ti·vo,adjetivo,oɾ.ga.ni.za.tʃˈi.vʊ
or·ga·no·gé·ne·se,"nome feminino",oɾ.ga.no.ʒˈɛ.ne.zi
or·ga·no·gra·ma,"nome masculino",oɾ.ga.no.gɾˈə.mə
or·ga·no·lép·ti·co,adjetivo,oɾ.ga.no.lˈɛ.pi.tʃi.kʊ
or·ga·no·lo·gi·a,"nome feminino",ɔɾ.ga.no.lo.ʒˈi.jə
ór·gão,"nome masculino",ˈɔɾ.gə̃w
or·gas·mo,"nome masculino",oɾ.gˈaz.mʊ
or·gás·ti·co,adjetivo,oɾ.gˈas.tʃi.kʊ
or·gi·a,"nome feminino",oɾ.ʒˈi.jə
or·gí·a·co,adjetivo,oɾ.ʒˈi.a.kʊ
or·gi·ás·ti·co,adjetivo,oɾ.ʒjˈas.tʃi.kʊ
or·gu·lhar,verbo,oɾ.gu.ʎˈa
or·gu·lho,"nome masculino",oɾ.gˈu.ʎʊ
or·gu·lho·sa,"nome feminino",oɾ.gu.ʎˈɔ.zə
or·gu·lho·sa·men·te,advérbio,oɾ.gu.ʎo.za.mˈẽj.tʃi
or·gu·lho·so,adjetivo,oɾ.gu.ʎˈo.zʊ
or·gu·lho·so,"nome masculino",oɾ.gu.ʎˈo.zʊ
o·ri·en·ta·ção,"nome feminino",o.ɾi.ẽ.ta.sˈə̃w
o·ri·en·ta·do,adjetivo,o.ɾi.ẽ.tˈa.dʊ
o·ri·en·ta·dor,adjetivo,o.ɾi.ẽ.ta.dˈoɾ
o·ri·en·ta·dor,"nome masculino",o.ɾi.ẽ.ta.dˈoɾ
o·ri·en·ta·do·ra,"nome feminino",o.ɾi.ẽ.ta.dˈo.ɾə
o·ri·en·tal,"nome feminino",o.ɾi.ẽ.tˈaw
o·ri·en·tal,adjetivo,o.ɾi.ẽ.tˈaw
o·ri·en·tal,"nome masculino",o.ɾi.ẽ.tˈaw
o·ri·en·ta·lis·mo,"nome masculino",o.ɾi.ẽ.ta.lˈiz.mʊ
o·ri·en·ta·lis·ta,"nome feminino",o.ɾi.ẽ.ta.lˈis.tə
o·ri·en·ta·lis·ta,"nome masculino",o.ɾi.ẽ.ta.lˈis.tə
o·ri·en·ta·lis·ta,adjetivo,o.ɾi.ẽ.ta.lˈis.tə
o·ri·en·tal·men·te,advérbio,o.ɾi.ẽ.taw.mˈẽj.tʃi
o·ri·en·tan·do,"nome masculino",o.ɾi.ẽ.tˈə̃.dʊ
o·ri·en·tar,verbo,o.ɾi.ẽ.tˈa
o·ri·en·tá·vel,adjetivo,o.ɾi.ẽ.tˈa.vew
o·ri·en·te,"nome masculino",o.ɾi.ˈẽj.tʃi
"o·ri·fí·ci· o","nome masculino",o.ɾi.fˈi.sjʊ
o·ri·ga·mi,"nome masculino",o.ɾi.ga.mˈi
o·ri·gem,"nome feminino",o.ɾˈi.ʒeɲ
o·ri·gi·na·do,adjetivo,o.ɾi.ʒi.nˈa.dʊ
o·ri·gi·na·dor,"nome masculino",o.ɾi.ʒi.na.dˈoɾ
o·ri·gi·na·dor,adjetivo,o.ɾi.ʒi.na.dˈoɾ
o·ri·gi·nal,adjetivo,o.ɾi.ʒi.nˈaw
o·ri·gi·nal,"nome masculino",o.ɾi.ʒi.nˈaw
o·ri·gi·nal,"nome feminino",o.ɾi.ʒi.nˈaw
o·ri·gi·na·li·da·de,"nome feminino",o.ɾi.ʒi.na.li.dˈa.dʒi
o·ri·gi·na·lís·si·mo,adjetivo,o.ɾi.ʒi.na.lˈi.si.mʊ
o·ri·gi·nal·men·te,advérbio,o.ɾi.ʒi.naw.mˈẽj.tʃi
o·ri·gi·nar,verbo,o.ɾi.ʒi.nˈa
o·ri·gi·na·ri·a·men·te,advérbio,o.ɾi.ʒi.na.ɾja.mˈẽj.tʃi
"o·ri·gi·ná·ri· o",adjetivo,o.ɾi.ʒi.nˈa.ɾjʊ
o·ri·un·do,"nome masculino",o.ɾi.ˈũ.dʊ
o·ri·un·do,adjetivo,o.ɾi.ˈũ.dʊ
ó·rix,"nome masculino",ˈɔ.ɾiks
o·ri·zi·cul·tor,adjetivo,ɔ.ɾi.zi.kuw.tˈoɾ
o·ri·zi·cul·tor,"nome masculino",ɔ.ɾi.zi.kuw.tˈoɾ
o·ri·zi·cul·tu·ra,"nome feminino",ɔ.ɾi.zi.kuw.tˈu.ɾə
or·la,"nome feminino","ˈɔx.lə ou ˈɔx.lə"
or·la·do,adjetivo,ɔx.lˈa.dʊ
or·lar,verbo,ox.lˈa
or·le·ã,"nome feminino",ɔx.le.ˈə̃
or·na·do,adjetivo,or.nˈa.dʊ
or·na·men·ta·ção,"nome feminino",or.na.mẽ.ta.sˈə̃w
or·na·men·tal,adjetivo,or.na.mẽ.tˈaw
or·na·men·tal·men·te,advérbio,or.na.mẽ.taw.mˈẽj.tʃi
or·na·men·tar,verbo,or.na.mẽ.tˈa
or·na·men·to,"nome masculino",or.na.mˈẽj.tʊ
or·nar,verbo,or.nˈa
or·na·to,"nome masculino",or.nˈa.tʊ
or·ni·to·lo·gi·a,"nome feminino",or.ni.to.lo.ʒˈi.jə
or·ni·to·ló·gi·co,adjetivo,or.ni.to.lˈɔ.ʒi.kʊ
or·ni·tó·lo·go,"nome masculino",or.ni.tˈɔ.lo.gʊ
or·ni·tó·po·des,"nome masculino",ɔr.ni.tˈɔ.po.dʒis
or·ni·tor·rin·co,"nome masculino",or.ni.to.xˈĩ.kʊ
o·ro·fa·rin·ge,"nome feminino",ɔ.ɾɔ.fa.ɾˈĩ.ʒi
o·ro·gra·fi·a,"nome feminino",ɔ.ɾo.gɾa.fˈi.jə
o·ro·grá·fi·co,adjetivo,ɔ.ɾo.gɾˈa.fi.kʊ
or·ques·tra,"nome feminino",oɾ.kˈɛs.tɾə
or·ques·tra·ção,"nome feminino",oɾ.kes.tɾa.sˈə̃w
or·ques·tra·dor,"nome masculino",oɾ.kes.tɾa.dˈoɾ
or·ques·tra·dor,adjetivo,oɾ.kes.tɾa.dˈoɾ
or·ques·tral,adjetivo,oɾ.kes.tɾˈaw
or·ques·tral·men·te,advérbio,oɾ.kes.tɾaw.mˈẽj.tʃi
or·ques·trar,verbo,oɾ.kes.tɾˈa
"or·quí·de· a","nome feminino",oɾ.kˈi.dʒjə
or·qui·te,"nome feminino",ɔɾ.kˈi.tʃi
or·ti·ga,"nome feminino",ɔɾ.tʃˈi.gə
or·ti·gar,verbo,oɾ.tʃi.gˈa
or·to,"nome masculino",ˈoɾ.tʊ
or·to·do·xa,"nome feminino",oɾ.to.dˈɔ.kə.sə
or·to·do·xa·men·te,advérbio,oɾ.to.dɔ.kə.sa.mˈẽj.tʃi
or·to·do·xi·a,"nome feminino",oɾ.to.do.ki.sˈi.jə
or·to·do·xo,"nome masculino",oɾ.to.dˈo.kə.sʊ
or·to·do·xo,adjetivo,oɾ.to.dˈo.kə.sʊ
or·to·go·nal,adjetivo,oɾ.to.go.nˈaw
or·to·go·nal·men·te,advérbio,oɾ.to.go.naw.mˈẽj.tʃi
or·to·gra·fi·a,"nome feminino",oɾ.to.gɾa.fˈi.jə
or·to·gra·fi·ca·men·te,advérbio,oɾ.to.gɾa.fi.ka.mˈẽj.tʃi
or·to·grá·fi·co,adjetivo,oɾ.to.gɾˈa.fi.kʊ
or·tó·ni·mo,"nome masculino",ɔɾ.tˈɔ.ni.mʊ
or·to·pe·di·a,"nome feminino",oɾ.to.pe.dʒˈi.jə
or·to·pé·di·co,adjetivo,oɾ.to.pˈɛ.dʒi.kʊ
or·to·pe·dis·ta,"nome feminino",oɾ.to.pe.dʒˈis.tə
or·to·pe·dis·ta,"nome masculino",oɾ.to.pe.dʒˈis.tə
or·to·pe·dis·ta,adjetivo,oɾ.to.pe.dʒˈis.tə
or·tóp·te·ro,adjetivo,ɔɾ.tˈɔ.pi.te.ɾʊ
or·tóp·te·ro,"nome masculino",ɔɾ.tˈɔ.pi.te.ɾʊ
or·tóp·ti·ca,"nome feminino",ɔɾ.tˈɔ.pi.tʃi.kə
or·tóp·ti·co,adjetivo,ɔɾ.tˈɔ.pi.tʃi.kʊ
or·top·tis·ta,"nome masculino","ɔɾ.tɔ.pi.tʃˈis.tə ou ɔɾ.tɔ.pi.tʃˈis.tə"
or·tó·te·se,"nome feminino",ɔɾ.tˈɔ.te.zi
or·va·lha·da,"nome feminino",oɾ.va.ʎˈa.də
or·va·lha·do,adjetivo,oɾ.va.ʎˈa.dʊ
or·va·lhar,verbo,oɾ.va.ʎˈa
or·va·lho,"nome masculino",oɾ.vˈa.ʎʊ
"or· wel·li·a·no",adjetivo,oɾ.wɛe.ljˈə.nʊ
ós·car,"nome masculino",ˈɔs.kaɾ
os·ci·la·ção,"nome feminino",o.si.la.sˈə̃w
os·ci·lan·te,adjetivo,o.si.lˈə̃.tʃi
os·ci·lar,verbo,o.si.lˈa
"os·ci·la·tó·ri· o",adjetivo,o.si.la.tˈɔ.ɾjʊ
"os·ci·los·có·pi· o","nome masculino",ɔ.si.lɔs.kˈɔ.pjʊ
os·cu·lar,verbo,os.ku.lˈa
ós·cu·lo,"nome masculino",ˈɔs.ku.lʊ
os·ga,"nome feminino",ˈɔz.gə
os·mo·se,"nome feminino",oz.mˈɔ.zi
os·sa·da,"nome feminino",o.sˈa.də
"os·sá·ri· o","nome masculino",o.sˈa.ɾjʊ
os·sa·tu·ra,"nome feminino",o.sa.tˈu.ɾə
"ós·se· o",adjetivo,ˈɔ.sjʊ
os·si·fi·ca·ção,"nome feminino",o.si.fi.ka.sˈə̃w
os·si·fi·ca·do,adjetivo,o.si.fi.kˈa.dʊ
os·si·fi·car,verbo,o.si.fi.kˈa
os·so,"nome masculino",ˈo.sʊ
"os·su·á·ri· o","nome masculino",o.swˈa.ɾjʊ
os·su·do,adjetivo,o.sˈu.dʊ
os·ten·são,"nome feminino",os.tẽ.sˈə̃w
os·ten·si·va·men·te,advérbio,os.tẽ.si.va.mˈẽj.tʃi
os·ten·si·vo,adjetivo,os.tẽ.sˈi.vʊ
os·ten·ta·ção,"nome feminino",os.tẽ.ta.sˈə̃w
os·ten·tar,verbo,os.tẽ.tˈa
os·ten·to·sa·men·te,advérbio,os.tẽ.tɔ.za.mˈẽj.tʃi
os·ten·to·so,adjetivo,os.tẽ.tˈo.zʊ
os·te·o·ar·tri·te,"nome feminino",os.te.o.aɾ.tɾˈi.tʃi
os·te·o·lo·gi·a,"nome feminino",ɔs.te.o.lo.ʒˈi.jə
os·te·o·ló·gi·co,adjetivo,ɔs.te.o.lˈɔ.ʒi.kʊ
os·te·o·pa·ta,"nome masculino","os.te.o.pˈa.tə ou os.te.o.pˈa.tə"
os·te·o·pa·ti·a,"nome feminino",os.te.o.pa.tʃˈi.jə
os·te·o·po·ro·se,"nome feminino",ɔs.te.o.po.ɾˈɔ.zi
os·to·mi·a,"nome feminino",os.to.mˈi.jə
os·to·mi·za·do,"nome masculino",os.to.mi.zˈa.dʊ
os·to·mi·za·do,adjetivo,os.to.mi.zˈa.dʊ
os·tra,"nome feminino",ˈos.tɾə
os·tra·cis·mo,"nome masculino",os.tɾa.sˈiz.mʊ
os·tra·ci·zar,verbo,os.tɾa.si.zˈa
os·tre·í·co·la,adjetivo,os.tɾe.ˈi.ko.lə
os·tro·go·do,"nome masculino",os.tɾo.gˈo.dʊ
os·tro·go·do,adjetivo,os.tɾo.gˈo.dʊ
"o·tá·ri· a","nome feminino",o.tˈa.ɾjə
"o·tá·ri· o","nome masculino",o.tˈa.ɾjʊ
ó·ti·ca,"nome feminino","ˈɔ.tʃi.kə ou ˈɔ.tʃi.kə"
ó·ti·co,adjetivo,ˈɔ.tʃi.kʊ
o·ti·ma·men·te,advérbio,ɔ.tʃi.ma.mˈẽj.tʃi
o·ti·mis·ta,"nome feminino",o.tʃi.mˈis.tə
o·ti·mis·ta,"nome masculino",o.tʃi.mˈis.tə
ó·ti·mo,adjetivo,ˈɔ.tʃi.mʊ
o·ti·te,"nome feminino",o.tʃˈi.tʃi
o·to·lo·gi·a,"nome feminino",ɔ.to.lo.ʒˈi.jə
o·to·ma·na,"nome feminino",o.to.mˈə.nə
o·to·ma·no,adjetivo,o.to.mˈə.nʊ
o·to·ma·no,"nome masculino",o.to.mˈə.nʊ
o·tor·ri·no,"nome feminino",o.to.xˈi.nʊ
o·tor·ri·no,"nome masculino",o.to.xˈi.nʊ
o·tor·ri·no,adjetivo,o.to.xˈi.nʊ
o·tor·ri·no·la·rin·go·lo·gi·a,"nome feminino",o.to.xi.no.la.ɾĩ.go.lo.ʒˈis.tə
o·tor·ri·no·la·rin·go·lo·gis·ta,"nome masculino",o.to.xi.no.la.ɾĩ.go.lo.ʒˈis.tə
o·tor·ri·no·la·rin·go·lo·gis·ta,adjetivo,o.to.xi.no.la.ɾĩ.go.lo.ʒˈis.tə
o·tor·ri·no·la·rin·go·lo·gis·ta,"nome feminino",o.to.xi.no.la.ɾĩ.go.lo.ʒˈis.tə
ou,conjunção,o
ou·ça,"nome feminino",ˈo.sə
ou·ra,"nome feminino",ˈo.ɾə
ou·ra·do,adjetivo,o.ɾˈa.dʊ
ou·rar,verbo,o.ɾˈa
ou·re·lar,verbo,o.ɾe.lˈa
ou·re·lo,"nome masculino",o.ɾˈɛ.lʊ
ou·ri·çar,verbo,o.ɾi.sˈa
ou·ri·ço,"nome masculino",o.ɾˈi.sʊ
ou·ri·ço-ca·chei·ro,"nome masculino",o.ɾˌi.sʊ.ka.ʃˈej.ɾʊ
ou·ri·ço-do-mar,"nome masculino",o.ɾˌi.sʊ.dʊ.mˈaɾ
ou·ri·que,"nome masculino",o.ɾˈi.ki
ou·ri·quen·se,"nome masculino","o.ɾi.kˈẽj.si ou o.ɾi.kˈẽj.si"
ou·ri·quen·se,adjetivo,o.ɾi.kˈẽj.si
ou·ri·ves,"nome masculino",o.ɾˈi.vis
ou·ri·ve·sa·ri·a,"nome feminino",o.ɾi.ve.za.ɾˈi.jə
ou·ro,"nome masculino",ˈo.ɾʊ
ou·ro·pel,"nome masculino",o.ɾo.pˈɛw
ou·ros,"nome masculino",ˈo.ɾʊs
ou·sa·da·men·te,advérbio,o.za.da.mˈẽj.tʃi
ou·sa·di·a,"nome feminino",o.za.dʒˈi.jə
ou·sa·do,adjetivo,o.zˈa.dʊ
ou·sar,verbo,o.zˈa
out,advérbio,
ou·tão,"nome masculino",o.tˈə̃w
ou·tar,verbo,o.tˈa
"out· door","nome masculino",
ou·tei·ro,"nome masculino",o.tˈej.ɾʊ
ou·to,"nome masculino",ˈo.tʊ
ou·to·nal,adjetivo,o.to.nˈaw
ou·to·nar,verbo,o.to.nˈa
ou·to·no,"nome masculino",o.tˈo.nʊ
ou·tor·ga,"nome feminino",o.tˈɔɾ.gə
ou·tor·ga·do,"nome masculino",o.toɾ.gˈa.dʊ
ou·tor·ga·do,adjetivo,o.toɾ.gˈa.dʊ
ou·tor·gan·te,"nome feminino",o.toɾ.gˈə̃.tʃi
ou·tor·gan·te,"nome masculino",o.toɾ.gˈə̃.tʃi
ou·tor·gan·te,adjetivo,o.toɾ.gˈə̃.tʃi
ou·tor·gar,verbo,o.toɾ.gˈa
"out· put","nome masculino",
ou·trem,pronome,ˈo.tɾeɲ
ou·tro,pronome,ˈo.tɾʊ
ou·tro,pronome,ˈo.tɾʊ
ou·tro,artigo,ˈo.tɾʊ
ou·tro·ra,advérbio,o.tɾˈɔ.ɾə
ou·tros·sim,advérbio,o.tɾo.sˈiɲ
out·si·der,"nome feminino",
ou·tu·bro,"nome masculino",o.tˈu.bɾʊ
ou·vi·da,"nome feminino",o.vˈi.də
ou·vi·do,"nome masculino",o.vˈi.dʊ
ou·vi·dor,"nome masculino",o.vi.dˈoɾ
ou·vi·do·ri·a,"nome feminino",o.vi.do.ɾˈi.jə
ou·vin·te,"nome masculino",o.vˈĩ.tʃi
ou·vin·te,adjetivo,o.vˈĩ.tʃi
ou·vin·te,"nome feminino",o.vˈĩ.tʃi
ou·vir,verbo,o.vˈi
o·va,"nome feminino",ˈɔ.və
o·va·ção,"nome feminino",o.va.sˈə̃w
o·va·ci·o·nar,verbo,o.va.si.o.nˈa
o·va·do,adjetivo,o.vˈa.dʊ
o·val,"nome feminino",o.vˈaw
o·val,adjetivo,o.vˈaw
o·va·la·do,adjetivo,o.va.lˈa.dʊ
o·va·lar,verbo,o.va.lˈa
o·var,verbo,o.vˈa
o·va·ren·se,adjetivo,o.va.ɾˈẽj.si
o·va·ren·se,"nome masculino","o.va.ɾˈẽj.si ou o.va.ɾˈẽj.si"
o·va·ri·a·no,adjetivo,o.va.ɾjˈə.nʊ
"o·vá·ri· o","nome masculino",o.vˈa.ɾjʊ
o·ve·lha,"nome feminino",o.vˈe.ʎə
o·ve·lhei·ro,adjetivo,o.ve.ʎˈej.ɾʊ
o·ve·lhei·ro,"nome masculino",o.ve.ʎˈej.ɾʊ
"o· ver· boo· king","nome masculino",
"o· ver· do· se","nome feminino",o.veɾ.dˈɔ.zi
o·vil,"nome masculino",ɔ.vˈiw
o·vim·bun·da,"nome feminino",ɔ.vĩ.bˈũ.də
o·vim·bun·do,"nome masculino",ɔ.vĩ.bˈũ.dʊ
o·vim·bun·do,adjetivo,ɔ.vĩ.bˈũ.dʊ
o·vi·no,"nome masculino",o.vˈi.nʊ
o·vi·no,adjetivo,o.vˈi.nʊ
ov·ni,"nome masculino",ɔv.nˈi
ov·ni·lo·gi·a,"nome feminino",ɔv.ni.lo.ʒˈi.jə
ov·ni·lo·gis·ta,"nome masculino","ɔv.ni.lo.ʒˈis.tə ou ɔv.ni.lo.ʒˈis.tə"
o·vo,"nome masculino",ˈo.vʊ
o·vó·ci·to,"nome masculino",ɔ.vˈɔ.si.tʊ
o·voi·de,adjetivo,ɔ.vˈɔj.dʒi
o·voi·de,"nome feminino",ɔ.vˈɔj.dʒi
o·vos-mo·les,"nome masculino",ˌɔ.vʊs.mˈɔ.lis
o·vu·la·ção,"nome feminino",o.vu.la.sˈə̃w
ó·vu·lo,"nome masculino",ˈɔ.vu.lʊ
o·xa·lá,interjeição,o.ʃa.lˈa
ox·for·di·a·no,"nome masculino",oks.fɔɾ.dʒjˈə.nʊ
ox·for·di·a·no,adjetivo,oks.fɔɾ.dʒjˈə.nʊ
o·xi·da·ção,"nome feminino",o.ki.si.da.sˈə̃w
o·xi·da·do,adjetivo,o.ki.si.dˈa.dʊ
o·xi·dan·te,adjetivo,o.ki.si.dˈə̃.tʃi
o·xi·dan·te,"nome masculino",o.ki.si.dˈə̃.tʃi
o·xi·dar,verbo,o.ki.si.dˈa
o·xi·da·se,"nome feminino",ɔ.ki.si.dˈa.zi
o·xi·dá·vel,adjetivo,o.ki.si.dˈa.vew
ó·xi·do,"nome masculino",ˈɔ.ki.si.dʊ
o·xi·ge·na·ção,"nome feminino",o.ki.si.ʒe.na.sˈə̃w
o·xi·ge·na·do,adjetivo,o.ki.si.ʒe.nˈa.dʊ
o·xi·ge·nar,verbo,o.ki.si.ʒe.nˈa
"o·xi·gé·ni· o","nome masculino",o.ki.si.ʒˈɛ.njʊ
o·xi·to·ci·na,"nome feminino",o.ki.si.tɔ.sˈi.nə
o·zo·nar,verbo,ɔ.zɔ.nˈa
"o· zo· ne","nome masculino",o.zˈo.ni
o·zo·ni·za·ção,"nome feminino",ɔ.zɔ.ni.za.sˈə̃w
o·zo·no,"nome masculino",ɔ.zˈo.nʊ
