na·ba·bo,"nome masculino",na.bˈa.bʊ
na·bal,"nome masculino",na.bˈaw
na·ban·ti·na,"nome feminino",na.bə̃.tʃˈi.nə
na·ban·ti·no,adjetivo,na.bə̃.tʃˈi.nʊ
na·ban·ti·no,"nome masculino",na.bə̃.tʃˈi.nʊ
na·bi·ça,"nome feminino",na.bˈi.sə
na·bo,"nome masculino",nˈa.bʊ
na·ção,"nome feminino",na.sˈə̃w
ná·car,"nome masculino",nˈa.kaɾ
na·ca·ra·do,adjetivo,na.ka.ɾˈa.dʊ
na·ca·rar,verbo,na.ka.ɾˈa
na·ci·o·nal,"nome feminino",na.si.o.nˈaw
na·ci·o·nal,adjetivo,na.si.o.nˈaw
na·ci·o·nal,"nome masculino",na.si.o.nˈaw
na·ci·o·nal-sin·di·ca·lis·mo,"nome masculino",na.si.o.nˌaw.sĩ.dʒi.ka.lˈiz.mʊ
na·ci·o·nal-sin·di·ca·lis·ta,"nome masculino","na.si.o.nˌaw.sĩ.dʒi.ka.lˈis.tə ou na.si.o.nˌaw.sĩ.dʒi.ka.lˈis.tə"
na·ci·o·nal-sin·di·ca·lis·ta,adjetivo,na.si.o.nˌaw.sĩ.dʒi.ka.lˈis.tə
na·ci·o·nal-so·ci·a·lis·mo,"nome masculino",na.si.o.nˌaw.so.sja.lˈiz.mʊ
na·ci·o·nal-so·ci·a·lis·ta,"nome masculino",na.si.o.nˌaw.so.sja.lˈis.tə
na·ci·o·nal-so·ci·a·lis·ta,adjetivo,na.si.o.nˌaw.so.sja.lˈis.tə
na·ci·o·nal-so·ci·a·lis·ta,"nome feminino",na.si.o.nˌaw.so.sja.lˈis.tə
na·ci·o·na·li·da·de,"nome feminino",na.si.o.na.li.dˈa.dʒi
na·ci·o·na·lis·mo,"nome masculino",na.si.o.na.lˈiz.mʊ
na·ci·o·na·lis·ta,"nome masculino",na.si.o.na.lˈis.tə
na·ci·o·na·lis·ta,"nome feminino",na.si.o.na.lˈis.tə
na·ci·o·na·lis·ta,adjetivo,na.si.o.na.lˈis.tə
na·ci·o·na·li·za·ção,"nome feminino",na.si.o.na.li.za.sˈə̃w
na·ci·o·na·li·za·do,adjetivo,na.si.o.na.li.zˈa.dʊ
na·ci·o·na·li·za·dor,adjetivo,na.si.o.na.li.za.dˈoɾ
na·ci·o·na·li·zar,verbo,na.si.o.na.li.zˈa
na·ci·o·nal·men·te,advérbio,na.si.o.naw.mˈẽj.tʃi
na·co,"nome masculino",nˈa.kʊ
na·da,"nome masculino",nˈa.də
na·da,pronome,nˈa.də
na·da,"nome feminino",nˈa.də
na·da,advérbio,nˈa.də
na·da·dor,adjetivo,na.da.dˈoɾ
na·da·dor,"nome masculino",na.da.dˈoɾ
na·da·dor-sal·va·dor,"nome masculino",na.da.dˌor.saw.va.dˈoɾ
na·da·do·ra,"nome feminino",na.da.dˈo.ɾə
na·dar,verbo,na.dˈa
ná·de·ga,"nome feminino",nˈa.de.gə
na·di·nha,"nome masculino",na.dʒˈi.ɲə
na·dir,"nome masculino",na.dʒˈiɾ
na·do,adjetivo,nˈa.dʊ
na·do,"nome masculino",nˈa.dʊ
na·do-mor·to,"nome masculino",nˌa.dʊ.mˈoɾ.tʊ
na·do-mor·to,adjetivo,nˌa.dʊ.mˈoɾ.tʊ
na·do-vi·vo,"nome masculino",nˌa.dʊ.vˈi.vʊ
naf·ta,"nome feminino",nˈa.fə.tə
naf·ta·le·no,"nome masculino",na.fə.ta.lˈe.nʊ
naf·ta·li·na,"nome feminino","na.fə.ta.lˈi.nə ou na.fə.ta.lˈi.nə"
na·ga,"nome feminino",nˈa.gə
na·ïf,"nome masculino",ou
"na· ïf",adjetivo,
nai·fa,"nome feminino",nˈaj.fə
nai·pe,"nome masculino",nˈaj.pi
nai·ra,"nome masculino",nˈaj.ɾə
"na· ï· ve",adjetivo,
nal·ga,"nome feminino",nˈaw.gə
nal·ga·da,"nome feminino",naw.gˈa.də
nal·gum,,naw.gˈũ
na·mi·bi·a·no,adjetivo,na.mi.bjˈə.nʊ
na·mi·bi·a·no,"nome masculino",na.mi.bjˈə.nʊ
na·mo·ra·dei·ra,"nome feminino",na.mo.ɾa.dˈej.ɾə
na·mo·ra·dei·ro,"nome masculino",na.mo.ɾa.dˈej.ɾʊ
na·mo·ra·dei·ro,adjetivo,na.mo.ɾa.dˈej.ɾʊ
na·mo·ra·do,adjetivo,na.mo.ɾˈa.dʊ
na·mo·ra·do,"nome masculino",na.mo.ɾˈa.dʊ
na·mo·ra·dor,adjetivo,na.mo.ɾa.dˈoɾ
na·mo·ra·dor,"nome masculino",na.mo.ɾa.dˈoɾ
na·mo·rar,verbo,na.mo.ɾˈa
na·mo·ri·car,verbo,na.mo.ɾi.kˈa
na·mo·ri·co,"nome masculino",na.mo.ɾˈi.kʊ
na·mo·ris·car,verbo,na.mo.ɾis.kˈa
na·mo·ro,"nome masculino",na.mˈo.ɾʊ
na·na,"nome feminino",nˈə.nə
na·nar,verbo,na.nˈa
nan·dro·lo·na,"nome feminino",nə̃.dɾo.lˈo.nə
nan·du,"nome masculino",nə̃.dˈu
na·nis·mo,"nome masculino",na.nˈiz.mʊ
nan·ja,advérbio,nˈə̃.ʒə
na·no,"nome masculino",nˈə.nɔ
na·nó·me·tro,"nome masculino",na.nˈɔ.me.tɾʊ
na·no·tec·no·lo·gi·a,"nome feminino",na.no.te.kə.no.lo.ʒˈi.jə
nan·quim,"nome masculino",nə̃.kˈiɲ
nan·quim,adjetivo,nə̃.kˈiɲ
não,advérbio,nˈə̃w
não,"nome masculino",nˈə̃w
naos,"nome masculino",nˈaws
na·pa,"nome feminino",nˈa.pə
"na· palm","nome masculino",
na·pe·ron,"nome masculino",na.pe.ɾˈõ
na·po·le·ão,"nome masculino",na.po.le.ˈə̃w
na·po·le·ó·ni·ca,"nome feminino",na.po.le.ˈɔ.ni.kə
na·po·le·o·ni·ca·men·te,advérbio,na.po.le.ɔ.ni.ka.mˈẽj.tʃi
na·po·le·ó·ni·co,"nome masculino",na.po.le.ˈɔ.ni.kʊ
na·po·le·ó·ni·co,adjetivo,na.po.le.ˈɔ.ni.kʊ
na·po·li·ta·na,"nome feminino",na.po.li.tˈə.nə
na·po·li·ta·no,adjetivo,na.po.li.tˈə.nʊ
na·po·li·ta·no,"nome masculino",na.po.li.tˈə.nʊ
na·que·le,,na.kˈe.li
na·qui·lo,,na.kˈi.lʊ
nar·ce·ja,"nome feminino",naɾ.sˈe.ʒə
nar·ci·sar,verbo,naɾ.si.zˈa
nar·cí·si·co,adjetivo,naɾ.sˈi.zi.kʊ
nar·ci·sis·mo,"nome masculino",naɾ.si.zˈiz.mʊ
nar·ci·sis·ta,"nome feminino",naɾ.si.zˈis.tə
nar·ci·sis·ta,"nome masculino",naɾ.si.zˈis.tə
nar·ci·sis·ta,adjetivo,naɾ.si.zˈis.tə
nar·ci·so,"nome masculino",naɾ.sˈi.zʊ
nar·co·lep·si·a,"nome feminino",naɾ.ko.le.pi.sˈi.jə
nar·co·lép·ti·co,adjetivo,naɾ.ko.lˈɛ.pi.tʃi.kʊ
nar·có·ti·co,"nome masculino",naɾ.kˈɔ.tʃi.kʊ
nar·có·ti·co,adjetivo,naɾ.kˈɔ.tʃi.kʊ
nar·co·ti·zar,verbo,naɾ.ko.tʃi.zˈa
nar·co·tra·fi·can·te,"nome masculino",naɾ.ko.tɾa.fi.kˈə̃.tʃi
nar·co·tra·fi·can·te,adjetivo,naɾ.ko.tɾa.fi.kˈə̃.tʃi
nar·co·tra·fi·can·te,"nome feminino",naɾ.ko.tɾa.fi.kˈə̃.tʃi
nar·co·trá·fi·co,"nome masculino",naɾ.ko.tɾˈa.fi.kʊ
nar·do,"nome masculino",nˈaɾ.dʊ
nar·gui·lé,"nome masculino",naɾ.gi.lˈɛ
na·ri·gão,"nome masculino",na.ɾi.gˈə̃w
na·ri·gão,adjetivo,na.ɾi.gˈə̃w
na·ri·gu·do,adjetivo,na.ɾi.gˈu.dʊ
na·ri·gu·do,"nome masculino",na.ɾi.gˈu.dʊ
na·ri·na,"nome feminino",na.ɾˈi.nə
na·riz,"nome masculino",na.ɾˈis
na·ri·zi·nho,"nome masculino",na.ɾi.zˈi.ɲʊ
nar·ra·ção,"nome feminino",na.xa.sˈə̃w
nar·ra·do,adjetivo,na.xˈa.dʊ
nar·ra·do,"nome masculino",na.xˈa.dʊ
nar·ra·dor,"nome masculino",na.xa.dˈoɾ
nar·ra·dor,adjetivo,na.xa.dˈoɾ
nar·ra·do·ra,"nome feminino",na.xa.dˈo.ɾə
nar·rar,verbo,na.xˈa
nar·ra·ti·va,"nome feminino",na.xa.tʃˈi.və
nar·ra·ti·va·men·te,advérbio,na.xa.tʃi.va.mˈẽj.tʃi
nar·ra·ti·vi·da·de,"nome feminino",na.xa.tʃi.vi.dˈa.dʒi
nar·ra·ti·vo,adjetivo,na.xa.tʃˈi.vʊ
nar·ra·to·lo·gi·a,"nome feminino",na.xa.to.lo.ʒˈi.jə
na·sal,"nome feminino",na.zˈaw
na·sal,adjetivo,na.zˈaw
na·sal,"nome masculino",na.zˈaw
na·sa·la·do,adjetivo,na.za.lˈa.dʊ
na·sa·lar,verbo,na.za.lˈa
na·sal·men·te,advérbio,na.zaw.mˈẽj.tʃi
nas·cen·ça,"nome feminino",na.sˈẽj.sə
nas·cen·te,adjetivo,na.sˈẽj.tʃi
nas·cen·te,"nome masculino",na.sˈẽj.tʃi
nas·cen·te,"nome feminino",na.sˈẽj.tʃi
nas·cer,"nome masculino",na.sˈe
nas·cer,verbo,na.sˈe
nas·ci·da,"nome feminino",na.sˈi.də
nas·ci·do,adjetivo,na.sˈi.dʊ
nas·ci·do,"nome masculino",na.sˈi.dʊ
nas·ci·men·to,"nome masculino",na.si.mˈẽj.tʊ
nas·ci·tu·ro,adjetivo,na.si.tˈu.ɾʊ
nas·ci·tu·ro,"nome masculino",na.si.tˈu.ɾʊ
nas·sa,"nome feminino",nˈa.sə
nas·tro,"nome masculino",nˈas.tɾʊ
na·ta,"nome feminino",nˈa.tə
na·ta·ção,"nome feminino",na.ta.sˈə̃w
na·tal,adjetivo,na.tˈaw
"na·ta·lí·ci· o",adjetivo,na.ta.lˈi.sjʊ
"na·ta·lí·ci· o","nome masculino",na.ta.lˈi.sjʊ
na·ta·li·da·de,"nome feminino",na.ta.li.dˈa.dʒi
na·ta·lis·ta,adjetivo,na.ta.lˈis.tə
"na·tá·ri· o","nome masculino",na.tˈa.ɾjʊ
"na·tá·ri· o",adjetivo,na.tˈa.ɾjʊ
"na·ta·tó·ri· o",adjetivo,na.ta.tˈɔ.ɾjʊ
na·tei·ro,"nome masculino",na.tˈej.ɾʊ
na·ti·va,"nome feminino",na.tʃˈi.və
na·ti·vi·da·de,"nome feminino",na.tʃi.vi.dˈa.dʒi
na·ti·vo,adjetivo,na.tʃˈi.vʊ
na·ti·vo,"nome masculino",na.tʃˈi.vʊ
na·to,adjetivo,nˈa.tʊ
na·tu·ra,"nome feminino",na.tˈu.ɾə
na·tu·ral,"nome feminino",na.tu.ɾˈaw
na·tu·ral,adjetivo,na.tu.ɾˈaw
na·tu·ral,"nome masculino",na.tu.ɾˈaw
na·tu·ra·li·da·de,"nome feminino",na.tu.ɾa.li.dˈa.dʒi
na·tu·ra·lis·mo,"nome masculino",na.tu.ɾa.lˈiz.mʊ
na·tu·ra·lis·ta,"nome masculino",na.tu.ɾa.lˈis.tə
na·tu·ra·lis·ta,"nome feminino",na.tu.ɾa.lˈis.tə
na·tu·ra·lis·ta,adjetivo,na.tu.ɾa.lˈis.tə
na·tu·ra·lis·ti·ca·men·te,advérbio,na.tu.ɾa.lis.tʃi.ka.mˈẽj.tʃi
na·tu·ra·lís·ti·co,adjetivo,na.tu.ɾa.lˈis.tʃi.kʊ
na·tu·ra·li·za·ção,"nome feminino",na.tu.ɾa.li.za.sˈə̃w
na·tu·ra·li·za·da,"nome feminino",na.tu.ɾa.li.zˈa.də
na·tu·ra·li·za·do,"nome masculino",na.tu.ɾa.li.zˈa.dʊ
na·tu·ra·li·za·do,adjetivo,na.tu.ɾa.li.zˈa.dʊ
na·tu·ra·li·zar,verbo,na.tu.ɾa.li.zˈa
na·tu·ral·men·te,advérbio,na.tu.ɾaw.mˈẽj.tʃi
na·tu·re·za,"nome feminino",na.tu.ɾˈe.zə
na·tu·re·za-mor·ta,"nome feminino",na.tu.ɾˌe.zə.mˈɔɾ.tə
na·tu·ris·mo,"nome masculino",na.tu.ɾˈiz.mʊ
na·tu·ris·ta,"nome feminino",na.tu.ɾˈis.tə
na·tu·ris·ta,adjetivo,na.tu.ɾˈis.tə
na·tu·ris·ta,"nome masculino",na.tu.ɾˈis.tə
na·tu·ro·pa·ta,"nome masculino","na.tu.ɾo.pˈa.tə ou na.tu.ɾo.pˈa.tə"
na·tu·ro·pa·ti·a,"nome feminino",na.tu.ɾo.pa.tʃˈi.jə
nau,"nome feminino",nˈaw
náu·fra·ga,"nome feminino",nˈaw.fɾa.gə
nau·fra·ga·da,"nome feminino",naw.fɾa.gˈa.də
nau·fra·ga·do,adjetivo,naw.fɾa.gˈa.dʊ
nau·fra·ga·do,"nome masculino",naw.fɾa.gˈa.dʊ
nau·fra·gar,verbo,naw.fɾa.gˈa
"nau·frá·gi· o","nome masculino",naw.fɾˈa.ʒjʊ
náu·fra·go,"nome masculino",nˈaw.fɾa.gʊ
náu·fra·go,adjetivo,nˈaw.fɾa.gʊ
"náu·se· a","nome feminino",nˈaw.zjə
nau·se·a·bun·do,adjetivo,naw.zi.a.bˈũ.dʊ
nau·se·a·do,adjetivo,naw.zi.ˈa.dʊ
nau·se·an·te,adjetivo,naw.zi.ˈə̃.tʃi
nau·se·ar,verbo,naw.zi.ˈa
nau·ta,"nome masculino",nˈaw.tə
náu·ti·ca,"nome feminino",nˈaw.tʃi.kə
náu·ti·co,adjetivo,nˈaw.tʃi.kʊ
na·va,"nome feminino",nˈa.və
na·val,adjetivo,na.vˈaw
na·va·lha,"nome feminino",na.vˈa.ʎə
na·va·lha,"nome masculino",na.vˈa.ʎə
na·va·lha·da,"nome feminino",na.va.ʎˈa.də
na·va·lhar,verbo,na.va.ʎˈa
na·va·lhei·ra,"nome feminino",na.va.ʎˈej.ɾə
na·val·men·te,advérbio,na.vaw.mˈẽj.tʃi
na·var·ra,"nome feminino",na.vˈa.xə
na·var·ro,"nome masculino",na.vˈa.xʊ
na·var·ro,adjetivo,na.vˈa.xʊ
na·ve,"nome feminino",nˈa.vi
na·ve·ga·bi·li·da·de,"nome feminino",na.ve.ga.bi.li.dˈa.dʒi
na·ve·ga·ção,"nome feminino",na.ve.ga.sˈə̃w
na·ve·ga·dor,"nome masculino",na.ve.ga.dˈoɾ
na·ve·ga·dor,adjetivo,na.ve.ga.dˈoɾ
na·ve·ga·do·ra,"nome feminino",na.ve.ga.dˈo.ɾə
na·ve·gan·te,"nome masculino",na.ve.gˈə̃.tʃi
na·ve·gan·te,"nome feminino",na.ve.gˈə̃.tʃi
na·ve·gan·te,adjetivo,na.ve.gˈə̃.tʃi
na·ve·gar,verbo,na.ve.gˈa
na·ve·gá·vel,adjetivo,na.ve.gˈa.vew
na·ve·ta,"nome feminino",na.vˈe.tə
na·vi·o,"nome masculino",na.vˈi.ʊ
na·vi·o-es·co·la,"nome masculino",na.vˌi.ʊ.is.kˈɔ.lə
na·vi·o-hos·pi·tal,"nome masculino",na.vˌi.ʊ.os.pi.tˈaw
na·vi·o-mãe,"nome masculino",na.vˌi.ʊ.mˈɐ̃j
na·za·re·na,"nome feminino",na.za.ɾˈe.nə
na·za·re·no,adjetivo,na.za.ɾˈe.nʊ
na·za·re·no,"nome masculino",na.za.ɾˈe.nʊ
na·zi,"nome feminino",na.zˈi
na·zi,"nome masculino",na.zˈi
na·zi,adjetivo,na.zˈi
na·zis·mo,"nome masculino",na.zˈiz.mʊ
na·zis·ta,adjetivo,na.zˈis.tə
na·zis·ta,"nome masculino",na.zˈis.tə
na·zis·ta,"nome feminino",na.zˈis.tə
ne·bli·na,"nome feminino",ne.blˈi.nə
ne·bli·nar,verbo,ne.bli.nˈa
ne·bu·lar,verbo,ne.bu.lˈa
ne·bu·li·za·ção,"nome feminino",ne.bu.li.za.sˈə̃w
ne·bu·lo·sa,"nome feminino",ne.bu.lˈɔ.zə
ne·bu·lo·sa·men·te,advérbio,ne.bu.lɔ.za.mˈẽj.tʃi
ne·bu·lo·si·da·de,"nome feminino",ne.bu.lo.zi.dˈa.dʒi
ne·bu·lo·so,adjetivo,ne.bu.lˈo.zʊ
ne·ca,advérbio,nˈɛ.kə
ne·ce·da·de,"nome feminino",ne.se.dˈa.dʒi
"ne·ces·sá·ri· a","nome feminino",ne.se.sˈa.ɾjə
ne·ces·sa·ri·a·men·te,advérbio,ne.se.sa.ɾja.mˈẽj.tʃi
"ne·ces·sá·ri· o",adjetivo,ne.se.sˈa.ɾjʊ
"ne·ces·sá·ri· o","nome masculino",ne.se.sˈa.ɾjʊ
ne·ces·si·da·de,"nome feminino",ne.se.si.dˈa.dʒi
ne·ces·si·ta·da,"nome feminino",ne.se.si.tˈa.də
ne·ces·si·ta·do,"nome masculino",ne.se.si.tˈa.dʊ
ne·ces·si·ta·do,adjetivo,ne.se.si.tˈa.dʊ
ne·ces·si·tar,verbo,ne.se.si.tˈa
ne·cró·fa·ga,"nome feminino",ne.kɾˈɔ.fa.gə
ne·cro·fa·gi·a,"nome feminino",ne.kɾo.fa.ʒˈi.jə
ne·cró·fa·go,"nome masculino",ne.kɾˈɔ.fa.gʊ
ne·cró·fa·go,adjetivo,ne.kɾˈɔ.fa.gʊ
ne·cro·fi·li·a,"nome feminino",ne.kɾo.fi.lˈi.jə
ne·cró·fi·lo,"nome masculino",ne.kɾˈɔ.fi.lʊ
ne·cró·fi·lo,adjetivo,ne.kɾˈɔ.fi.lʊ
ne·cro·lo·gi·a,"nome feminino",ne.kɾo.lo.ʒˈi.jə
ne·cro·ló·gi·co,adjetivo,ne.kɾo.lˈɔ.ʒi.kʊ
ne·cro·man·te,"nome masculino","ne.kɾo.mˈə̃.tʃi ou ne.kɾo.mˈə̃.tʃi"
ne·cró·po·le,"nome feminino",ne.kɾˈɔ.po.li
ne·cro·sar,verbo,ne.kɾo.zˈa
ne·cro·se,"nome feminino",ne.kɾˈɔ.zi
"ne·cro·té·ri· o","nome masculino",ne.kɾo.tˈɛ.ɾjʊ
ne·cro·ti·zan·te,adjetivo,ne.kɾo.tʃi.zˈə̃.tʃi
néc·tar,"nome masculino",nˈɛ.kə.taɾ
"né·di· o",adjetivo,nˈɛ.dʒjʊ
"neer· lan·dês",adjetivo,ne.ex.lə̃.dˈes
"neer· lan·dês","nome masculino",ne.ex.lə̃.dˈes
"neer· lan·de·sa","nome feminino",ne.ex.lə̃.dˈe.zə
ne·fan·da·men·te,advérbio,ne.fə̃.da.mˈẽj.tʃi
ne·fan·do,adjetivo,ne.fˈə̃.dʊ
ne·fas·ta·men·te,advérbio,ne.fas.ta.mˈẽj.tʃi
ne·fas·to,adjetivo,ne.fˈas.tʊ
ne·fe·li·ba·ta,"nome feminino",ne.fe.li.bˈa.tə
ne·fe·li·ba·ta,adjetivo,ne.fe.li.bˈa.tə
ne·fe·li·ba·ta,"nome masculino",ne.fe.li.bˈa.tə
ne·fri·te,"nome feminino",ne.fɾˈi.tʃi
ne·fro·lo·gi·a,"nome feminino",ne.fɾo.lo.ʒˈi.jə
ne·fro·ló·gi·co,adjetivo,ne.fɾo.lˈɔ.ʒi.kʊ
ne·fro·lo·gis·ta,"nome feminino",ne.fɾo.lo.ʒˈis.tə
ne·fro·lo·gis·ta,"nome masculino",ne.fɾo.lo.ʒˈis.tə
ne·ga,"nome feminino",nˈɛ.gə
ne·ga·ça,"nome feminino",ne.gˈa.sə
ne·ga·ção,"nome feminino",ne.ga.sˈə̃w
ne·ga·do,adjetivo,ne.gˈa.dʊ
ne·ga·dor,"nome masculino",ne.ga.dˈoɾ
ne·ga·dor,adjetivo,ne.ga.dˈoɾ
ne·gar,verbo,ne.gˈa
ne·ga·ti·va,"nome feminino",ne.ga.tʃˈi.və
ne·ga·ti·va·men·te,advérbio,ne.ga.tʃi.va.mˈẽj.tʃi
ne·ga·ti·var,verbo,ne.ga.tʃi.vˈa
ne·ga·ti·vi·da·de,"nome feminino",ne.ga.tʃi.vi.dˈa.dʒi
ne·ga·ti·vis·mo,"nome masculino",ne.ga.tʃi.vˈiz.mʊ
ne·ga·ti·vis·ta,"nome feminino",ne.ga.tʃi.vˈis.tə
ne·ga·ti·vis·ta,"nome masculino",ne.ga.tʃi.vˈis.tə
ne·ga·ti·vis·ta,adjetivo,ne.ga.tʃi.vˈis.tə
ne·ga·ti·vo,"nome masculino",ne.ga.tʃˈi.vʊ
ne·ga·ti·vo,adjetivo,ne.ga.tʃˈi.vʊ
né·gli·gé,"nome masculino",
"ne·gli·gên·ci· a","nome feminino",ne.gli.ʒˈẽj.sjə
ne·gli·gen·ci·ar,verbo,ne.gli.ʒẽ.sjˈa
ne·gli·gen·ci·á·vel,adjetivo,ne.gli.ʒẽ.sjˈa.vew
ne·gli·gen·te,"nome masculino",ne.gli.ʒˈẽj.tʃi
ne·gli·gen·te,adjetivo,ne.gli.ʒˈẽj.tʃi
ne·gli·gen·te,"nome feminino",ne.gli.ʒˈẽj.tʃi
ne·gli·gen·te·men·te,advérbio,ne.gli.ʒẽ.te.mˈẽj.tʃi
ne·go·ci·a·bi·li·da·de,"nome feminino",ne.go.sja.bi.li.dˈa.dʒi
ne·go·ci·a·ção,"nome feminino",ne.go.sja.sˈə̃w
ne·go·ci·a·do,adjetivo,ne.go.sjˈa.dʊ
ne·go·ci·a·dor,adjetivo,ne.go.sja.dˈoɾ
ne·go·ci·a·dor,"nome masculino",ne.go.sja.dˈoɾ
ne·go·ci·a·do·ra,"nome feminino",ne.go.sja.dˈo.ɾə
ne·go·ci·al,adjetivo,ne.go.sjˈaw
ne·go·ci·an·te,"nome masculino",ne.go.sjˈə̃.tʃi
ne·go·ci·an·te,"nome feminino",ne.go.sjˈə̃.tʃi
ne·go·ci·ar,verbo,ne.go.sjˈa
ne·go·ci·a·ta,"nome feminino",ne.go.sjˈa.tə
ne·go·ci·á·vel,adjetivo,ne.go.sjˈa.vew
"ne·gó·ci· o","nome masculino",ne.gˈɔ.sjʊ
ne·go·cis·ta,"nome masculino",ne.go.sˈis.tə
ne·go·cis·ta,"nome feminino",ne.go.sˈis.tə
ne·gra,"nome feminino",nˈe.gɾə
ne·gral,adjetivo,ne.gɾˈaw
ne·gral,"nome feminino",ne.gɾˈaw
ne·grão,"nome masculino",ne.gɾˈə̃w
ne·gre·ga·do,adjetivo,ne.gɾe.gˈa.dʊ
ne·grei·ra,"nome feminino",ne.gɾˈej.ɾə
ne·grei·ro,"nome masculino",ne.gɾˈej.ɾʊ
ne·grei·ro,adjetivo,ne.gɾˈej.ɾʊ
ne·gri·dão,"nome feminino",ne.gɾi.dˈə̃w
ne·gri·lho,"nome masculino",ne.gɾˈi.ʎʊ
ne·gri·nha,"nome feminino",ne.gɾˈi.ɲə
ne·gri·nho,"nome masculino",ne.gɾˈi.ɲʊ
ne·grís·si·mo,adjetivo,ne.gɾˈi.si.mʊ
ne·gri·ta,"nome feminino",ne.gɾˈi.tə
ne·gri·to,"nome masculino",ne.gɾˈi.tʊ
ne·gri·tu·de,"nome feminino",ne.gɾi.tˈu.dʒi
ne·gro,adjetivo,nˈe.gɾʊ
ne·gro,"nome masculino",nˈe.gɾʊ
ne·groi·de,adjetivo,ne.gɾˈɔj.dʒi
ne·groi·de,"nome masculino",ne.gɾˈɔj.dʒi
ne·groi·de,"nome feminino",ne.gɾˈɔj.dʒi
ne·gru·me,"nome masculino",ne.gɾˈu.mi
ne·gru·ra,"nome feminino",ne.gɾˈu.ɾə
ne·gus,"nome masculino",nɛ.gˈus
ne·le,"nome masculino",nˈe.li
ne·le,,nˈe.li
nem,conjunção,neɲ
nem,advérbio,neɲ
ne·na,"nome feminino",nˈe.nə
ne·né,"nome feminino",nɛ.nˈɛ
ne·nhum,pronome,ne.ɲˈũ
ne·nhum,artigo,ne.ɲˈũ
ne·nhu·res,advérbio,ne.ɲˈu.ɾis
ne·nú·far,"nome masculino",ne.nˈu.faɾ
ne·o-he·lé·ni·co,adjetivo,ne.o.e.lˈɛ.ni.kʊ
ne·o-he·lé·ni·co,"nome masculino",ne.o.e.lˈɛ.ni.kʊ
ne·o·á·ti·co,adjetivo,ne.o.ˈa.tʃi.kʊ
ne·o·á·ti·co,"nome masculino",ne.o.ˈa.tʃi.kʊ
ne·o·bu·dis·mo,"nome masculino",ne.o.bu.dʒˈiz.mʊ
ne·o·bu·dis·ta,"nome masculino",ne.o.bu.dʒˈis.tə
ne·o·bu·dis·ta,"nome feminino",ne.o.bu.dʒˈis.tə
ne·o·bu·dis·ta,adjetivo,ne.o.bu.dʒˈis.tə
ne·o·bur·guês,adjetivo,ne.o.buɾ.gˈes
ne·o·bur·guês,"nome masculino",ne.o.buɾ.gˈes
"ne·o·ca·le·dó·ni· a","nome feminino",ne.o.ka.le.dˈɔ.njə
"ne·o·ca·le·dô·ni· o","nome masculino",ne.o.ka.le.dˈo.njʊ
"ne·o·ca·le·dô·ni· o",adjetivo,ne.o.ka.le.dˈo.njʊ
"ne·o·ca·le·dó·ni· o","nome masculino",ne.o.ka.le.dˈɔ.njʊ
"ne·o·ca·le·dó·ni· o",adjetivo,ne.o.ka.le.dˈɔ.njʊ
ne·o·ca·pi·ta·lis·mo,"nome masculino",ne.o.ka.pi.ta.lˈiz.mʊ
ne·o·ca·pi·ta·lis·ta,"nome masculino",ne.o.ka.pi.ta.lˈis.tə
ne·o·ca·pi·ta·lis·ta,"nome feminino",ne.o.ka.pi.ta.lˈis.tə
ne·o·ca·pi·ta·lis·ta,adjetivo,ne.o.ka.pi.ta.lˈis.tə
ne·o·ca·tó·li·ca,"nome feminino",ne.o.ka.tˈɔ.li.kə
ne·o·ca·to·li·cis·mo,"nome masculino",ne.o.ka.to.li.sˈiz.mʊ
ne·o·ca·tó·li·co,adjetivo,ne.o.ka.tˈɔ.li.kʊ
ne·o·ca·tó·li·co,"nome masculino",ne.o.ka.tˈɔ.li.kʊ
ne·o·cél·ti·co,adjetivo,ne.o.sˈɛw.tʃi.kʊ
ne·o·cí·cli·co,adjetivo,ne.o.sˈi.kli.kʊ
ne·o·clás·si·ca,"nome feminino",ne.o.klˈa.si.kə
ne·o·clas·si·cis·mo,"nome masculino",ne.o.kla.si.sˈiz.mʊ
ne·o·clás·si·co,"nome masculino",ne.o.klˈa.si.kʊ
ne·o·clás·si·co,adjetivo,ne.o.klˈa.si.kʊ
ne·o·co·lo·ni·a·lis·mo,"nome masculino",ne.o.ko.lo.nja.lˈiz.mʊ
ne·o·co·lo·ni·a·lis·ta,"nome feminino",ne.o.ko.lo.nja.lˈis.tə
ne·o·co·lo·ni·a·lis·ta,adjetivo,ne.o..ko.lo.nja.lˈis.tə
ne·o·co·lo·ni·a·lis·ta,"nome masculino",ne.o.ko.lo.nja.lˈis.tə
ne·o·con·ser·va·dor,"nome masculino",ne.o.kõ.seɾ.va.dˈoɾ
ne·o·con·ser·va·do·ra,"nome feminino",ne.o.kõ.seɾ.va.dˈo.ɾə
ne·o·cri·só·li·to,"nome masculino",ne.o.kɾi.zˈɔ.li.tʊ
ne·o·cris·tão,adjetivo,ne.o.kɾis.tˈə̃w
ne·o·cris·tão,"nome masculino",ne.o.kɾis.tˈə̃w
ne·o·cris·ti·a·nis·mo,"nome masculino",ne.o.kɾis.tʃja.nˈiz.mʊ
ne·o·cri·ti·cis·mo,"nome masculino",ne.o.kɾi.tʃi.sˈiz.mʊ
"ne·o·dar· wi·nis·mo","nome masculino",ne.o.daɾ.wi.nˈiz.mʊ
"ne·o·dar· wi·nis·ta",adjetivo,ne.o.daɾ.wi.nˈis.tə
"ne·o·dar· wi·nis·ta","nome masculino",ne.o.daɾ.wi.nˈis.tə
"ne·o·dar· wi·nis·ta","nome feminino",ne.o.daɾ.wi.nˈis.tə
ne·o·es·co·lás·ti·ca,"nome feminino",ne.o.es.ko.lˈas.tʃi.kə
ne·o·es·co·lás·ti·co,"nome masculino",ne.o.es.ko.lˈas.tʃi.kʊ
ne·o·es·co·lás·ti·co,adjetivo,ne.o.es.ko.lˈas.tʃi.kʊ
ne·o·es·la·vis·mo,"nome masculino",ne.o.ez.la.vˈiz.mʊ
ne·o·es·toi·cis·mo,"nome masculino",ne.o.es.toj.sˈiz.mʊ
ne·o·es·toi·co,adjetivo,ne.o.es.tˈɔj.kʊ
ne·o·es·toi·co,"nome masculino",ne.o.es.tˈɔj.kʊ
ne·o·ex·pres·si·o·nis·ta,adjetivo,ne.o.es.pɾe.si.o.nˈis.tə
ne·o·fas·cis·mo,"nome masculino",ne.o.fa.sˈiz.mʊ
ne·o·fas·cis·ta,"nome masculino",ne.o.fa.sˈis.tə
ne·o·fas·cis·ta,adjetivo,ne.o.fa.sˈis.tə
ne·o·fas·cis·ta,"nome feminino",ne.o.fa.sˈis.tə
ne·o·fi·ló·lo·go,"nome masculino",ne.o.fi.lˈɔ.lo.gʊ
ne·ó·fi·to,"nome masculino",ne.ˈɔ.fi.tʊ
ne·o·fo·bi·a,"nome feminino",ne.o.fo.bˈi.jə
ne·o·fo·ne·ma,"nome masculino",ne.o.fo.nˈɛ.mə
ne·o·for·ma·ção,"nome feminino",ne.o.foɾ.ma.sˈə̃w
ne·o·for·ma·do,adjetivo,ne.o.foɾ.mˈa.dʊ
ne·o·ga·lês,"nome masculino",ne.o.ga.lˈes
ne·o·ga·lês,adjetivo,ne.o.ga.lˈes
ne·o·gá·li·co,adjetivo,ne.o.gˈa.li.kʊ
"ne·o·gar· ret·ti·a·no","nome masculino",ne.o.ga.xɛ.tʃjˈə.nʊ
"ne·o·gar· ret·ti·a·no",adjetivo,ne.o.ga.xɛ.tʃjˈə.nʊ
ne·o·gé·ne·se,"nome feminino",ne.o.ʒˈɛ.ne.zi
ne·o·ge·né·si·co,adjetivo,ne.o.ʒe.nˈɛ.zi.kʊ
ne·o·ge·né·ti·co,adjetivo,ne.o.ʒe.nˈɛ.tʃi.kʊ
ne·o·gé·ni·co,adjetivo,ne.o.ʒˈɛ.ni.kʊ
ne·o·gon·gó·ri·co,adjetivo,ne.o.gõ.gˈɔ.ɾi.kʊ
ne·o·gon·go·ris·mo,"nome masculino",ne.o.gõ.go.ɾˈiz.mʊ
ne·o·gó·ti·co,"nome masculino",ne.o.gˈɔ.tʃi.kʊ
ne·o·gó·ti·co,adjetivo,ne.o.gˈɔ.tʃi.kʊ
ne·o·gra·fi·a,"nome feminino",ne.o.gɾa.fˈi.jə
ne·o·grá·fi·co,adjetivo,ne.o.gɾˈa.fi.kʊ
ne·o·gra·fis·mo,"nome masculino",ne.o.gɾa.fˈiz.mʊ
ne·o·gra·má·ti·co,"nome masculino",ne.o.gɾa.mˈa.tʃi.kʊ
ne·o·gra·vu·ra,"nome feminino",ne.o.gɾa.vˈu.ɾə
ne·o·gre·go,adjetivo,ne.o.gɾˈe.gʊ
ne·o·gre·go,"nome masculino",ne.o.gɾˈe.gʊ
ne·oi·de·a·lis·mo,"nome masculino",ne.o.i.dʒi.a.lˈiz.mʊ
ne·o·im·pres·si·o·nis·mo,"nome masculino",ne.o.ĩ.pɾe.si.o.nˈiz.mʊ
ne·o·im·pres·si·o·nis·ta,"nome feminino",ne.o.ĩ.pɾe.si.o.nˈis.tə
ne·o·im·pres·si·o·nis·ta,adjetivo,ne.o.ĩ.pɾe.si.o.nˈis.tə
ne·o·im·pres·si·o·nis·ta,"nome masculino",ne.o.ĩ.pɾe.si.o.nˈis.tə
ne·o·la·ti·no,adjetivo,ne.o.la.tʃˈi.nʊ
ne·o·li·be·ral,"nome feminino",ne.o.li.be.ɾˈaw
ne·o·li·be·ral,adjetivo,ne.o.li.be.ɾˈaw
ne·o·li·be·ral,"nome masculino",ne.o.li.be.ɾˈaw
ne·o·li·be·ra·lis·mo,"nome masculino",ne.o.li.be.ɾa.lˈiz.mʊ
ne·o·li·be·ra·lis·ta,"nome feminino",ne.o.li.be.ɾa.lˈis.tə
ne·o·li·be·ra·lis·ta,adjetivo,ne.o.li.be.ɾa.lˈis.tə
ne·o·li·be·ra·lis·ta,"nome masculino",ne.o.li.be.ɾa.lˈis.tə
ne·o·lin·guis·ta,adjetivo,ne.o.lĩ.gwˈis.tə
ne·o·lin·guis·ta,"nome feminino",ne.o.lĩ.gwˈis.tə
ne·o·lin·guis·ta,"nome masculino",ne.o.lĩ.gwˈis.tə
ne·o·lin·guís·ti·ca,"nome masculino",ne.o.lĩ.gwˈis.tʃi.kə
ne·o·lin·guís·ti·co,adjetivo,ne.o.lĩ.gwˈis.tʃi.kʊ
ne·o·lí·ti·co,adjetivo,ne.o.lˈi.tʃi.kʊ
ne·o·lo·cal,adjetivo,ne.o.lo.kˈaw
ne·o·lo·ca·li·da·de,"nome feminino",ne.o.lo.ka.li.dˈa.dʒi
ne·o·lo·gi·ca·men·te,advérbio,ne.o.lɔ.ʒi.ka.mˈẽj.tʃi
ne·o·ló·gi·co,adjetivo,ne.o.lˈɔ.ʒi.kʊ
ne·o·lo·gis·mo,"nome masculino",ne.o.lo.ʒˈiz.mʊ
ne·o·lu·te·ra·nis·mo,"nome masculino",ne.o.lu.te.ɾa.nˈiz.mʊ
ne·o·lu·te·ra·no,adjetivo,ne.o.lu.te.ɾˈə.nʊ
ne·o·lu·te·ra·no,"nome masculino",ne.o.lu.te.ɾˈə.nʊ
"ne·o·mal· thu·si·a·nis·mo","nome masculino",ne.o.maw.tu.zja.nˈiz.mʊ
"ne·o·mal· thu·si·a·no","nome masculino",ne.o.maw.tu.zjˈə.nʊ
"ne·o·mal· thu·si·a·no",adjetivo,ne.o.maw.tu.zjˈə.nʊ
ne·o·mem·bra·na,"nome feminino",ne.o.mẽ.bɾˈə.nə
ne·o·mis·ti·cis·mo,"nome masculino",ne.o.mis.tʃi.sˈiz.mʊ
ne·o·mís·ti·co,"nome masculino",ne.o.mˈis.tʃi.kʊ
ne·o·mís·ti·co,adjetivo,ne.o.mˈis.tʃi.kʊ
né·on,"nome masculino",nˈɛ.õ
ne·o·na·tal,adjetivo,ne.o.na.tˈaw
ne·o·na·to,"nome masculino",ne.o.nˈa.tʊ
ne·o·na·to,adjetivo,ne.o.nˈa.tʊ
ne·o·na·to·lo·gi·a,"nome feminino",ne.o.na.to.lo.ʒˈi.jə
ne·o·na·zi,"nome masculino",ne.o.na.zˈi
ne·o·na·zi,adjetivo,ne.o.na.zˈi
ne·o·na·zi,"nome feminino",ne.o.na.zˈi
ne·o·na·zis·mo,"nome masculino",ne.o.na.zˈiz.mʊ
ne·o·na·zis·ta,"nome feminino",ne.o.na.zˈis.tə
ne·o·na·zis·ta,"nome masculino",ne.o.na.zˈis.tə
ne·o·na·zis·ta,adjetivo,ne.o.na.zˈis.tə
ne·o·pa·ga·nis·mo,"nome masculino",ne.o.pa.ga.nˈiz.mʊ
ne·o·pa·gão,adjetivo,ne.o.pa.gˈə̃w
ne·o·pi·ta·gó·ri·co,"nome masculino",ne.o.pi.ta.gˈɔ.ɾi.kʊ
ne·o·pi·ta·gó·ri·co,adjetivo,ne.o.pi.ta.gˈɔ.ɾi.kʊ
ne·o·pi·ta·go·ris·mo,"nome masculino",ne.o.pi.ta.go.ɾˈiz.mʊ
ne·o·pla·si·a,"nome feminino",ne.o.pla.zˈi.jə
ne·o·plá·si·co,adjetivo,ne.o.plˈa.zi.kʊ
ne·o·plas·ma,"nome masculino",ne.o.plˈaz.mə
ne·o·plas·ti·a,"nome feminino",ne.o.plas.tʃˈi.jə
ne·o·plás·ti·co,adjetivo,ne.o.plˈas.tʃi.kʊ
ne·o·pla·tó·ni·ca,"nome feminino",ne.o.pla.tˈɔ.ni.kə
ne·o·pla·tó·ni·co,adjetivo,ne.o.pla.tˈɔ.ni.kʊ
ne·o·pla·tó·ni·co,"nome masculino",ne.o.pla.tˈɔ.ni.kʊ
ne·o·pla·to·nis·mo,"nome masculino",ne.o.pla.to.nˈiz.mʊ
ne·o·po·si·ti·vis·mo,"nome masculino",ne.o.po.zi.tʃi.vˈiz.mʊ
ne·o·po·si·ti·vis·ta,"nome feminino",ne.o.po.zi.tʃi.vˈis.tə
ne·o·po·si·ti·vis·ta,"nome masculino",ne.o.po.zi.tʃi.vˈis.tə
ne·o·qui·nhen·tis·mo,"nome masculino",ne.o.ki.ɲẽ.tʃˈiz.mʊ
ne·o·qui·nhen·tis·ta,"nome masculino",ne.o.ki.ɲẽ.tʃˈis.tə
ne·o·qui·nhen·tis·ta,"nome feminino",ne.o.ki.ɲẽ.tʃˈis.tə
ne·o·qui·nhen·tis·ta,adjetivo,ne.o.ki.ɲẽ.tʃˈis.tə
ne·or·re·a·lis·mo,"nome masculino",ne.o.xi.a.lˈiz.mʊ
ne·or·re·a·lis·ta,"nome masculino",ne.o.xi.a.lˈis.tə
ne·or·re·a·lis·ta,"nome feminino",ne.o.xi.a.lˈis.tə
ne·or·re·a·lis·ta,adjetivo,ne.o.xi.a.lˈis.tə
ne·or·re·pu·bli·ca·na,"nome feminino",ne.o.xe.pu.bli.kˈə.nə
ne·or·re·pu·bli·ca·nis·mo,"nome masculino",ne.o.xe.pu.bli.ka.nˈiz.mʊ
ne·or·re·pu·bli·ca·no,adjetivo,ne.o.xe.pu.bli.kˈə.nʊ
ne·or·re·pu·bli·ca·no,"nome masculino",ne.o.xe.pu.bli.kˈə.nʊ
ne·or·ro·mân·ti·ca,"nome feminino",ne.o.xo.mˈə̃.tʃi.kə
ne·or·ro·mân·ti·co,adjetivo,ne.o.xo.mˈə̃.tʃi.kʊ
ne·or·ro·mân·ti·co,"nome masculino",ne.o.xo.mˈə̃.tʃi.kʊ
ne·or·ro·man·tis·mo,"nome masculino",ne.o.xo.mə̃.tʃˈiz.mʊ
ne·os·si·na,"nome feminino",ne.o.sˈi.nə
ne·os·so·ci·a·lis·mo,"nome masculino",ne.o.so.sja.lˈiz.mʊ
ne·os·so·ci·a·lis·ta,"nome feminino",ne.o.so.sja.lˈis.tə
ne·os·so·ci·a·lis·ta,"nome masculino",ne.o.so.sja.lˈis.tə
ne·os·so·ci·a·lis·ta,adjetivo,ne.o.so.sja.lˈis.tə
"ne·o·tes·ta·men·tá·ri· o",adjetivo,ne.o.tes.ta.mẽ.tˈa.ɾjʊ
ne·o·to·mis·mo,"nome masculino",ne.o.to.mˈiz.mʊ
ne·o·to·mis·ta,"nome feminino",ne.o.to.mˈis.tə
ne·o·to·mis·ta,"nome masculino",ne.o.to.mˈis.tə
ne·o·to·mis·ta,adjetivo,ne.o.to.mˈis.tə
ne·o·tró·pi·co,adjetivo,ne.o.tɾˈɔ.pi.kʊ
ne·o·vas·cu·la·ri·za·ção,"nome feminino",ne.o.vas.ku.la.ɾi.za.sˈə̃w
ne·o·vi·ta·lis·mo,"nome masculino",ne.o.vi.ta.lˈiz.mʊ
ne·o·vi·ta·lis·ta,"nome feminino",ne.o.vi.ta.lˈis.tə
ne·o·vi·ta·lis·ta,"nome masculino",ne.o.vi.ta.lˈis.tə
ne·o·vi·ta·lis·ta,adjetivo,ne.o.vi.ta.lˈis.tə
ne·o·ze·lan·dês,adjetivo,ne.o.ze.lə̃.dˈes
ne·o·ze·lan·dês,"nome masculino",ne.o.ze.lə̃.dˈes
ne·o·ze·lan·de·sa,"nome feminino",ne.o.ze.lə̃.dˈe.zə
ne·pa·lês,"nome masculino",ne.pa.lˈes
ne·pa·lês,adjetivo,ne.pa.lˈes
ne·pa·le·sa,"nome feminino",ne.pa.lˈe.zə
"né·pi· a","nome feminino",nˈɛ.pjə
ne·po·tis·mo,"nome masculino",ne.po.tʃˈiz.mʊ
ne·po·tis·ta,"nome masculino","ne.po.tʃˈis.tə ou ne.po.tʃˈis.tə"
ne·po·tis·ta,adjetivo,ne.po.tʃˈis.tə
nep·tu·no,"nome masculino",ne.pə.tˈu.nʊ
ner·val,adjetivo,neɾ.vˈaw
ner·vo,"nome masculino",nˈeɾ.vʊ
ner·vo·sa,"nome feminino",neɾ.vˈɔ.zə
ner·vo·sa·men·te,advérbio,neɾ.vo.za.mˈẽj.tʃi
ner·vo·sis·mo,"nome masculino",neɾ.vo.zˈiz.mʊ
ner·vo·so,adjetivo,neɾ.vˈo.zʊ
ner·vo·so,"nome masculino",neɾ.vˈo.zʊ
ner·vu·ra,"nome feminino",neɾ.vˈu.ɾə
"nés·ci· a","nome feminino",nˈɛ.sjə
nes·ci·a·men·te,advérbio,nɛ.sja.mˈẽj.tʃi
"nés·ci· o",adjetivo,nˈɛ.sjʊ
"nés·ci· o","nome masculino",nˈɛ.sjʊ
nes·ga,"nome feminino",nˈez.gə
nês·pe·ra,"nome feminino",nˈes.pe.ɾə
nes·pe·rei·ra,"nome feminino",nes.pe.ɾˈej.ɾə
nes·se,,nˈe.si
nes·te,,nˈes.tʃi
nes·to·ri·a·no,"nome masculino",nes.to.ɾjˈə.nʊ
nes·to·ri·a·no,adjetivo,nes.to.ɾjˈə.nʊ
net,"nome feminino",
net,adjetivo,
ne·ta,"nome feminino",nˈɛ.tə
ne·tas,"nome feminino",nˈɛ.təs
ne·ti·que·ta,"nome feminino",ne.tʃi.kˈe.tə
ne·to,"nome masculino",nˈɛ.tʊ
neu·ra,adjetivo,nˈew.ɾə
neu·ra,"nome feminino",nˈew.ɾə
neu·ral,adjetivo,new.ɾˈaw
neu·ras·te·ni·a,"nome feminino",new.ɾas.te.nˈi.jə
neu·ras·té·ni·ca,"nome feminino",new.ɾas.tˈɛ.ni.kə
neu·ras·té·ni·co,"nome masculino",new.ɾas.tˈɛ.ni.kʊ
neu·ras·té·ni·co,adjetivo,new.ɾas.tˈɛ.ni.kʊ
neu·ro·a·na·to·mi·a,"nome feminino",new.ɾo.a.na.to.mˈi.jə
neu·ro·bi·o·lo·gi·a,"nome feminino",new.ɾo.bi.o.lo.ʒˈi.jə
neu·ro·bi·o·ló·gi·co,adjetivo,new.ɾo.bi.o.lˈɔ.ʒi.kʊ
neu·ro·bi·ó·lo·go,"nome masculino",new.ɾo.bi.ˈɔ.lo.gʊ
"neu·ro·ci·ên·ci· a","nome feminino",new.ɾo.si.ˈẽj.sjə
neu·ro·ci·en·tis·ta,"nome masculino",new.ɾo.si.ẽ.tʃˈis.tə
neu·ro·ci·en·tis·ta,adjetivo,new.ɾo.si.ẽ.tʃˈis.tə
neu·ro·ci·en·tis·ta,"nome feminino",new.ɾo.si.ẽ.tʃˈis.tə
neu·ro·ci·rur·gi·a,"nome feminino",new.ɾo.si.ɾuɾ.ʒˈi.jə
neu·ro·ci·rur·gi·ão,"nome masculino",new.ɾo.si.ɾuɾ.ʒi.ˈə̃w
neu·ro·ci·rúr·gi·co,adjetivo,new.ɾo.si.ɾˈuɾ.ʒi.kʊ
neu·ro·fi·bri·lar,adjetivo,new.ɾo.fi.bɾi.lˈaɾ
neu·ro·fi·bro·ma·to·se,"nome feminino",new.ɾo.fi.bɾo.ma.tˈɔ.zi
neu·ro·fi·si·o·lo·gi·a,"nome feminino",new.ɾo.fi.zi.o.lo.ʒˈi.jə
neu·ro·gra·fi·a,"nome feminino",new.ɾo.gɾa.fˈi.jə
neu·ro·lép·ti·co,"nome masculino",new.ɾo.lˈɛ.pi.tʃi.kʊ
neu·ro·lép·ti·co,adjetivo,new.ɾo.lˈɛ.pi.tʃi.kʊ
neu·ro·lo·gi·a,"nome feminino",new.ɾo.lo.ʒˈi.jə
neu·ro·ló·gi·co,adjetivo,new.ɾo.lˈɔ.ʒi.kʊ
neu·ro·lo·gis·ta,"nome masculino",new.ɾo.lo.ʒˈis.tə
neu·ro·lo·gis·ta,"nome feminino",new.ɾo.lo.ʒˈis.tə
neu·ró·lo·go,"nome masculino",new.ɾˈɔ.lo.gʊ
neu·ro·mus·cu·lar,adjetivo,new.ɾo.mus.ku.lˈaɾ
"neu·ró·ni· o","nome masculino",new.ɾˈɔ.njʊ
"neu·rô·ni· o","nome masculino",new.ɾˈɔ.njʊ
neu·ro·pa·ti·a,"nome feminino",new.ɾo.pa.tʃˈi.jə
neu·ro·pa·to·lo·gi·a,"nome feminino",new.ɾo.pa.to.lo.ʒˈi.jə
neu·ro·pa·to·lo·gis·ta,"nome masculino",new.ɾo.pa.to.lo.ʒˈis.tə
neu·ro·pa·to·lo·gis·ta,adjetivo,new.ɾo.pa.to.lo.ʒˈis.tə
neu·ro·pa·to·lo·gis·ta,"nome feminino",new.ɾo.pa.to.lo.ʒˈis.tə
neu·rop·si·co·lo·gi·a,"nome feminino",new.ɾo.pi.si.ko.lo.ʒˈi.jə
neu·rop·si·qui·á·tri·co,adjetivo,new.ɾo.pi.si.kjˈa.tɾi.kʊ
neu·ro·se,"nome feminino",new.ɾˈɔ.zi
neu·ró·ti·ca,"nome feminino",new.ɾˈɔ.tʃi.kə
neu·ró·ti·co,"nome masculino",new.ɾˈɔ.tʃi.kʊ
neu·ró·ti·co,adjetivo,new.ɾˈɔ.tʃi.kʊ
neu·ro·to·xi·na,"nome feminino",new.ɾo.to.ki.sˈi.nə
neu·ro·trans·mis·sor,"nome masculino",new.ɾo.tɾə̃z.mi.sˈoɾ
neu·tral,adjetivo,new.tɾˈaw
neu·tra·li·da·de,"nome feminino",new.tɾa.li.dˈa.dʒi
neu·tra·lis·mo,"nome masculino",new.tɾa.lˈiz.mʊ
neu·tra·lis·ta,adjetivo,new.tɾa.lˈis.tə
neu·tra·lis·ta,"nome masculino","new.tɾa.lˈis.tə ou new.tɾa.lˈis.tə"
neu·tra·li·za·ção,"nome feminino",new.tɾa.li.za.sˈə̃w
neu·tra·li·za·do,adjetivo,new.tɾa.li.zˈa.dʊ
neu·tra·li·zan·te,adjetivo,new.tɾa.li.zˈə̃.tʃi
neu·tra·li·zar,verbo,new.tɾa.li.zˈa
neu·tral·men·te,advérbio,new.tɾaw.mˈẽj.tʃi
neu·trão,"nome masculino",new.tɾˈə̃w
neu·tri·no,"nome masculino",new.tɾˈi.nʊ
neu·tro,adjetivo,nˈew.tɾʊ
neu·tro,"nome masculino",nˈew.tɾʊ
neu·tró·fi·lo,adjetivo,new.tɾˈɔ.fi.lʊ
neu·tró·fi·lo,"nome masculino",new.tɾˈɔ.fi.lʊ
neu·tró·ni·ca,"nome feminino",new.tɾˈɔ.ni.kə
neu·tró·ni·co,adjetivo,new.tɾˈɔ.ni.kʊ
ne·va·da,"nome feminino",ne.vˈa.də
ne·va·do,adjetivo,ne.vˈa.dʊ
ne·va·do,"nome masculino",ne.vˈa.dʊ
ne·vão,"nome masculino",ne.vˈə̃w
ne·var,verbo,ne.vˈa
ne·ve,"nome feminino",nˈɛ.vi
ne·vei·ro,"nome masculino",ne.vˈej.ɾʊ
"né·vo· a","nome feminino",nˈɛ.vwə
ne·vo·ei·ro,"nome masculino",ne.vwˈej.ɾʊ
ne·vo·en·tar,verbo,ne.vwẽ.tˈa
ne·vo·en·to,adjetivo,ne.vwˈẽj.tʊ
ne·vral·gi·a,"nome feminino",ne.vɾaw.ʒˈi.jə
ne·vrál·gi·co,adjetivo,ne.vɾˈaw.ʒi.kʊ
ne·vro·se,"nome feminino",ne.vɾˈɔ.zi
ne·vró·ti·ca,"nome feminino",ne.vɾˈɔ.tʃi.kə
ne·vró·ti·co,"nome masculino",ne.vɾˈɔ.tʃi.kʊ
ne·vró·ti·co,adjetivo,ne.vɾˈɔ.tʃi.kʊ
"new-a· ge",adjetivo,
"news· let· ter","nome feminino",
"new· ton","nome masculino",
"new· to·ni·a·na","nome feminino",new.to.njˈə.nə
new·to·ni·a·no,"nome masculino",new.to.njˈə.nʊ
"new· to·ni·a·no",adjetivo,new.to.njˈə.nʊ
ne·xo,"nome masculino",nˈɛ.kə.sʊ
ngan·ga,"nome masculino","ngˈə̃.gə ou ngˈə̃.gə"
ngan·ga,adjetivo,ngˈə̃.gə
nha·ca,"nome feminino",ɲˈa.kə
nhô,"nome masculino",ɲˈo
nhu,"nome masculino",ɲˈu
ni,"nome masculino",ni
ni·al,"nome masculino",njˈaw
ni·ca,"nome feminino",nˈi.kə
ni·car,verbo,ni.kˈa
ni·ca·ra·guen·se,adjetivo,ni.ka.ɾa.gwˈẽj.si
ni·ca·ra·guen·se,"nome feminino",ni.ka.ɾa.gwˈẽj.si
ni·ca·ra·guen·se,"nome masculino",ni.ka.ɾa.gwˈẽj.si
ni·cho,"nome masculino",nˈi.ʃʊ
ni·cles,pronome,nˈi.klis
ni·cles,advérbio,nˈi.klis
ni·co,"nome masculino",nˈi.kʊ
ni·col,"nome masculino",ni.kˈɔw
ni·co·ti·na,"nome feminino",ni.ko.tʃˈi.nə
ni·co·ti·no,adjetivo,ni.ko.tʃˈi.nʊ
ni·da·ção,"nome feminino",ni.da.sˈə̃w
ni·di·fi·ca·ção,"nome feminino",ni.dʒi.fi.ka.sˈə̃w
ni·di·fi·car,verbo,ni.dʒi.fi.kˈa
ni·etzs·chi·a·no,"nome masculino",ni.tʃjˈə.nʊ
ni·etzs·chi·a·no,adjetivo,ni.tʃjˈə.nʊ
ni·ge·ri·a·na,"nome feminino",ni.ʒe.ɾjˈə.nə
ni·ge·ri·a·no,"nome masculino",ni.ʒe.ɾjˈə.nʊ
ni·ge·ri·a·no,adjetivo,ni.ʒe.ɾjˈə.nʊ
ni·ge·ri·na,"nome feminino",ni.ʒe.ɾˈi.nə
ni·ge·ri·no,"nome masculino",ni.ʒe.ɾˈi.nʊ
ni·ge·ri·no,adjetivo,ni.ʒe.ɾˈi.nʊ
ni·i·lis·mo,"nome masculino",ni.i.lˈiz.mʊ
ni·i·lis·ta,"nome masculino",ni.i.lˈis.tə
ni·i·lis·ta,adjetivo,ni.i.lˈis.tə
ni·i·lis·ta,"nome feminino",ni.i.lˈis.tə
nil,"nome masculino",nˈiw
nim·bar,verbo,nĩ.bˈa
nim·bo,"nome masculino",nˈĩ.bʊ
ni·na,"nome feminino",nˈi.nə
ni·nar,verbo,ni.nˈa
nin·fa,"nome feminino",nˈĩ.fə
nin·fe·ta,"nome feminino",nĩ.fˈe.tə
nin·fó·ma·na,"nome feminino",nĩ.fˈɔ.ma.nə
nin·fo·ma·ni·a,"nome feminino",nĩ.fo.ma.nˈi.jə
nin·fo·ma·ní·a·ca,"nome feminino",nĩ.fo.ma.nˈi.a.kə
nin·fo·ma·ní·a·co,adjetivo,nĩ.fo.ma.nˈi.a.kʊ
nin·guém,adjetivo,nĩɲ.gˈeɲ
nin·guém,pronome,nĩɲ.gˈeɲ
nin·guém,"nome masculino",nĩɲ.gˈeɲ
ni·nha·da,"nome feminino",ni.ɲˈa.də
ni·nhar,verbo,ni.ɲˈa
ni·nha·ri·a,"nome feminino",ni.ɲa.ɾˈi.jə
ni·nho,"nome masculino",nˈi.ɲʊ
ni·ni,"nome masculino","ni.nˈi ou ni.nˈi"
nin·ja,"nome feminino",nˈĩ.ʒə
nin·ja,"nome masculino",nˈĩ.ʒə
ni·no,"nome masculino",nˈi.nʊ
"ni·ó·bi· o","nome masculino",ni.ˈɔ.bjʊ
ni·pa,"nome feminino",nˈi.pə
ni·pó·ni·ca,"nome feminino",ni.pˈɔ.ni.kə
ni·pó·ni·co,adjetivo,ni.pˈɔ.ni.kʊ
ni·pó·ni·co,"nome masculino",ni.pˈɔ.ni.kʊ
ní·quel,"nome masculino",nˈi.kew
ni·que·la·do,"nome masculino",ni.ke.lˈa.dʊ
ni·que·la·do,adjetivo,ni.ke.lˈa.dʊ
ni·que·lar,verbo,ni.ke.lˈa
nir·va·na,"nome masculino",niɾ.vˈə.nə
ni·sen·se,"nome masculino","ni.zˈẽj.si ou ni.zˈẽj.si"
ni·sen·se,adjetivo,ni.zˈẽj.si
nis·so,,nˈi.sʊ
nis·to,advérbio,nˈis.tʊ
ni·ti·da·men·te,advérbio,ni.tʃi.da.mˈẽj.tʃi
ni·ti·dez,"nome feminino",ni.tʃi.dˈes
ní·ti·do,adjetivo,nˈi.tʃi.dʊ
ni·trar,verbo,ni.tɾˈa
ni·tra·tar,verbo,ni.tɾa.tˈa
ni·tra·to,"nome masculino",ni.tɾˈa.tʊ
ní·tri·co,adjetivo,nˈi.tɾi.kʊ
ni·tri·fi·ca·do,adjetivo,ni.tɾi.fi.kˈa.dʊ
ni·tri·fi·car,verbo,ni.tɾi.fi.kˈa
ni·trir,verbo,ni.tɾˈi
ni·tri·to,"nome masculino",ni.tɾˈi.tʊ
ni·tro,"nome masculino",nˈi.tɾʊ
ni·tro·ce·lu·lo·se,"nome feminino",ni.tɾo.se.lu.lˈɔ.zi
"ni·tro·gé·ni· o","nome masculino",ni.tɾo.ʒˈɛ.njʊ
ni·tro·gli·ce·ri·na,"nome feminino",ni.tɾo.gli.se.ɾˈi.nə
ni·tro·sa·mi·na,"nome feminino",ni.tɾo.za.mˈi.nə
ni·tro·so,adjetivo,ni.tɾˈo.zʊ
ní·vel,"nome masculino",nˈi.vew
ni·ve·la·ção,"nome feminino",ni.ve.la.sˈə̃w
ni·ve·la·do,adjetivo,ni.ve.lˈa.dʊ
ni·ve·la·dor,"nome masculino",ni.ve.la.dˈoɾ
ni·ve·la·dor,adjetivo,ni.ve.la.dˈoɾ
ni·ve·la·do·ra,"nome feminino",ni.ve.la.dˈo.ɾə
ni·ve·la·men·to,"nome masculino",ni.ve.la.mˈẽj.tʊ
ni·ve·lar,verbo,ni.ve.lˈa
"ní·ve· o",adjetivo,nˈi.vjʊ
ni·za,"nome feminino",nˈi.zə
nó,"nome masculino",nˈɔ
no,,"nˈu ou nˈu"
no,pronome,nˈu
no,pronome,nˈu
no·a,"nome feminino",nˈo.ə
no·be·li·zá·vel,"nome masculino","no.be.li.zˈa.vew ou no.be.li.zˈa.vew"
no·be·li·zá·vel,adjetivo,no.be.li.zˈa.vew
"no·bi·li·á·ri· o",adjetivo,no.bi.ljˈa.ɾjʊ
"no·bi·li·á·ri· o","nome masculino",no.bi.ljˈa.ɾjʊ
no·bi·li·ar·qui·ca·men·te,advérbio,no.bi.ljaɾ.ki.ka.mˈẽj.tʃi
no·bi·li·ár·qui·co,adjetivo,no.bi.ljˈaɾ.ki.kʊ
no·bi·lís·si·mo,adjetivo,no.bi.lˈi.si.mʊ
no·bi·li·ta·ção,"nome feminino",no.bi.li.ta.sˈə̃w
no·bi·li·tan·te,adjetivo,no.bi.li.tˈə̃.tʃi
no·bi·li·tar,verbo,no.bi.li.tˈa
no·bre,"nome masculino",nˈɔ.bɾi
no·bre,"nome feminino",nˈɔ.bɾi
no·bre,adjetivo,nˈɔ.bɾi
no·bre·men·te,advérbio,nɔ.bɾe.mˈẽj.tʃi
no·bre·za,"nome feminino",no.bɾˈe.zə
no·ca,"nome feminino",nˈɔ.kə
no·ção,"nome feminino",no.sˈə̃w
no·ci·va·men·te,advérbio,no.si.va.mˈẽj.tʃi
no·ci·vi·da·de,"nome feminino",no.si.vi.dˈa.dʒi
no·ci·vo,adjetivo,no.sˈi.vʊ
noc·tí·va·ga,"nome feminino",no.ki.tʃˈi.va.gə
noc·tí·va·go,"nome masculino",no.ki.tʃˈi.va.gʊ
noc·tí·va·go,adjetivo,no.ki.tʃˈi.va.gʊ
no·dal,adjetivo,no.dˈaw
no·do,"nome masculino",nˈɔ.dʊ
"nó·do· a","nome feminino",nˈɔ.dwə
no·do·so,adjetivo,no.dˈo.zʊ
no·du·lar,adjetivo,no.du.lˈaɾ
no·du·lar,verbo,no.du.lˈa
nó·du·lo,"nome masculino",nˈɔ.du.lʊ
no·guei·ra,"nome feminino",no.gˈej.ɾə
noi·a,"nome feminino",nˈɔj.jə
noi·ta·da,"nome feminino",noj.tˈa.də
noi·te,"nome feminino",nˈoj.tʃi
noi·ti·bó,"nome masculino",noj.tʃi.bˈɔ
noi·ti·nha,"nome feminino",noj.tʃˈi.ɲə
noi·va,"nome feminino",nˈoj.və
noi·va·do,"nome masculino",noj.vˈa.dʊ
noi·var,verbo,noj.vˈa
noi·vo,"nome masculino",nˈoj.vʊ
noi·vos,"nome masculino",nˈoj.vʊs
no·jar,verbo,no.ʒˈa
no·jei·ra,"nome feminino",no.ʒˈej.ɾə
no·jen·ta,"nome feminino",no.ʒˈẽj.tə
no·jen·ta·men·te,advérbio,no.ʒẽ.ta.mˈẽj.tʃi
no·jen·to,"nome masculino",no.ʒˈẽj.tʊ
no·jen·to,adjetivo,no.ʒˈẽj.tʊ
no·ji·ce,"nome feminino",no.ʒˈi.si
no·jo,"nome masculino",nˈo.ʒʊ
no·ma,"nome feminino",nˈo.mə
nó·ma·da,adjetivo,nˈɔ.ma.də
nó·ma·da,"nome masculino","nˈɔ.ma.də ou nˈɔ.ma.də"
no·ma·dis·mo,"nome masculino",nɔ.ma.dʒˈiz.mʊ
no·me,"nome masculino",nˈo.mi
no·me·a·ção,"nome feminino",no.mi.a.sˈə̃w
no·me·a·da,"nome feminino",no.mi.ˈa.də
no·me·a·da·men·te,advérbio,no.mi.a.da.mˈẽj.tʃi
no·me·a·do,"nome masculino",no.mi.ˈa.dʊ
no·me·a·do,adjetivo,no.mi.ˈa.dʊ
no·me·a·dor,"nome masculino",no.mi.a.dˈoɾ
no·me·a·dor,adjetivo,no.mi.a.dˈoɾ
no·me·ar,verbo,no.mi.ˈa
no·men·cla·tu·ra,"nome feminino",no.mẽ.kla.tˈu.ɾə
no·men·cla·tu·rar,verbo,no.mẽ.kla.tu.ɾˈa
no·mi·na·ção,"nome feminino",no.mi.na.sˈə̃w
no·mi·nal,adjetivo,no.mi.nˈaw
no·mi·na·lis·mo,"nome masculino",no.mi.na.lˈiz.mʊ
no·mi·na·lis·ta,"nome feminino",no.mi.na.lˈis.tə
no·mi·na·lis·ta,adjetivo,no.mi.na.lˈis.tə
no·mi·na·lis·ta,"nome masculino",no.mi.na.lˈis.tə
no·mi·nal·men·te,advérbio,no.mi.naw.mˈẽj.tʃi
no·mi·nar,verbo,no.mi.nˈa
no·mi·na·ti·vo,"nome masculino",no.mi.na.tʃˈi.vʊ
no·mi·na·ti·vo,adjetivo,no.mi.na.tʃˈi.vʊ
no·mi·nho,"nome masculino",no.mˈi.ɲʊ
no·mo,"nome masculino",nˈo.mʊ
no·mo·té·ti·co,adjetivo,nɔ.mɔ.tˈɛ.tʃi.kʊ
no·na,"nome feminino",nˈo.nə
"no·na·ge·ná·ri· a","nome feminino",no.na.ʒe.nˈa.ɾjə
"no·na·ge·ná·ri· o","nome masculino",no.na.ʒe.nˈa.ɾjʊ
"no·na·ge·ná·ri· o",adjetivo,no.na.ʒe.nˈa.ɾjʊ
no·na·gé·si·mo,"nome masculino",no.na.ʒˈɛ.zi.mʊ
no·na·gé·si·mo,número,"no.na.ʒˈɛ.zi.mʊ ou no.na.ʒˈɛ.zi.mʊ"
no·nas,"nome feminino",nˈo.nəs
no·na·to,"nome masculino",no.nˈa.tʊ
no·na·to,adjetivo,no.nˈa.tʊ
"nó·ni· o","nome masculino",nˈɔ.njʊ
no·no,número,nˈo.nʊ
no·no,"nome masculino",nˈo.nʊ
no·no,número,nˈo.nʊ
"non· sen· se","nome masculino",
no·o·ló·gi·co,adjetivo,no.lˈɔ.ʒi.kʊ
nor-nor·des·te,"nome masculino",nˌor.noɾ.dˈɛs.tʃi
nor-nor·des·te,adjetivo,nˌor.noɾ.dˈɛs.tʃi
nor-no·ro·es·te,"nome masculino",nˌor.no.ɾwˈɛs.tʃi
nor-no·ro·es·te,adjetivo,nˌor.no.ɾwˈɛs.tʃi
no·ra,"nome feminino",nˈɔ.ɾə
no·ra·dre·na·li·na,"nome feminino",no.ɾa.dɾe.na.lˈi.nə
nor·des·te,adjetivo,noɾ.dˈɛs.tʃi
nor·des·te,"nome masculino",noɾ.dˈɛs.tʃi
nor·des·ten·se,adjetivo,noɾ.des.tˈẽj.si
nor·des·ten·se,"nome masculino","noɾ.des.tˈẽj.si ou noɾ.des.tˈẽj.si"
nor·des·ti·na,"nome feminino",noɾ.des.tʃˈi.nə
nor·des·ti·no,adjetivo,noɾ.des.tʃˈi.nʊ
nor·des·ti·no,"nome masculino",noɾ.des.tʃˈi.nʊ
nór·di·ca,"nome feminino",nˈɔɾ.dʒi.kə
nór·di·co,"nome masculino",nˈɔɾ.dʒi.kʊ
nór·di·co,adjetivo,nˈɔɾ.dʒi.kʊ
nor·ma,"nome feminino",nˈɔɾ.mə
nor·mal,"nome masculino",noɾ.mˈaw
nor·mal,"nome feminino",noɾ.mˈaw
nor·mal,adjetivo,noɾ.mˈaw
nor·ma·li·da·de,"nome feminino",noɾ.ma.li.dˈa.dʒi
nor·ma·li·za·ção,"nome feminino",noɾ.ma.li.za.sˈə̃w
nor·ma·li·za·do,adjetivo,noɾ.ma.li.zˈa.dʊ
nor·ma·li·za·dor,adjetivo,noɾ.ma.li.za.dˈoɾ
nor·ma·li·za·dor,"nome masculino",noɾ.ma.li.za.dˈoɾ
nor·ma·li·za·do·ra,"nome feminino",noɾ.ma.li.za.dˈo.ɾə
nor·ma·li·zar,verbo,noɾ.ma.li.zˈa
nor·mal·men·te,advérbio,noɾ.maw.mˈẽj.tʃi
nor·man·da,"nome feminino",noɾ.mˈə̃.də
nor·man·do,"nome masculino",noɾ.mˈə̃.dʊ
nor·man·do,adjetivo,noɾ.mˈə̃.dʊ
nor·ma·ti·va·men·te,advérbio,noɾ.ma.tʃi.va.mˈẽj.tʃi
nor·ma·ti·vi·da·de,"nome feminino",noɾ.ma.tʃi.vi.dˈa.dʒi
nor·ma·ti·vis·mo,"nome masculino",noɾ.ma.tʃi.vˈiz.mʊ
nor·ma·ti·vis·ta,"nome masculino","noɾ.ma.tʃi.vˈis.tə ou noɾ.ma.tʃi.vˈis.tə"
nor·ma·ti·vis·ta,adjetivo,noɾ.ma.tʃi.vˈis.tə
nor·ma·ti·vo,adjetivo,noɾ.ma.tʃˈi.vʊ
nor·mó·gra·fo,"nome masculino",noɾ.mˈɔ.gɾa.fʊ
no·ro·es·te,adjetivo,no.ɾwˈɛs.tʃi
no·ro·es·te,"nome masculino",no.ɾwˈɛs.tʃi
nor·ta·da,"nome feminino",nɔɾ.tˈa.də
nor·te,adjetivo,nˈɔɾ.tʃi
nor·te,"nome masculino",nˈɔɾ.tʃi
nor·te-a·fri·ca·na,"nome feminino",nˌɔɾ.tʃi.a.fɾi.kˈə.nə
nor·te-a·fri·ca·no,adjetivo,nˌɔɾ.tʃi.a.fɾi.kˈə.nʊ
nor·te-a·fri·ca·no,"nome masculino",nˌɔɾ.tʃi.a.fɾi.kˈə.nʊ
nor·te-a·me·ri·ca·na,"nome feminino",nˌɔɾ.tʃi.a.me.ɾi.kˈə.nə
nor·te-a·me·ri·ca·no,adjetivo,nˌɔɾ.tʃi.a.me.ɾi.kˈə.nʊ
nor·te-a·me·ri·ca·no,"nome masculino",nˌɔɾ.tʃi.a.me.ɾi.kˈə.nʊ
nor·te-co·re·a·na,"nome feminino",nˌɔɾ.tʃi.ko.ɾi.ˈə.nə
nor·te-co·re·a·no,adjetivo,nˌɔɾ.tʃi.ko.ɾi.ˈə.nʊ
nor·te-co·re·a·no,"nome masculino",nˌɔɾ.tʃi.ko.ɾi.ˈə.nʊ
nor·te·a·do,adjetivo,noɾ.tʃi.ˈa.dʊ
nor·te·a·dor,"nome masculino",noɾ.tʃi.a.dˈoɾ
nor·te·a·dor,adjetivo,noɾ.tʃi.a.dˈoɾ
nor·te·ar,verbo,noɾ.tʃi.ˈa
nor·te·nha,"nome feminino",noɾ.tˈe.ɲə
nor·te·nho,adjetivo,noɾ.tˈe.ɲʊ
nor·te·nho,"nome masculino",noɾ.tˈe.ɲʊ
nor·tis·ta,"nome feminino",noɾ.tʃˈis.tə
nor·tis·ta,"nome masculino",noɾ.tʃˈis.tə
nor·tis·ta,adjetivo,noɾ.tʃˈis.tə
no·ru·e·guês,adjetivo,no.ɾu.e.gˈes
no·ru·e·guês,"nome masculino",no.ɾu.e.gˈes
no·ru·e·gue·sa,"nome feminino",no.ɾu.e.gˈe.zə
nos,pronome,nˈus
nós,pronome,nˈɔs
nos·so,pronome,nˈɔ.sʊ
nos·so,artigo,nˈɔ.sʊ
nos·tal·gi·a,"nome feminino",nos.taw.ʒˈi.jə
nos·tál·gi·ca,"nome feminino",nos.tˈaw.ʒi.kə
nos·tal·gi·ca·men·te,advérbio,nos.taw.ʒi.ka.mˈẽj.tʃi
nos·tál·gi·co,"nome masculino",nos.tˈaw.ʒi.kʊ
nos·tál·gi·co,adjetivo,nos.tˈaw.ʒi.kʊ
no·ta,"nome feminino",nˈɔ.tə
no·ta·bi·li·da·de,"nome feminino",no.ta.bi.li.dˈa.dʒi
no·ta·bi·lís·si·mo,adjetivo,no.ta.bi.lˈi.si.mʊ
no·ta·bi·li·za·do,adjetivo,no.ta.bi.li.zˈa.dʊ
no·ta·bi·li·zar,verbo,no.ta.bi.li.zˈa
no·ta·ção,"nome feminino",no.ta.sˈə̃w
no·ta·da·men·te,advérbio,no.ta.da.mˈẽj.tʃi
no·ta·do,adjetivo,no.tˈa.dʊ
no·ta·dor,adjetivo,no.ta.dˈoɾ
no·ta·dor,"nome masculino",no.ta.dˈoɾ
no·tar,verbo,no.tˈa
no·ta·ri·a·do,"nome masculino",no.ta.ɾjˈa.dʊ
no·ta·ri·al,adjetivo,no.ta.ɾjˈaw
no·ta·ri·al·men·te,advérbio,no.ta.ɾjaw.mˈẽj.tʃi
"no·tá·ri· o","nome masculino",no.tˈa.ɾjʊ
no·tá·vel,adjetivo,no.tˈa.vew
no·tá·vel,"nome masculino","no.tˈa.vew ou no.tˈa.vew"
no·ta·vel·men·te,advérbio,no.ta.vew.mˈẽj.tʃi
"no·tí·ci· a","nome feminino",no.tʃˈi.sjə
no·ti·ci·ar,verbo,no.tʃi.sjˈa
"no·ti·ci·á·ri· o","nome masculino",no.tʃi.sjˈa.ɾjʊ
no·ti·ci·a·ris·ta,"nome masculino","no.tʃi.sja.ɾˈis.tə ou no.tʃi.sja.ɾˈis.tə"
no·ti·ci·á·vel,adjetivo,no.tʃi.sjˈa.vew
no·ti·ci·o·sa·men·te,advérbio,no.tʃi.si.ɔ.za.mˈẽj.tʃi
no·ti·ci·o·so,adjetivo,no.tʃi.si.ˈo.zʊ
no·ti·fi·ca·ção,"nome feminino",no.tʃi.fi.ka.sˈə̃w
no·ti·fi·ca·do,adjetivo,no.tʃi.fi.kˈa.dʊ
no·ti·fi·ca·do,"nome masculino",no.tʃi.fi.kˈa.dʊ
no·ti·fi·car,verbo,no.tʃi.fi.kˈa
no·tí·va·go,"nome masculino",no.tʃˈi.va.gʊ
no·tí·va·go,adjetivo,no.tʃˈi.va.gʊ
no·to,adjetivo,nˈɔ.tʊ
no·to,"nome masculino",nˈɔ.tʊ
no·to·ri·a·men·te,advérbio,no.tɔ.ɾja.mˈẽj.tʃi
no·to·ri·e·da·de,"nome feminino",no.to.ɾi.e.dˈa.dʒi
"no·tó·ri· o",adjetivo,no.tˈɔ.ɾjʊ
nó·tu·la,"nome feminino",nˈɔ.tu.lə
no·tur·nal,adjetivo,no.tur.nˈaw
no·tur·na·men·te,advérbio,no.tur.na.mˈẽj.tʃi
no·tur·no,adjetivo,"no.tˈur.nʊ ou no.tˈur.nʊ"
no·tur·no,"nome masculino","no.tˈur.nʊ ou no.tˈur.nʊ"
nou·tro,,nˈo.tɾʊ
nou·tro·ra,advérbio,no.tɾˈɔ.ɾə
no·va,"nome feminino",nˈɔ.və
no·va-i·or·qui·na,"nome feminino",nˌɔ.və.i.oɾ.kˈi.nə
no·va-i·or·qui·no,"nome masculino",nˌɔ.və.i.oɾ.kˈi.nʊ
no·va-i·or·qui·no,adjetivo,nˌɔ.və.i.oɾ.kˈi.nʊ
no·val,"nome masculino",no.vˈaw
no·va·men·te,advérbio,no.va.mˈẽj.tʃi
no·va·ta,"nome feminino",no.vˈa.tə
no·va·to,adjetivo,no.vˈa.tʊ
no·va·to,"nome masculino",no.vˈa.tʊ
no·ve,"nome masculino",nˈɔ.vi
no·ve,número,nˈɔ.vi
no·ve·cen·tis·ta,adjetivo,no.ve.sẽ.tʃˈis.tə
no·ve·cen·tos,"nome masculino",no.ve.sˈẽj.tʊs
no·ve·cen·tos,número,no.ve.sˈẽj.tʊs
no·vel,adjetivo,no.vˈɛw
no·ve·la,"nome feminino",no.vˈɛ.lə
no·ve·lão,"nome masculino",no.ve.lˈə̃w
no·ve·lar,verbo,no.ve.lˈa
no·ve·les·co,adjetivo,no.ve.lˈes.kʊ
no·ve·le·ta,"nome feminino",no.ve.lˈe.tə
no·ve·lis·ta,"nome masculino",no.ve.lˈis.tə
no·ve·lis·ta,"nome feminino",no.ve.lˈis.tə
no·ve·lís·ti·ca,"nome feminino",no.ve.lˈis.tʃi.kə
no·ve·lo,"nome masculino",no.vˈe.lʊ
no·vem·bro,"nome masculino",no.vˈẽj.bɾʊ
no·ve·na,"nome feminino",no.vˈe.nə
no·ve·no,adjetivo,no.vˈe.nʊ
no·ven·ta,número,no.vˈẽj.tə
no·ven·ta,"nome masculino",no.vˈẽj.tə
no·vi·ça,"nome feminino",no.vˈi.sə
no·vi·ci·a·do,"nome masculino",no.vi.sjˈa.dʊ
no·vi·ci·ar,verbo,no.vi.sjˈa
no·vi·ço,"nome masculino",no.vˈi.sʊ
no·vi·ço,adjetivo,no.vˈi.sʊ
no·vi·da·de,"nome feminino",no.vi.dˈa.dʒi
no·vi·lha·da,"nome feminino",no.vi.ʎˈa.də
no·vi·lhei·ro,"nome masculino",no.vi.ʎˈej.ɾʊ
no·vi·lho,"nome masculino",no.vˈi.ʎʊ
no·vís·si·mo,adjetivo,no.vˈi.si.mʊ
no·vís·si·mo,"nome masculino",no.vˈi.si.mʊ
no·vo,"nome masculino",nˈo.vʊ
no·vo,adjetivo,nˈo.vʊ
no·vo-ri·co,"nome masculino",nˌo.vʊ.xˈi.kʊ
no·vo-ri·co,adjetivo,nˌo.vʊ.xˈi.kʊ
no·vo-ri·quis·mo,"nome masculino",nˌo.vʊ.xi.kˈi.z.mʊ
no·vos,"nome masculino",nˈɔ.vʊs
noz,"nome feminino",nˈɔs
noz-mos·ca·da,"nome feminino",nˌɔs.mos.kˈa.də
nu,"nome masculino",nˈu
nu,adjetivo,nˈu
nu·a,"nome feminino",nˈu.ə
nu·an·ce,"nome feminino",nwˈə̃.si
nu·ben·te,"nome masculino",nu.bˈẽj.tʃi
nu·ben·te,"nome feminino",nu.bˈẽj.tʃi
nu·ben·te,adjetivo,nu.bˈẽj.tʃi
"nú·bi· a","nome feminino",nˈu.bjə
"nú·bi· o","nome masculino",nˈu.bjʊ
"nú·bi· o",adjetivo,nˈu.bjʊ
nu·bla·do,"nome masculino",nu.blˈa.dʊ
nu·bla·do,adjetivo,nu.blˈa.dʊ
nu·blar,verbo,nu.blˈa
nu·blo·so,adjetivo,nu.blˈo.zʊ
nu·ca,"nome feminino",nˈu.kə
nu·cle·ão,"nome masculino",nu.kle.ˈə̃w
nu·cle·ar,adjetivo,nu.kli.ˈaɾ
nu·cle·ar,"nome masculino",nu.kli.ˈaɾ
nu·cle·ar,verbo,nu.kli.ˈa
nu·cle·a·ri·za·ção,"nome feminino",nu.kli.a.ɾi.za.sˈə̃w
nu·cle·a·ri·zar,verbo,nu.kli.a.ɾi.zˈa
nu·clei·co,adjetivo,nu.klˈej.kʊ
"nú·cle· o","nome masculino",nˈu.kljʊ
nu·cle·ó·ti·do,"nome masculino",nu.kle.ˈɔ.tʃi.dʊ
nu·dez,"nome feminino",nu.dˈes
nu·dis·mo,"nome masculino",nu.dʒˈiz.mʊ
nu·dis·ta,adjetivo,nu.dʒˈis.tə
nu·dis·ta,"nome feminino",nu.dʒˈis.tə
nu·dis·ta,"nome masculino",nu.dʒˈis.tə
nu·er,adjetivo,nwˈɛɾ
nu·er,"nome masculino","nwˈɛɾ ou nwˈɛɾ"
nu·la·men·te,advérbio,nu.la.mˈẽj.tʃi
nu·li·da·de,"nome feminino",nu.li.dˈa.dʒi
nu·lo,adjetivo,nˈu.lʊ
num,,nˈũ
nu·me·ra·ção,"nome feminino",nu.me.ɾa.sˈə̃w
nu·me·ra·do,adjetivo,nu.me.ɾˈa.dʊ
nu·me·ra·dor,"nome masculino",nu.me.ɾa.dˈoɾ
nu·me·ra·dor,adjetivo,nu.me.ɾa.dˈoɾ
nu·me·ral,"nome masculino",nu.me.ɾˈaw
nu·me·ral,adjetivo,nu.me.ɾˈaw
nu·me·ral·men·te,advérbio,nu.me.ɾaw.mˈẽj.tʃi
nu·me·rar,verbo,nu.me.ɾˈa
"nu·me·rá·ri· o",adjetivo,nu.me.ɾˈa.ɾjʊ
"nu·me·rá·ri· o","nome masculino",nu.me.ɾˈa.ɾjʊ
nu·me·ri·ca·men·te,advérbio,nu.mɛ.ɾi.ka.mˈẽj.tʃi
nu·mé·ri·co,adjetivo,nu.mˈɛ.ɾi.kʊ
nú·me·ro,"nome masculino",nˈu.me.ɾʊ
nu·me·ro·lo·gi·a,"nome feminino",nu.me.ɾo.lo.ʒˈi.jə
nu·me·ro·sa·men·te,advérbio,nu.me.ɾɔ.za.mˈẽj.tʃi
nu·me·ro·so,adjetivo,nu.me.ɾˈo.zʊ
nu·mis·ma,"nome masculino",nu.mˈiz.mə
nu·mis·ma·ta,"nome masculino",nu.miz.mˈa.tə
nu·mis·ma·ta,"nome feminino",nu.miz.mˈa.tə
nu·mis·má·ti·ca,"nome feminino",nu.miz.mˈa.tʃi.kə
nu·mis·ma·ti·ca·men·te,advérbio,nu.miz.ma.tʃi.ka.mˈẽj.tʃi
nu·mis·má·ti·co,adjetivo,nu.miz.mˈa.tʃi.kʊ
nu·mis·má·ti·co,"nome masculino",nu.miz.mˈa.tʃi.kʊ
nun·ca,advérbio,nˈũ.kə
nun·ci·a·tu·ra,"nome feminino",nũ.sja.tˈu.ɾə
"nún·ci· o","nome masculino",nˈũ.sjʊ
nu·nes,adjetivo,nˈu.nis
nu·nes,"nome masculino",nˈu.nis
nu·no,"nome masculino",nˈu.nʊ
nup·ci·al,adjetivo,nu.pi.sjˈaw
nup·ci·a·li·da·de,"nome feminino",nu.pi.sja.li.dˈa.dʒi
"núp·ci· as","nome feminino",nˈu.pi.sjəs
nu·tar,verbo,nu.tˈa
nu·tri·ção,"nome feminino",nu.tɾi.sˈə̃w
"nu·trí·ci· o",adjetivo,nu.tɾˈi.sjʊ
nu·tri·ci·o·nal,adjetivo,nu.tɾi.si.o.nˈaw
nu·tri·ci·o·nis·mo,"nome masculino",nu.tɾi.si.o.nˈiz.mʊ
nu·tri·ci·o·nis·ta,"nome masculino",nu.tɾi.si.o.nˈis.tə
nu·tri·ci·o·nis·ta,"nome feminino",nu.tɾi.si.o.nˈis.tə
nu·tri·ci·o·nis·ta,adjetivo,nu.tɾi.si.o.nˈis.tə
nu·tri·da·men·te,advérbio,nu.tɾi.da.mˈẽj.tʃi
nu·tri·do,adjetivo,nu.tɾˈi.dʊ
nu·tri·en·te,adjetivo,nu.tɾi.ˈẽj.tʃi
nu·tri·en·te,"nome masculino",nu.tɾi.ˈẽj.tʃi
nu·tri·men·to,"nome masculino",nu.tɾi.mˈẽj.tʊ
nu·trir,verbo,nu.tɾˈi
nu·tri·ti·va·men·te,advérbio,nu.tɾi.tʃi.va.mˈẽj.tʃi
nu·tri·ti·vo,adjetivo,nu.tɾi.tʃˈi.vʊ
nu·vem,"nome feminino",nˈu.veɲ
"ny· lon","nome masculino",
