ga·bão,"nome masculino",ga.bˈə̃w
ga·bar,verbo,ga.bˈa
ga·bar·di·na,"nome feminino",ga.baɾ.dʒˈi.nə
ga·bar·di·ne,"nome feminino",ga.baɾ.dʒˈi.ni
ga·ba·ri·to,"nome masculino",ga.ba.ɾˈi.tʊ
ga·ba·ro·la,"nome masculino","ga.ba.ɾˈɔ.lə ou ga.ba.ɾˈɔ.lə"
ga·ba·ro·la,adjetivo,ga.ba.ɾˈɔ.lə
ga·ba·ro·las,"nome masculino",ga.ba.ɾˈɔ.ləs
ga·ba·ro·li·ce,"nome feminino",ga.ba.ɾo.lˈi.si
ga·bar·ra,"nome feminino",ga.bˈa.xə
ga·be·la,"nome feminino",ga.bˈɛ.lə
ga·bi·ar,verbo,ga.bjˈa
ga·bi·ne·te,"nome masculino",ga.bi.nˈe.tʃi
ga·bi·ru,"nome masculino",ga.bi.ɾˈu
ga·bi·ru,adjetivo,ga.bi.ɾˈu
ga·bo,"nome masculino",gˈa.bʊ
ga·bo·nês,"nome masculino",ga.bo.nˈes
ga·bo·nês,adjetivo,ga.bo.nˈes
ga·cha,"nome feminino",gˈa.ʃə
ga·da·nha,"nome feminino",ga.dˈə.ɲə
ga·da·nhar,verbo,ga.da.ɲˈa
ga·da·nho,"nome masculino",ga.dˈə.ɲʊ
ga·de·lhu·do,adjetivo,ga.de.ʎˈu.dʊ
"ga·dí·de· o",adjetivo,ga.dʒˈi.dʒjʊ
"ga·dí·de· o","nome masculino",ga.dʒˈi.dʒjʊ
ga·di·ta·no,adjetivo,ga.dʒi.tˈə.nʊ
ga·do,"nome masculino",gˈa.dʊ
ga·el,"nome masculino",ga.ˈɛw
ga·é·li·co,adjetivo,ga.ˈɛ.li.kʊ
ga·é·li·co,"nome masculino",ga.ˈɛ.li.kʊ
ga·fa,"nome feminino",gˈa.fə
ga·fa·nho·to,"nome masculino",ga.fa.ɲˈo.tʊ
ga·far,"nome masculino",ga.fˈaɾ
ga·far,verbo,ga.fˈa
ga·fa·ri·a,"nome feminino",ga.fa.ɾˈi.jə
ga·fe,"nome feminino",gˈa.fi
ga·fei·ra,"nome feminino",ga.fˈej.ɾə
ga·fei·rar,verbo,ga.fej.ɾˈa
"gaf· fe","nome feminino",
ga·fi·ei·ra,"nome feminino",ga.fi.ˈej.ɾə
ga·fo,adjetivo,gˈa.fʊ
gag,"nome feminino",
ga·gá,adjetivo,ga.gˈa
ga·ga·men·te,advérbio,ga.ga.mˈẽj.tʃi
ga·ge,"nome masculino",gˈa.ʒi
ga·go,"nome masculino",gˈa.gʊ
ga·go,adjetivo,gˈa.gʊ
ga·gue·jan·te,adjetivo,ga.ge.ʒˈə̃.tʃi
ga·gue·jar,verbo,ga.ge.ʒˈa
ga·gue·jo,"nome masculino",ga.gˈe.ʒʊ
ga·guez,"nome feminino",ga.gˈes
gai·a,"nome feminino",gˈaj.jə
gai·a·do,adjetivo,gaj.ˈa.dʊ
gai·a·do,"nome masculino",gaj.ˈa.dʊ
gai·ar,verbo,gaj.ˈa
gai·a·ta,"nome feminino",gaj.ˈa.tə
gai·a·ta·men·te,advérbio,gaj.a.ta.mˈẽj.tʃi
gai·a·tar,verbo,gaj.a.tˈa
gai·a·to,"nome masculino",gaj.ˈa.tʊ
gai·a·to,adjetivo,gaj.ˈa.tʊ
gai·béu,"nome masculino",gaj.bˈɛw
gai·en·se,"nome masculino","gaj.ˈẽj.si ou gaj.ˈẽj.si"
gai·en·se,adjetivo,gaj.ˈẽj.si
gai·o,adjetivo,gˈaj.jʊ
gai·o,"nome masculino",gˈaj.jʊ
gai·o·la,"nome feminino",gaj.ˈɔ.lə
gai·o·lei·ro,"nome masculino",gaj.o.lˈej.ɾʊ
gai·o·lo,"nome masculino",gaj.ˈo.lʊ
gai·o·lo,adjetivo,gaj.ˈo.lʊ
gai·ta,"nome feminino",gˈaj.tə
"gai·ta de fo·les","nome feminino",gˌaj.tə.dʒi.fˈɔ.lis
gai·ta·da,"nome feminino",gaj.tˈa.də
gai·tei·ri·ce,"nome feminino",gaj.tej.ɾˈi.si
gai·tei·ro,"nome masculino",gaj.tˈej.ɾʊ
gai·tei·ro,adjetivo,gaj.tˈej.ɾʊ
gai·vão,"nome masculino",gaj.vˈə̃w
gai·vo·ta,"nome feminino",gaj.vˈɔ.tə
gai·vo·to,"nome masculino",gaj.vˈo.tʊ
ga·ja,"nome feminino",gˈa.ʒə
ga·jar,verbo,ga.ʒˈa
ga·jas,"nome feminino",gˈa.ʒəs
ga·jei·ro,"nome masculino",ga.ʒˈej.ɾʊ
ga·jei·ro,adjetivo,ga.ʒˈej.ɾʊ
ga·jo,"nome masculino",gˈa.ʒʊ
gal,"nome masculino",gˈaw
ga·la,"nome feminino",gˈa.lə
ga·lã,"nome masculino",ga.lˈə̃
ga·lác·ti·co,adjetivo,ga.lˈa.ki.tʃi.kʊ
ga·la·fu·ra,"nome masculino",ga.la.fˈu.ɾə
ga·la·fu·ra,adjetivo,ga.la.fˈu.ɾə
ga·lai·ca,"nome feminino",ga.lˈaj.kə
ga·lai·co,"nome masculino",ga.lˈaj.kʊ
ga·lai·co,adjetivo,ga.lˈaj.kʊ
ga·lai·co-por·tu·guês,"nome masculino",ga.lˌaj.ko.poɾ.tu.gˈes
ga·lai·co-por·tu·guês,adjetivo,ga.lˌaj.ko.poɾ.tu.gˈes
ga·lai·o,"nome masculino",ga.lˈaj.jʊ
ga·lan·te,"nome masculino",ga.lˈə̃.tʃi
ga·lan·te,adjetivo,ga.lˈə̃.tʃi
ga·lan·te,"nome feminino",ga.lˈə̃.tʃi
ga·lan·te·a·dor,"nome masculino",ga.lə̃.tʃi.a.dˈoɾ
ga·lan·te·a·dor,adjetivo,ga.lə̃.tʃi.a.dˈoɾ
ga·lan·te·ar,verbo,ga.lə̃.tʃi.ˈa
ga·lan·tei·o,"nome masculino",ga.lə̃.tˈej.jʊ
ga·lan·te·men·te,advérbio,ga.lə̃.te.mˈẽj.tʃi
ga·lan·te·ri·a,"nome feminino",ga.lə̃.te.ɾˈi.jə
ga·lão,"nome masculino",ga.lˈə̃w
ga·lá·pa·go,"nome masculino",ga.lˈa.pa.gʊ
ga·la·po,"nome masculino",ga.lˈa.pʊ
ga·lar,verbo,ga.lˈa
ga·lar·dão,"nome masculino",ga.laɾ.dˈə̃w
ga·lar·do·a·do,adjetivo,ga.laɾ.do.ˈa.dʊ
ga·lar·do·ar,verbo,ga.laɾ.do.ˈa
ga·la·rim,"nome masculino",ga.la.ɾˈiɲ
gá·la·ta,"nome masculino","gˈa.la.tə ou gˈa.la.tə"
gá·la·ta,adjetivo,gˈa.la.tə
"ga·lá·xi· a","nome feminino",ga.lˈa.ki.sjə
"gal·dé·ri· a","nome feminino",gaw.dˈɛ.ɾjə
"gal·dé·ri· o",adjetivo,gaw.dˈɛ.ɾjʊ
ga·lé,"nome masculino",ga.lˈɛ
ga·lé,"nome feminino",ga.lˈɛ
ga·le·a·do,adjetivo,ga.li.ˈa.dʊ
ga·le·ão,"nome masculino",ga.le.ˈə̃w
ga·le·ar,verbo,ga.li.ˈa
ga·le·ga,"nome feminino",ga.lˈe.gə
ga·le·go,"nome masculino",ga.lˈe.gʊ
ga·le·go,adjetivo,ga.lˈe.gʊ
ga·le·go-por·tu·guês,adjetivo,ga.lˌe.go.poɾ.tu.gˈes
ga·le·go-por·tu·guês,"nome masculino",ga.lˌe.go.poɾ.tu.gˈes
ga·lei·rão,"nome masculino",ga.lej.ɾˈə̃w
ga·le·la,"nome feminino",ga.lˈɛ.lə
ga·le·lo,"nome masculino",ga.lˈɛ.lʊ
ga·le·na,"nome feminino",ga.lˈe.nə
ga·le·na,"nome masculino",ga.lˈe.nə
ga·le·no,"nome masculino",ga.lˈe.nʊ
ga·le·o·ta,"nome feminino",ga.le.ˈɔ.tə
ga·le·o·te,"nome masculino",ga.le.ˈɔ.tʃi
ga·le·ra,"nome feminino",ga.lˈɛ.ɾə
ga·le·ri·a,"nome feminino",ga.le.ɾˈi.jə
ga·le·ris·ta,"nome feminino",ga.le.ɾˈis.tə
ga·le·ris·ta,"nome masculino",ga.le.ɾˈis.tə
ga·lês,"nome masculino",ga.lˈes
ga·lés,"nome feminino",ga.lˈɛs
ga·lês,adjetivo,ga.lˈes
ga·le·sa,"nome feminino",ga.lˈe.zə
gal·ga,"nome feminino",gˈaw.gə
gal·gar,verbo,gaw.gˈa
gal·go,adjetivo,gˈaw.gʊ
gal·go,"nome masculino",gˈaw.gʊ
gal·guei·ro,adjetivo,gaw.gˈej.ɾʊ
ga·lhar·da,"nome feminino",ga.ʎˈaɾ.də
ga·lhar·da·men·te,advérbio,ga.ʎaɾ.da.mˈẽj.tʃi
ga·lhar·de·te,"nome masculino",ga.ʎaɾ.dˈe.tʃi
ga·lhar·di·a,"nome feminino",ga.ʎaɾ.dʒˈi.jə
ga·lhar·do,"nome masculino",ga.ʎˈaɾ.dʊ
ga·lhar·do,adjetivo,ga.ʎˈaɾ.dʊ
ga·lhei·ro,"nome masculino",ga.ʎˈej.ɾʊ
ga·lhe·ta,"nome feminino",ga.ʎˈe.tə
ga·lhe·tei·ro,"nome masculino",ga.ʎe.tˈej.ɾʊ
ga·lho,"nome masculino",gˈa.ʎʊ
ga·lho·fa,"nome feminino",ga.ʎˈɔ.fə
ga·lho·far,verbo,ga.ʎo.fˈa
ga·lho·fei·ra,"nome feminino",ga.ʎo.fˈej.ɾə
ga·lho·fei·ra·men·te,advérbio,ga.ʎo.fej.ɾa.mˈẽj.tʃi
ga·lho·fei·ro,"nome masculino",ga.ʎo.fˈej.ɾʊ
ga·lho·fei·ro,adjetivo,ga.ʎo.fˈej.ɾʊ
ga·li·cis·mo,"nome masculino",ga.li.sˈiz.mʊ
gá·li·co,adjetivo,gˈa.li.kʊ
ga·li·lé,"nome feminino",ga.li.lˈɛ
ga·li·lei·a,"nome feminino",ga.li.lˈej.jə
ga·li·leu,"nome masculino",ga.li.lˈew
ga·li·leu,adjetivo,ga.li.lˈew
"ga·li·ná·ce· o",adjetivo,ga.li.nˈa.sjʊ
"ga·li·ná·ce· o","nome masculino",ga.li.nˈa.sjʊ
ga·li·nha,"nome feminino",ga.lˈi.ɲə
"ga·li·nha-da-ín·di· a","nome feminino",ga.lˌi.ɲə.də.ˈĩ.dʒjə
ga·li·nha-sul·ta·na,"nome feminino",ga.lˌi.ɲə.suw.tˈə.nə
ga·li·nhei·ra,"nome feminino",ga.li.ɲˈej.ɾə
ga·li·nhei·ro,"nome masculino",ga.li.ɲˈej.ɾʊ
ga·li·nho·la,"nome feminino",ga.li.ɲˈɔ.lə
"gá·li· o",adjetivo,gˈa.ljʊ
"gá·li· o","nome masculino",gˈa.ljʊ
ga·lo,adjetivo,gˈa.lʊ
ga·lo,"nome masculino",gˈa.lʊ
ga·lo-ro·ma·no,adjetivo,gˌa.lo.xo.mˈə.nʊ
ga·lo-ro·ma·no,"nome masculino",gˌa.lo.xo.mˈə.nʊ
ga·lo·cha,"nome feminino",ga.lˈɔ.ʃə
ga·lo·pa·da,"nome feminino",ga.lo.pˈa.də
ga·lo·pa·do,adjetivo,ga.lo.pˈa.dʊ
ga·lo·pan·te,"nome feminino",ga.lo.pˈə̃.tʃi
ga·lo·pan·te,adjetivo,ga.lo.pˈə̃.tʃi
ga·lo·par,verbo,ga.lo.pˈa
ga·lo·pe,"nome masculino",ga.lˈɔ.pi
ga·lo·pim,"nome masculino",ga.lo.pˈiɲ
gal·pão,"nome masculino",gaw.pˈə̃w
gal·rão,"nome masculino",gaw.rˈə̃w
gal·rão,adjetivo,gaw.rˈə̃w
gal·ri·cho,"nome masculino",gaw.rˈi.ʃʊ
gal·ri·to,"nome masculino",gaw.rˈi.tʊ
ga·lu·cho,"nome masculino",ga.lˈu.ʃʊ
gal·va·ni·za·ção,"nome feminino",gaw.va.ni.za.sˈə̃w
gal·va·ni·za·do,adjetivo,gaw.va.ni.zˈa.dʊ
gal·va·ni·za·dor,adjetivo,gaw.va.ni.za.dˈoɾ
gal·va·ni·za·dor,"nome masculino",gaw.va.ni.za.dˈoɾ
gal·va·ni·za·do·ra,"nome feminino",gaw.va.ni.za.dˈo.ɾə
gal·va·ni·zan·te,adjetivo,gaw.va.ni.zˈə̃.tʃi
gal·va·ni·zar,verbo,gaw.va.ni.zˈa
gal·va·no·plas·ti·a,"nome feminino",gaw.va.no.plas.tʃˈi.jə
ga·ma,"nome masculino",gˈə.mə
ga·ma,"nome feminino",gˈə.mə
ga·ma·do,adjetivo,ga.mˈa.dʊ
ga·ma·gra·fi·a,"nome feminino",ga.ma.gɾa.fˈi.jə
ga·man·ço,"nome masculino",ga.mˈə̃.sʊ
ga·mão,"nome masculino",ga.mˈə̃w
ga·mar,verbo,ga.mˈa
ga·mar·ra,"nome feminino",ga.mˈa.xə
gam·ba,"nome feminino",gˈə̃.bə
gam·bá,"nome masculino",gə̃.bˈa
gam·be·lar,verbo,gə̃.be.lˈa
"gâm·bi· a","nome feminino",gˈə̃.bjə
gam·bi·a·na,"nome feminino",gə̃.bjˈə.nə
gam·bi·a·no,adjetivo,gə̃.bjˈə.nʊ
gam·bi·a·no,"nome masculino",gə̃.bjˈə.nʊ
gam·bi·ar·ra,"nome feminino",gə̃.bjˈa.xə
gam·bi·to,"nome masculino",gə̃.bˈi.tʊ
gam·bo,"nome masculino",gˈə̃.bʊ
gam·bo,adjetivo,gˈə̃.bʊ
gam·bo·a,"nome feminino",gə̃.bˈo.ə
gam·bo·zi·no,"nome masculino",gə̃.bo.zˈi.nʊ
ga·mei·ro,adjetivo,ga.mˈej.ɾʊ
ga·me·la,"nome feminino",ga.mˈɛ.lə
ga·me·lão,"nome masculino",ga.me.lˈə̃w
gâ·me·ta,"nome masculino",gˈə.me.tə
ga·mo,"nome masculino",gˈə.mʊ
ga·na,"nome feminino",gˈə.nə
ga·na·da·ri·a,"nome feminino",ga.na.da.ɾˈi.jə
ga·na·dei·ro,"nome masculino",ga.na.dˈej.ɾʊ
"ga·nân·ci· a","nome feminino",ga.nˈə̃.sjə
ga·nan·ci·o·sa,"nome feminino",ga.nə̃.si.ˈɔ.zə
ga·nan·ci·o·sa·men·te,advérbio,ga.nə̃.si.ɔ.za.mˈẽj.tʃi
ga·nan·ci·o·so,"nome masculino",ga.nə̃.si.ˈo.zʊ
ga·nan·ci·o·so,adjetivo,ga.nə̃.si.ˈo.zʊ
gan·char,verbo,gə̃.ʃˈa
gan·che·ta,"nome feminino",gə̃.ʃˈe.tə
gan·chi·nho,"nome masculino",gə̃.ʃˈi.ɲʊ
gan·cho,"nome masculino",gˈə̃.ʃʊ
gan·chor·ra,"nome feminino",gə̃.ʃˈo.xə
gan·ço,"nome masculino",gˈə̃.sʊ
gan·da,"nome feminino",gˈə̃.də
gan·dai·a,"nome feminino",gə̃.dˈaj.jə
gan·dai·ar,verbo,gə̃.daj.ˈa
gân·da·ra,"nome feminino",gˈə̃.da.ɾə
gan·da·rês,adjetivo,gə̃.da.ɾˈes
gan·da·ri·nha,"nome feminino",gə̃.da.ɾˈi.ɲə
gan·do,"nome masculino",gˈə̃.dʊ
gan·dra,"nome feminino",gˈə̃.dɾə
gan·du·la,"nome masculino",gə̃.dˈu.lə
gan·du·la,adjetivo,gə̃.dˈu.lə
gan·du·la,"nome feminino",gə̃.dˈu.lə
gan·du·la·gem,"nome feminino",gə̃.du.lˈa.ʒeɲ
gan·du·lar,verbo,gə̃.du.lˈa
gan·du·lo,"nome masculino",gə̃.dˈu.lʊ
gan·du·lo,adjetivo,gə̃.dˈu.lʊ
ga·nês,adjetivo,ga.nˈes
ga·nês,"nome masculino",ga.nˈes
gang,"nome masculino",
gan·ga,"nome masculino",gˈə̃.gə
gan·ga,"nome feminino",gˈə̃.gə
"gân·gli· o","nome masculino",gˈə̃.gljʊ
gan·gli·o·nar,adjetivo,gə̃.gli.o.nˈaɾ
gan·gre·na,"nome feminino",gə̃.gɾˈe.nə
gan·gre·na·do,adjetivo,gə̃.gɾe.nˈa.dʊ
gan·gre·nar,verbo,gə̃.gɾe.nˈa
gan·gre·no·so,adjetivo,gə̃.gɾe.nˈo.zʊ
"gang· ster","nome masculino",
gangs·te·ris·mo,"nome masculino",gə̃gs.te.ɾˈiz.mʊ
gan·gue·la,adjetivo,gə̃.gwˈɛ.lə
gan·gue·la,"nome masculino","gə̃.gwˈɛ.lə ou gə̃.gwˈɛ.lə"
ga·nha-pão,"nome masculino",gˌə.ɲə.pˈə̃w
ga·nha·dor,"nome masculino",ga.ɲa.dˈoɾ
ga·nha·dor,adjetivo,ga.ɲa.dˈoɾ
ga·nhão,"nome masculino",ga.ɲˈə̃w
ga·nhar,verbo,ga.ɲˈa
ga·nha·ri·a,"nome feminino",ga.ɲa.ɾˈi.jə
ga·nho,adjetivo,gˈə.ɲʊ
ga·nho,"nome masculino",gˈə.ɲʊ
ga·nhó,"nome feminino",ga.ɲˈɔ
ga·nhó,"nome masculino",ga.ɲˈɔ
ga·ni·me·des,"nome masculino",ga.ni.mˈɛ.dʒis
ga·nir,verbo,ga.nˈi
gan·ja,"nome feminino",gˈə̃.ʒə
gan·so,"nome masculino",gˈə̃.sʊ
gan·so-pa·to·la,"nome masculino",gˌə̃.sʊ.pa.tˈɔ.lə
gan·zá,"nome masculino",gə̃.zˈa
gan·za,"nome feminino",gˈə̃.zə
gan·za·do,adjetivo,gə̃.zˈa.dʊ
gan·zar,verbo,gə̃.zˈa
gap,"nome feminino",
ga·ra·gem,"nome feminino",ga.ɾˈa.ʒeɲ
ga·ra·gis·ta,"nome feminino",ga.ɾa.ʒˈis.tə
ga·ra·gis·ta,"nome masculino",ga.ɾa.ʒˈis.tə
ga·ra·jau,"nome masculino",ga.ɾa.ʒˈaw
ga·ran·çar,verbo,ga.ɾə̃.sˈa
ga·ra·nhão,"nome masculino",ga.ɾa.ɲˈə̃w
ga·ran·te,"nome masculino",ga.ɾˈə̃.tʃi
ga·ran·te,"nome feminino",ga.ɾˈə̃.tʃi
ga·ran·ti·a,"nome feminino",ga.ɾə̃.tʃˈi.jə
ga·ran·ti·do,adjetivo,ga.ɾə̃.tʃˈi.dʊ
ga·ran·tir,verbo,ga.ɾə̃.tʃˈi
ga·ra·tu·ja,"nome feminino",ga.ɾa.tˈu.ʒə
ga·ra·tu·jar,verbo,ga.ɾa.tu.ʒˈa
gar·bo,"nome masculino",gˈaɾ.bʊ
gar·bo·sa·men·te,advérbio,gaɾ.bo.za.mˈẽj.tʃi
gar·bo·so,adjetivo,gaɾ.bˈo.zʊ
gar·ça,"nome feminino",gˈaɾ.sə
gar·ça-boi·ei·ra,"nome feminino",gˌaɾ.sə.boj.ˈej.ɾə
gar·ça-re·al,"nome feminino",gˌaɾ.sə.xi.ˈaw
gar·ção,"nome masculino",gaɾ.sˈə̃w
gar·cês,"nome masculino",gaɾ.sˈes
gar·ço,adjetivo,gˈaɾ.sʊ
gar·çom,"nome masculino",
"gar· çon","nome masculino",
"gar· çon· ne","nome feminino",
"gar·dé·ni· a","nome feminino",gaɾ.dˈɛ.njə
gar·du·nha,"nome feminino",gaɾ.dˈu.ɲə
ga·re,"nome feminino",gˈa.ɾi
gar·fa·da,"nome feminino",gaɾ.fˈa.də
gar·far,verbo,gaɾ.fˈa
gar·fo,"nome masculino",gˈaɾ.fʊ
gar·ga·lha·da,"nome feminino",gaɾ.ga.ʎˈa.də
gar·ga·lhar,verbo,gaɾ.ga.ʎˈa
gar·ga·lo,"nome masculino",gaɾ.gˈa.lʊ
gar·gan·ta,"nome feminino",gaɾ.gˈə̃.tə
gar·gan·te·ar,verbo,gaɾ.gə̃.tʃi.ˈa
gar·gan·ti·lha,"nome feminino",gaɾ.gə̃.tʃˈi.ʎə
gar·gan·tu·es·co,adjetivo,gaɾ.gə̃.twˈes.kʊ
gar·ga·re·jar,verbo,gaɾ.ga.ɾe.ʒˈa
gar·ga·re·jo,"nome masculino",gaɾ.ga.ɾˈe.ʒʊ
gár·gu·la,"nome feminino",gˈaɾ.gu.lə
ga·ri,"nome feminino",ga.ɾˈi
ga·ri,"nome masculino",ga.ɾˈi
ga·rim·par,verbo,ga.ɾĩ.pˈa
ga·rim·pei·ro,"nome masculino",ga.ɾĩ.pˈej.ɾʊ
ga·rim·po,"nome masculino",ga.ɾˈĩ.pʊ
ga·ri·na,"nome feminino",ga.ɾˈi.nə
ga·ri·nar,verbo,ga.ɾi.nˈa
gar·ni·sé,"nome masculino",gar.ni.zˈɛ
gar·ni·sé,adjetivo,gar.ni.zˈɛ
ga·ro·ta,"nome feminino",ga.ɾˈo.tə
ga·ro·ta·da,"nome feminino",ga.ɾo.tˈa.də
ga·ro·tar,verbo,ga.ɾo.tˈa
ga·ro·ti·ce,"nome feminino",ga.ɾo.tʃˈi.si
ga·ro·to,"nome masculino",ga.ɾˈo.tʊ
ga·ro·to,adjetivo,ga.ɾˈo.tʊ
ga·rou·pa,"nome feminino",ga.ɾˈo.pə
gar·ra,adjetivo,gˈa.xə
gar·ra,"nome feminino",gˈa.xə
gar·ra·fa,"nome feminino",ga.xˈa.fə
gar·ra·fa-ter·mo,"nome feminino",ga.xˌa.fə.tˈeɾ.mʊ
gar·ra·fa·da,"nome feminino",ga.xa.fˈa.də
gar·ra·fal,adjetivo,ga.xa.fˈaw
gar·ra·fão,"nome masculino",ga.xa.fˈə̃w
gar·ra·fei·ra,"nome feminino",ga.xa.fˈej.ɾə
gar·ra·fei·ro,adjetivo,ga.xa.fˈej.ɾʊ
gar·ra·fi·nha,"nome feminino",ga.xa.fˈi.ɲə
gar·rai·a·da,"nome feminino",ga.xaj.ˈa.də
gar·rai·o,"nome masculino",ga.xˈaj.jʊ
gar·ra·na,"nome feminino",ga.xˈə.nə
gar·ran·char,verbo,ga.xə̃.ʃˈa
gar·ran·cho,"nome masculino",ga.xˈə̃.ʃʊ
gar·ra·no,"nome masculino",ga.xˈə.nʊ
gar·rão,"nome masculino",ga.xˈə̃w
gar·rar,verbo,ga.xˈa
"gar· ret·ti·a·no","nome masculino",ga.xɛ.tʃjˈə.nʊ
"gar· ret·ti·a·no",adjetivo,ga.xɛ.tʃjˈə.nʊ
gar·ri·da,"nome feminino",ga.xˈi.də
gar·ri·da·men·te,advérbio,ga.xi.da.mˈẽj.tʃi
gar·ri·di·ce,"nome feminino",ga.xi.dʒˈi.si
gar·ri·do,adjetivo,ga.xˈi.dʊ
gar·rin·cha,"nome feminino",ga.xˈĩ.ʃə
gar·rir,verbo,ga.xˈi
gar·ro,adjetivo,gˈa.xʊ
gar·ro,"nome masculino",gˈa.xʊ
gar·ro·tar,verbo,ga.xo.tˈa
gar·ro·te,"nome masculino",ga.xˈɔ.tʃi
gar·ru·cho,"nome masculino",ga.xˈu.ʃʊ
ga·ru·pa,"nome feminino",ga.ɾˈu.pə
gás,"nome masculino",gˈas
gas·cão,adjetivo,gas.kˈə̃w
gas·cão,"nome masculino",gas.kˈə̃w
gas·cões,"nome masculino",gas.kˈõjs
ga·se·a·do,"nome masculino",ga.zi.ˈa.dʊ
ga·se·a·do,adjetivo,ga.zi.ˈa.dʊ
ga·se·ar,verbo,ga.zi.ˈa
ga·sei·fi·ca·ção,"nome feminino",ga.zej.fi.ka.sˈə̃w
ga·sei·fi·ca·do,adjetivo,ga.zej.fi.kˈa.dʊ
ga·sei·fi·car,verbo,ga.zej.fi.kˈa
gas·ga·ne·te,"nome masculino",gaz.ga.nˈe.tʃi
ga·si·fi·ca·ção,"nome feminino",ga.zi.fi.ka.sˈə̃w
ga·so·car·bó·ni·co,adjetivo,ga.zo.kaɾ.bˈɔ.ni.kʊ
ga·so·du·to,"nome masculino",ga.zo.dˈu.tʊ
"ga·so·gé·ni· o","nome masculino",ga.zo.ʒˈɛ.njʊ
"ga·só·le· o","nome masculino",ga.zˈɔ.ljʊ
ga·so·li·na,"nome masculino",ga.zo.lˈi.nə
ga·so·li·na,"nome feminino",ga.zo.lˈi.nə
ga·so·li·nei·ra,"nome feminino",ga.zo.li.nˈej.ɾə
ga·so·li·nei·ro,adjetivo,ga.zo.li.nˈej.ɾʊ
ga·so·li·nei·ro,"nome masculino",ga.zo.li.nˈej.ɾʊ
ga·so·me·tri·a,"nome feminino",ga.zo.me.tɾˈi.jə
ga·só·me·tro,"nome masculino",ga.zˈɔ.me.tɾʊ
ga·so·sa,"nome feminino",ga.zˈɔ.zə
ga·so·so,adjetivo,ga.zˈo.zʊ
gas·pa·cho,"nome masculino",gas.pˈa.ʃʊ
gas·pa·ri·nho,"nome masculino",gas.pa.ɾˈi.ɲʊ
"gás·pe· a","nome feminino",gˈas.pjə
gas·ta·dor,"nome masculino",gas.ta.dˈoɾ
gas·ta·dor,adjetivo,gas.ta.dˈoɾ
gas·ta·do·ra,"nome feminino",gas.ta.dˈo.ɾə
gas·tão,"nome masculino",gas.tˈə̃w
gas·tar,verbo,gas.tˈa
gas·to,adjetivo,gˈas.tʊ
gas·to,"nome masculino",gˈas.tʊ
gas·tren·te·ri·te,"nome feminino",gas.tɾẽ.te.ɾˈi.tʃi
gas·tren·te·ro·lo·gi·a,"nome feminino",gas.tɾẽ.te.ɾo.lo.ʒˈi.jə
gas·tren·te·ro·lo·gis·ta,"nome masculino","gas.tɾẽ.te.ɾo.lo.ʒˈis.tə ou gas.tɾẽ.te.ɾo.lo.ʒˈis.tə"
gás·tri·ca,"nome feminino",gˈas.tɾi.kə
gás·tri·co,adjetivo,gˈas.tɾi.kʊ
gas·trin·tes·ti·nal,adjetivo,gas.tɾĩ.tes.tʃi.nˈaw
gas·tri·te,"nome feminino",gas.tɾˈi.tʃi
gas·tro·en·te·ri·te,"nome feminino",gas.tɾo.ẽ.te.ɾˈi.tʃi
gas·tro·en·te·ro·lo·gi·a,"nome feminino",gas.tɾo.ẽ.te.ɾo.lo.ʒˈi.jə
gas·tro·in·tes·ti·nal,adjetivo,gas.tɾo.ĩ.tes.tʃi.nˈaw
gas·tro·no·mi·a,"nome feminino",gas.tɾo.no.mˈi.jə
gas·tro·nó·mi·co,adjetivo,gas.tɾo.nˈɔ.mi.kʊ
gas·tró·no·mo,"nome masculino",gas.tɾˈɔ.no.mʊ
gas·tró·po·de,adjetivo,gas.tɾˈɔ.po.dʒi
gas·tró·po·de,"nome masculino",gas.tɾˈɔ.po.dʒi
gas·tru·la·ção,"nome feminino",gas.tɾu.la.sˈə̃w
ga·ta,"nome feminino",gˈa.tə
ga·ta-bor·ra·lhei·ra,"nome feminino",gˌa.tə.bo.xa.ʎˈej.ɾə
ga·ta·fu·nho,"nome masculino",ga.ta.fˈu.ɲʊ
ga·tão,"nome masculino",ga.tˈə̃w
ga·tar,verbo,ga.tˈa
ga·ta·ri·a,"nome feminino",ga.ta.ɾˈi.jə
ga·tei·ra,"nome feminino",ga.tˈej.ɾə
ga·tei·ro,adjetivo,ga.tˈej.ɾʊ
ga·til,"nome masculino",ga.tʃˈiw
ga·ti·lho,"nome masculino",ga.tʃˈi.ʎʊ
ga·ti·nha,"nome feminino",ga.tʃˈi.ɲə
ga·ti·nhar,verbo,ga.tʃi.ɲˈa
ga·ti·nho,"nome masculino",ga.tʃˈi.ɲʊ
ga·to,"nome masculino",gˈa.tʊ
ga·to-bra·vo,"nome masculino",gˌa.tʊ.bɾˈa.vʊ
"ga·to-de-al·gá·li· a","nome masculino",gˌa.tʊ.dʒi.aw.gˈa.ljə
ga·to-pin·ga·do,"nome masculino",gˌa.tʊ.pĩɲ.gˈa.dʊ
ga·to-sa·pa·to,"nome masculino",gˌa.tʊ.sa.pˈa.tʊ
ga·tu·na,"nome feminino",ga.tˈu.nə
ga·tu·na·gem,"nome feminino",ga.tu.nˈa.ʒeɲ
ga·tu·nar,verbo,ga.tu.nˈa
ga·tu·no,"nome masculino",ga.tˈu.nʊ
ga·tu·no,adjetivo,ga.tˈu.nʊ
gau,"nome masculino",gˈaw
ga·u·char,verbo,ga.u.ʃˈa
"gau· che",adjetivo,
ga·ú·cho,"nome masculino",ga.ˈu.ʃʊ
gau·di·nar,verbo,gaw.dʒi.nˈa
"gáu·di· o","nome masculino",gˈaw.dʒjʊ
gau·lês,"nome masculino",gaw.lˈes
gau·lês,adjetivo,gaw.lˈes
gau·le·sa,"nome feminino",gaw.lˈe.zə
gau·lis·ta,adjetivo,gaw.lˈis.tə
"ga· ul·lis·mo","nome masculino",gaw.lˈiz.mʊ
gauss,"nome masculino",
"gá·ve· a","nome feminino",gˈa.vjə
ga·ve·la,"nome feminino",ga.vˈɛ.lə
ga·ve·ta,"nome feminino",ga.vˈe.tə
ga·ve·tão,"nome masculino",ga.ve.tˈə̃w
ga·ve·to,"nome masculino",ga.vˈe.tʊ
ga·vi·ão,"nome masculino",ga.vi.ˈə̃w
ga·vi·na,"nome feminino",ga.vˈi.nə
ga·vi·nha,"nome feminino",ga.vˈi.ɲə
ga·vo·ta,"nome feminino",ga.vˈɔ.tə
gay,"nome masculino",ou
gay,adjetivo,
gaz,"nome masculino",gˈas
ga·za,"nome feminino",gˈa.zə
ga·ze,"nome feminino",gˈa.zi
ga·ze·la,"nome feminino",ga.zˈɛ.lə
ga·ze·ta,"nome feminino",ga.zˈe.tə
ga·ze·tar,verbo,ga.ze.tˈa
"ga·ze·tá·ri· o",adjetivo,ga.ze.tˈa.ɾjʊ
ga·ze·tei·ro,"nome masculino",ga.ze.tˈej.ɾʊ
ga·zu·a,"nome feminino",ga.zˈu.ə
ge·a·da,"nome feminino",ʒi.ˈa.də
ge·a·do,adjetivo,ʒi.ˈa.dʊ
ge·ar,verbo,ʒi.ˈa
ge·ba,"nome feminino",ʒˈe.bə
ge·bar,verbo,ʒe.bˈa
ge·bo,"nome masculino",ʒˈe.bʊ
ge·bo,adjetivo,ʒˈe.bʊ
ge·brar,verbo,ʒe.bɾˈa
ge·bre,"nome masculino",ʒˈe.bɾi
ge·co,"nome masculino",ʒˈɛ.kʊ
ge·e·na,"nome feminino",ʒe.ˈe.nə
"gei· sha","nome feminino",
gel,"nome masculino",ʒˈɛw
ge·la·da,"nome feminino",ʒe.lˈa.də
ge·la·da·ri·a,"nome feminino",ʒe.la.da.ɾˈi.jə
ge·la·dei·ra,"nome feminino",ʒe.la.dˈej.ɾə
ge·la·do,"nome masculino",ʒe.lˈa.dʊ
ge·la·do,adjetivo,ʒe.lˈa.dʊ
ge·lar,verbo,ʒe.lˈa
ge·la·ta·ri·a,"nome feminino",ʒe.la.ta.ɾˈi.jə
ge·la·ti·na,"nome feminino",ʒe.la.tʃˈi.nə
ge·la·ti·no·so,adjetivo,ʒe.la.tʃi.nˈo.zʊ
ge·lei·a,"nome feminino",ʒe.lˈɛj.jə
ge·lei·ra,"nome feminino",ʒe.lˈej.ɾə
ge·li·da·men·te,advérbio,ʒɛ.li.da.mˈẽj.tʃi
gé·li·do,adjetivo,ʒˈɛ.li.dʊ
ge·lo,"nome masculino",ʒˈe.lʊ
ge·lo·si·a,"nome feminino",ʒe.lo.zˈi.jə
ge·ma,"nome feminino",ʒˈɛ.mə
ge·ma·da,"nome feminino",ʒe.mˈa.də
ge·ma·do,adjetivo,ʒe.mˈa.dʊ
ge·mar,verbo,ʒe.mˈa
ge·me·lar,adjetivo,ʒe.me.lˈaɾ
"gê·me· o",adjetivo,ʒˈe.mjʊ
"gé·me· o","nome masculino",ʒˈɛ.mjʊ
"gé·me· o",adjetivo,ʒˈɛ.mjʊ
"gê·me· o","nome masculino",ʒˈe.mjʊ
ge·mer,verbo,ʒe.mˈe
ge·mi·do,"nome masculino",ʒe.mˈi.dʊ
ge·mi·na·ção,"nome feminino",ʒe.mi.na.sˈə̃w
ge·mi·na·da·men·te,advérbio,ʒe.mi.na.da.mˈẽj.tʃi
ge·mi·na·do,adjetivo,ʒe.mi.nˈa.dʊ
ge·mi·nar,verbo,ʒe.mi.nˈa
ge·mo·lo·gi·a,"nome feminino",ʒe.mo.lo.ʒˈi.jə
gen·ci·a·na,"nome feminino",ʒẽ.sjˈə.nə
gen·dar·ma·ri·a,"nome feminino",ʒẽ.daɾ.ma.ɾˈi.jə
gen·dar·me,"nome masculino",ʒẽ.dˈaɾ.mi
ge·ne,"nome masculino",ʒˈɛ.ni
ge·ne·a·lo·gi·a,"nome feminino",ʒe.ni.a.lo.ʒˈi.jə
ge·ne·a·ló·gi·ca,"nome feminino",ʒe.ni.a.lˈɔ.ʒi.kə
ge·ne·a·lo·gi·ca·men·te,advérbio,ʒe.ni.a.lɔ.ʒi.ka.mˈẽj.tʃi
ge·ne·a·ló·gi·co,adjetivo,ʒe.ni.a.lˈɔ.ʒi.kʊ
ge·ne·a·ló·gi·co,"nome masculino",ʒe.ni.a.lˈɔ.ʒi.kʊ
ge·ne·a·lo·gis·ta,"nome masculino","ʒe.ni.a.lo.ʒˈis.tə ou ʒe.ni.a.lo.ʒˈis.tə"
ge·ne·bra,"nome feminino",ʒe.nˈɛ.bɾə
ge·ne·ral,"nome masculino",ʒe.ne.ɾˈaw
ge·ne·ral,adjetivo,ʒe.ne.ɾˈaw
ge·ne·ral,"nome feminino",ʒe.ne.ɾˈaw
ge·ne·ra·la,"nome feminino",ʒe.ne.ɾˈa.lə
ge·ne·ra·la·to,"nome masculino",ʒe.ne.ɾa.lˈa.tʊ
ge·ne·ra·li·da·de,"nome feminino",ʒe.ne.ɾa.li.dˈa.dʒi
ge·ne·ra·lís·si·mo,"nome masculino",ʒe.ne.ɾa.lˈi.si.mʊ
ge·ne·ra·lís·si·mo,adjetivo,ʒe.ne.ɾa.lˈi.si.mʊ
ge·ne·ra·lis·ta,adjetivo,ʒe.ne.ɾa.lˈis.tə
ge·ne·ra·li·za·ção,"nome feminino",ʒe.ne.ɾa.li.za.sˈə̃w
ge·ne·ra·li·za·dor,adjetivo,ʒe.ne.ɾa.li.za.dˈoɾ
ge·ne·ra·li·za·dor,"nome masculino",ʒe.ne.ɾa.li.za.dˈoɾ
ge·ne·ra·li·za·do·ra,"nome feminino",ʒe.ne.ɾa.li.za.dˈo.ɾə
ge·ne·ra·li·zan·te,adjetivo,ʒe.ne.ɾa.li.zˈə̃.tʃi
ge·ne·ra·li·zar,verbo,ʒe.ne.ɾa.li.zˈa
ge·ne·ra·li·zá·vel,adjetivo,ʒe.ne.ɾa.li.zˈa.vew
ge·ne·ri·ca·men·te,advérbio,ʒe.nɛ.ɾi.ka.mˈẽj.tʃi
ge·né·ri·co,adjetivo,ʒe.nˈɛ.ɾi.kʊ
ge·né·ri·co,"nome masculino",ʒe.nˈɛ.ɾi.kʊ
gé·ne·ro,"nome masculino",ʒˈɛ.ne.ɾʊ
ge·ne·ro·sa·men·te,advérbio,ʒe.ne.ɾo.za.mˈẽj.tʃi
ge·ne·ro·si·da·de,"nome feminino",ʒe.ne.ɾo.zi.dˈa.dʒi
ge·ne·ro·so,"nome masculino",ʒe.ne.ɾˈo.zʊ
ge·ne·ro·so,adjetivo,ʒe.ne.ɾˈo.zʊ
gé·ne·se,"nome feminino",ʒˈɛ.ne.zi
ge·ne·sí·a·co,adjetivo,ʒe.ne.zˈi.a.kʊ
ge·né·si·co,adjetivo,ʒe.nˈɛ.zi.kʊ
gé·ne·sis,"nome feminino",ʒˈɛ.ne.zis
ge·né·ti·ca,"nome feminino",ʒe.nˈɛ.tʃi.kə
ge·ne·ti·ca·men·te,advérbio,ʒe.nɛ.tʃi.ka.mˈẽj.tʃi
ge·ne·ti·cis·ta,"nome masculino",ʒe.nɛ.tʃi.sˈis.tə
ge·ne·ti·cis·ta,"nome feminino",ʒe.nɛ.tʃi.sˈis.tə
ge·né·ti·co,adjetivo,ʒe.nˈɛ.tʃi.kʊ
gen·gi·bre,"nome masculino",ʒẽ.ʒˈi.bɾi
gen·gi·va,"nome feminino",ʒẽ.ʒˈi.və
gen·gi·vi·te,"nome feminino",ʒẽ.ʒi.vˈi.tʃi
ge·ni·al,adjetivo,ʒe.njˈaw
ge·ni·a·li·da·de,"nome feminino",ʒe.nja.li.dˈa.dʒi
ge·ni·al·men·te,advérbio,ʒe.njaw.mˈẽj.tʃi
ge·ni·ca,"nome feminino",ʒe.nˈi.kə
gé·ni·co,adjetivo,ʒˈɛ.ni.kʊ
"gé·ni· o","nome masculino","ʒˈɛ.njʊ ou ʒˈɛ.njʊ"
ge·ni·tal,adjetivo,ʒe.ni.tˈaw
"ge·ni·tá·li· a","nome feminino",ʒe.ni.tˈa.ljə
"ge·ni·tu·ri·ná·ri· o",adjetivo,ʒe.ni.tu.ɾi.nˈa.ɾjʊ
ge·no·ci·da,"nome masculino",ʒe.no.sˈi.də
ge·no·ci·da,adjetivo,ʒe.no.sˈi.də
ge·no·ci·da,"nome feminino",ʒe.no.sˈi.də
"ge·no·cí·di· o","nome masculino",ʒe.no.sˈi.dʒjʊ
ge·no·ló·gi·co,adjetivo,ʒe.no.lˈɔ.ʒi.kʊ
ge·no·ma,"nome masculino",ʒe.nˈo.mə
ge·nó·ti·po,"nome masculino",ʒe.nˈɔ.tʃi.pʊ
ge·no·vês,"nome masculino",ʒe.no.vˈes
ge·no·vês,adjetivo,ʒe.no.vˈes
gen·ro,"nome masculino",ʒˈẽj.hʊ
gen·ta·lha,"nome feminino",ʒẽ.tˈa.ʎə
gen·te,"nome feminino",ʒˈẽj.tʃi
gen·til,"nome masculino",ʒẽ.tʃˈiw
gen·til,adjetivo,ʒẽ.tʃˈiw
gen·til-ho·mem,adjetivo,ʒẽ.tʃˌiw.ˈo.meɲ
gen·til-ho·mem,"nome masculino",ʒẽ.tʃˌiw.ˈo.meɲ
gen·ti·le·za,"nome feminino",ʒẽ.tʃi.lˈe.zə
gen·ti·li·ca·men·te,advérbio,ʒẽ.tʃi.li.ka.mˈẽj.tʃi
"gen·ti·lí·ci· o",adjetivo,ʒẽ.tʃi.lˈi.sjʊ
gen·tí·li·co,"nome masculino",ʒẽ.tʃˈi.li.kʊ
gen·tí·li·co,adjetivo,ʒẽ.tʃˈi.li.kʊ
gen·til·men·te,advérbio,ʒẽ.tʃiw.mˈẽj.tʃi
gen·ti·nha,"nome feminino",ʒẽ.tʃˈi.ɲə
gen·ti·o,"nome masculino",ʒẽ.tʃˈi.ʊ
gen·ti·o,adjetivo,ʒẽ.tʃˈi.ʊ
"gen· tle· man","nome masculino",
ge·nu·fle·xão,"nome feminino",ʒe.nu.fle.kə.sˈə̃w
"ge·nu·fle·xó·ri· o","nome masculino",ʒe.nu.fle.kə.sˈɔ.ɾjʊ
ge·nu·i·na·men·te,advérbio,ʒe.nwi.na.mˈẽj.tʃi
ge·nu·i·ni·da·de,"nome feminino",ʒe.nwi.ni.dˈa.dʒi
ge·nu·í·no,adjetivo,ʒe.nwˈi.nʊ
ge·o·cên·tri·co,adjetivo,ʒe.o.sˈẽj.tɾi.kʊ
ge·o·cen·tris·mo,"nome masculino",ʒe.o.sẽ.tɾˈiz.mʊ
"ge·o·ci·ên·ci· a","nome feminino",ʒe.o.si.ˈẽj.sjə
ge·o·cro·no·lo·gi·a,"nome feminino",ʒe.o.kɾo.no.lo.ʒˈi.jə
ge·o·de,"nome masculino",ʒe.ˈɔ.dʒi
ge·o·de·si·a,"nome feminino",ʒe.o.de.zˈi.jə
ge·o·de·si·ca·men·te,advérbio,ʒe.o.dɛ.zi.ka.mˈẽj.tʃi
ge·o·dé·si·co,adjetivo,ʒe.o.dˈɛ.zi.kʊ
ge·o·di·nâ·mi·ca,"nome feminino",ʒe.o.dʒi.nˈə.mi.kə
ge·o·di·nâ·mi·co,adjetivo,ʒe.o.dʒi.nˈə.mi.kʊ
ge·o·e·co·no·mi·a,"nome feminino",ʒe.o.e.ko.no.mˈi.jə
ge·o·e·co·nó·mi·co,adjetivo,ʒe.o.e.ko.nˈɔ.mi.kʊ
"ge·o·es·ta·ci·o·ná·ri· o",adjetivo,ʒe.o.is.ta.si.o.nˈa.ɾjʊ
"ge·o·es·tra·té·gi· a","nome feminino",ʒe.o.is.tɾa.tˈɛ.ʒjə
ge·o·es·tra·té·gi·co,adjetivo,ʒe.o.is.tɾa.tˈɛ.ʒi.kʊ
ge·o·fí·si·ca,"nome feminino",ʒe.o.fˈi.zi.kə
ge·o·fí·si·co,adjetivo,ʒe.o.fˈi.zi.kʊ
ge·o·fí·si·co,adjetivo,ʒe.o.fˈi.zi.kʊ
ge·o·gra·fi·a,"nome feminino",ʒe.o.gɾa.fˈi.jə
ge·o·gra·fi·ca·men·te,advérbio,ʒe.o.gɾa.fi.ka.mˈẽj.tʃi
ge·o·grá·fi·co,adjetivo,ʒe.o.gɾˈa.fi.kʊ
ge·ó·gra·fo,"nome masculino",ʒe.ˈɔ.gɾa.fʊ
ge·oi·de,"nome masculino",ʒe.ˈɔj.dʒi
ge·ó·lo·ga,"nome feminino",ʒe.ˈɔ.lo.gə
ge·o·lo·gi·a,"nome feminino",ʒe.o.lo.ʒˈi.jə
ge·o·lo·gi·ca·men·te,advérbio,ʒe.o.lɔ.ʒi.ka.mˈẽj.tʃi
ge·o·ló·gi·co,adjetivo,ʒe.o.lˈɔ.ʒi.kʊ
ge·ó·lo·go,"nome masculino",ʒe.ˈɔ.lo.gʊ
ge·o·mag·né·ti·co,adjetivo,ʒe.o.ma.gi.nˈɛ.tʃi.kʊ
ge·o·mag·ne·tis·mo,"nome masculino",ʒe.o.ma.gi.ne.tʃˈiz.mʊ
ge·o·man·te,"nome masculino","ʒe.o.mˈə̃.tʃi ou ʒe.o.mˈə̃.tʃi"
ge·ó·me·tra,"nome feminino","ʒe.ˈɔ.me.tɾə ou ʒe.ˈɔ.me.tɾə"
ge·o·me·tral,adjetivo,ʒe.o.me.tɾˈaw
ge·o·me·tral,"nome masculino",ʒe.o.me.tɾˈaw
ge·o·me·tri·a,"nome feminino",ʒe.o.me.tɾˈi.jə
ge·o·me·tri·ca·men·te,advérbio,ʒe.o.mɛ.tɾi.ka.mˈẽj.tʃi
ge·o·mé·tri·co,adjetivo,ʒe.o.mˈɛ.tɾi.kʊ
ge·o·me·tri·za·ção,"nome feminino",ʒe.o.me.tɾi.za.sˈə̃w
ge·o·me·tri·zar,verbo,ʒe.o.me.tɾi.zˈa
ge·o·mor·fo·lo·gi·a,"nome feminino",ʒe.o.moɾ.fo.lo.ʒˈi.jə
ge·o·mor·fo·ló·gi·co,adjetivo,ʒe.o.moɾ.fo.lˈɔ.ʒi.kʊ
ge·o·po·lí·ti·ca,"nome feminino",ʒe.o.po.lˈi.tʃi.kə
ge·o·po·lí·ti·co,adjetivo,ʒe.o.po.lˈi.tʃi.kʊ
ge·o·quí·mi·ca,"nome feminino",ʒe.o.kˈi.mi.kə
ge·o·quí·mi·co,adjetivo,ʒe.o.kˈi.mi.kʊ
ge·or·gi·a·na,"nome feminino",ʒe.oɾ.ʒjˈə.nə
ge·or·gi·a·no,"nome masculino",ʒe.oɾ.ʒjˈə.nʊ
ge·or·gi·a·no,adjetivo,ʒe.oɾ.ʒjˈə.nʊ
ge·ór·gi·ca,"nome feminino",ʒe.ˈɔɾ.ʒi.kə
ge·ór·gi·co,adjetivo,ʒe.ˈɔɾ.ʒi.kʊ
ge·os·tra·té·gi·co,adjetivo,ʒe.os.tɾa.tˈɛ.ʒi.kʊ
ge·o·tec·ni·a,"nome feminino",ʒe.o.te.ki.nˈi.jə
ge·o·téc·ni·co,adjetivo,ʒe.o.tˈɛ.ki.ni.kʊ
ge·o·ter·mi·a,"nome feminino",ʒe.o.teɾ.mˈi.jə
ge·o·tér·mi·co,adjetivo,ʒe.o.tˈɛɾ.mi.kʊ
ge·ra,"nome feminino",ʒˈɛ.ɾə
ge·ra·ção,"nome feminino",ʒe.ɾa.sˈə̃w
ge·ra·ci·o·nal,adjetivo,ʒe.ɾa.si.o.nˈaw
ge·ra·dor,"nome masculino",ʒe.ɾa.dˈoɾ
ge·ra·dor,adjetivo,ʒe.ɾa.dˈoɾ
ge·ra·do·ra,"nome feminino",ʒe.ɾa.dˈo.ɾə
ge·ral,"nome feminino",ʒe.ɾˈaw
ge·ral,"nome masculino",ʒe.ɾˈaw
ge·ral,adjetivo,ʒe.ɾˈaw
ge·ral·men·te,advérbio,ʒe.ɾaw.mˈẽj.tʃi
"ge·râ·ni· o","nome masculino",ʒe.ɾˈə.njʊ
ge·rar,verbo,ʒe.ɾˈa
ge·ra·triz,"nome feminino",ʒe.ɾa.tɾˈis
ger·be·ra,"nome feminino",ʒeɾ.bˈɛ.ɾə
ger·bo,"nome masculino",ʒˈɛɾ.bʊ
"ge·rên·ci· a","nome feminino",ʒe.ɾˈẽj.sjə
ge·ren·ci·ar,verbo,ʒe.ɾẽ.sjˈa
ge·ren·te,adjetivo,ʒe.ɾˈẽj.tʃi
ge·ren·te,"nome masculino",ʒe.ɾˈẽj.tʃi
ge·ren·te,"nome feminino",ʒe.ɾˈẽj.tʃi
ge·ri·a·tri·a,"nome feminino",ʒe.ɾja.tɾˈi.jə
ge·ri·á·tri·co,adjetivo,ʒe.ɾjˈa.tɾi.kʊ
ge·ri·do,adjetivo,ʒe.ɾˈi.dʊ
ge·rin·gon·ça,"nome feminino",ʒe.ɾĩɲ.gˈõ.sə
ge·rir,verbo,ʒe.ɾˈi
ger·ma·na,"nome feminino",ʒeɾ.mˈə.nə
ger·ma·nar,verbo,ʒeɾ.ma.nˈa
ger·mâ·ni·ca,"nome feminino",ʒeɾ.mˈə.ni.kə
ger·mâ·ni·co,"nome masculino",ʒeɾ.mˈə.ni.kʊ
ger·mâ·ni·co,adjetivo,ʒeɾ.mˈə.ni.kʊ
ger·ma·ni·da·de,"nome feminino",ʒeɾ.ma.ni.dˈa.dʒi
"ger·mâ·ni· o","nome masculino",ʒeɾ.mˈə.njʊ
ger·ma·nis·mo,"nome masculino",ʒeɾ.ma.nˈiz.mʊ
ger·ma·nis·ta,"nome masculino",ʒeɾ.ma.nˈis.tə
ger·ma·nis·ta,adjetivo,ʒeɾ.ma.nˈis.tə
ger·ma·nis·ta,"nome feminino",ʒeɾ.ma.nˈis.tə
ger·ma·nís·ti·ca,"nome feminino",ʒeɾ.ma.nˈis.tʃi.kə
ger·ma·nís·ti·co,adjetivo,ʒeɾ.ma.nˈis.tʃi.kʊ
ger·ma·ni·za·ção,"nome feminino",ʒeɾ.ma.ni.za.sˈə̃w
ger·ma·ni·zar,verbo,ʒeɾ.ma.ni.zˈa
ger·ma·no,"nome masculino",ʒeɾ.mˈə.nʊ
ger·ma·no,adjetivo,ʒeɾ.mˈə.nʊ
ger·ma·nó·fi·la,"nome feminino",ʒeɾ.ma.nˈɔ.fi.lə
ger·ma·no·fi·li·a,"nome feminino",ʒeɾ.ma.nɔ.fi.lˈi.jə
ger·ma·nó·fi·lo,adjetivo,ʒeɾ.ma.nˈɔ.fi.lʊ
ger·ma·nó·fi·lo,"nome masculino",ʒeɾ.ma.nˈɔ.fi.lʊ
ger·me,"nome masculino",ʒˈɛɾ.mi
gér·men,"nome masculino",ʒˈɛɾ.mẽj
ger·mi·ci·da,adjetivo,ʒeɾ.mi.sˈi.də
ger·mi·na·ção,"nome feminino",ʒeɾ.mi.na.sˈə̃w
ger·mi·nal,adjetivo,ʒeɾ.mi.nˈaw
ger·mi·nal,"nome masculino",ʒeɾ.mi.nˈaw
ger·mi·nar,verbo,ʒeɾ.mi.nˈa
ger·mi·na·ti·vo,adjetivo,ʒeɾ.mi.na.tʃˈi.vʊ
ge·ro,"nome masculino",ʒˈɛ.ɾʊ
ge·ron·te,"nome masculino",ʒe.ɾˈõ.tʃi
ge·ron·to·cra·ci·a,"nome feminino",ʒe.ɾõ.to.kɾa.sˈi.jə
ge·ron·to·lo·gi·a,"nome feminino",ʒe.ɾõ.to.lo.ʒˈi.jə
"ge·rún·di· o","nome masculino",ʒe.ɾˈũ.dʒjʊ
ges·sar,verbo,ʒe.sˈa
ges·so,"nome masculino",ʒˈe.sʊ
ges·ta,"nome feminino",ʒˈɛs.tə
ges·ta·ção,"nome feminino",ʒes.ta.sˈə̃w
ges·tão,"nome feminino",ʒes.tˈə̃w
ges·ti·cu·la·ção,"nome feminino",ʒes.tʃi.ku.la.sˈə̃w
ges·ti·cu·la·do,adjetivo,ʒes.tʃi.ku.lˈa.dʊ
ges·ti·cu·lar,verbo,ʒes.tʃi.ku.lˈa
ges·to,"nome masculino",ʒˈɛs.tʊ
ges·tor,"nome masculino",ʒes.tˈoɾ
ges·to·ra,"nome feminino",ʒes.tˈo.ɾə
ges·tu·al,adjetivo,ʒes.twˈaw
ges·tu·a·li·da·de,"nome feminino",ʒes.twa.li.dˈa.dʒi
"gey· ser","nome masculino",
"ghet· to","nome masculino",
gi·ar·di·a,"nome feminino",ʒjaɾ.dʒˈi.jə
gi·ba,"nome feminino",ʒˈi.bə
gi·bão,"nome masculino",ʒi.bˈə̃w
gi·bral·ta·ri·no,"nome masculino",ʒi.bɾaw.ta.ɾˈi.nʊ
gi·bral·ta·ri·no,adjetivo,ʒi.bɾaw.ta.ɾˈi.nʊ
gi·bral·ti·no,adjetivo,ʒi.bɾaw.tʃˈi.nʊ
gi·bral·ti·no,"nome masculino",ʒi.bɾaw.tʃˈi.nʊ
gi·es·ta,"nome feminino",ʒi.ˈɛs.tə
gi·es·tal,"nome masculino",ʒi.ɛs.tˈaw
gi·es·tei·ra,"nome feminino",ʒi.ɛs.tˈej.ɾə
gi·ga,"nome feminino",ʒˈi.gə
gi·ga·by·te,"nome masculino",
gi·gan·te,adjetivo,ʒi.gˈə̃.tʃi
gi·gan·te,"nome masculino",ʒi.gˈə̃.tʃi
gi·gan·tes·ca·men·te,advérbio,ʒi.gə̃.tes.ka.mˈẽj.tʃi
gi·gan·tes·co,adjetivo,ʒi.gə̃.tˈes.kʊ
gi·gân·ti·co,adjetivo,ʒi.gˈə̃.tʃi.kʊ
gi·gan·tis·mo,"nome masculino",ʒi.gə̃.tʃˈiz.mʊ
gi·gan·to·ne,"nome masculino",ʒi.gə̃.tˈɔ.ni
"gi· ga· watt","nome masculino",
"gi· go· lo","nome masculino",ʒi.go.lˈo
gi·la,"nome feminino",ʒˈi.lə
"gil· bert","nome masculino",
"gi· let","nome masculino",
gi·le·te,"nome masculino",ʒi.lˈɛ.tʃi
gi·le·te,"nome feminino",ʒi.lˈɛ.tʃi
gi·lis·ta,"nome feminino","ʒi.lˈis.tə ou ʒi.lˈis.tə"
gi·lis·ta,adjetivo,ʒi.lˈis.tə
gim,"nome masculino",ʒˈiɲ
gím·ni·co,adjetivo,ʒˈimi.ni.kʊ
gim·no·des·por·ti·vo,adjetivo,ʒimə.no.des.poɾ.tʃˈi.vʊ
gin,"nome masculino",ʒˈĩ
gi·na·si·a·no,adjetivo,ʒi.na.zjˈə.nʊ
"gi·ná·si· o","nome masculino",ʒi.nˈa.zju
gi·nas·ta,"nome feminino",ʒi.nˈas.tə
gi·nas·ta,"nome masculino",ʒi.nˈas.tə
gi·nás·ti·ca,"nome feminino",ʒi.nˈas.tʃi.kə
gi·nas·ti·ca·do,adjetivo,ʒi.nas.tʃi.kˈa.dʊ
gi·nas·ti·ca·men·te,advérbio,ʒi.nas.tʃi.ka.mˈẽj.tʃi
gi·nás·ti·co,adjetivo,ʒi.nˈas.tʃi.kʊ
gin·ca·na,"nome feminino",ʒĩ.kˈə.nə
gin·dun·go,"nome masculino",ʒĩ.dˈũ.gʊ
gi·ne·ceu,"nome masculino",ʒi.ne.sˈew
gi·ne·co·lo·gi·a,"nome feminino",ʒi.ne.ko.lo.ʒˈi.jə
gi·ne·co·ló·gi·co,adjetivo,ʒi.ne.ko.lˈɔ.ʒi.kʊ
gi·ne·co·lo·gis·ta,"nome masculino",ʒi.ne.ko.lo.ʒˈis.tə
gi·ne·co·lo·gis·ta,"nome feminino",ʒi.ne.ko.lo.ʒˈis.tə
gi·ne·ta,"nome feminino",ʒi.nˈe.tə
gi·ne·te,"nome masculino",ʒi.nˈe.tʃi
gi·ne·to,"nome masculino",ʒi.nˈe.tʊ
gin·ga,"nome feminino",ʒˈĩ.gə
gin·gão,"nome masculino",ʒĩɲ.gˈə̃w
gin·gão,adjetivo,ʒĩɲ.gˈə̃w
gin·gar,verbo,ʒĩɲ.gˈa
gin·gu·ba,"nome feminino",ʒĩɲ.gˈu.bə
gin·ja,"nome masculino",ʒˈĩ.ʒə
gin·ja,"nome feminino",ʒˈĩ.ʒə
gin·jal,"nome masculino",ʒĩ.ʒˈaw
gin·jei·ra,"nome feminino",ʒĩ.ʒˈej.ɾə
gin·ji·nha,"nome feminino",ʒĩ.ʒˈi.ɲə
gin·seng,"nome masculino",
gi·o,"nome masculino",ʒˈi.ʊ
gi·ra,"nome masculino",ʒˈi.ɾə
gi·ra,"nome feminino",ʒˈi.ɾə
gi·ra-dis·cos,"nome masculino",ʒˈi.ɾə.dʒˈis.kʊs
gi·ra·ção,"nome feminino",ʒi.ɾa.sˈə̃w
gi·ra·fa,"nome feminino",ʒi.ɾˈa.fə
gi·rân·do·la,"nome feminino",ʒi.ɾˈə̃.do.lə
gi·rar,verbo,ʒi.ɾˈa
gi·ras·sol,"nome masculino",ʒi.ɾa.sˈɔw
"gi·ra·tó·ri· o",adjetivo,ʒi.ɾa.tˈɔ.ɾjʊ
"gí·ri· a","nome feminino","ʒˈi.ɾjə ou ʒˈi.ɾjə"
gi·ri·no,"nome masculino",ʒi.ɾˈi.nʊ
"gí·ri· o",adjetivo,ʒˈi.ɾjʊ
gi·rís·si·mo,adjetivo,ʒi.ɾˈi.si.mʊ
gi·ro,"nome masculino",ʒˈi.ɾʊ
gi·ro,adjetivo,ʒˈi.ɾʊ
gi·ron·da,"nome feminino",ʒi.ɾˈõ.də
gi·ron·di·no,"nome masculino",ʒi.ɾõ.dʒˈi.nʊ
"gi·ros·có·pi· o","nome masculino",ʒi.ɾos.kˈɔ.pjʊ
gi·ta,"nome feminino",ʒˈi.tə
gi·ta·na,"nome feminino",ʒi.tˈə.nə
gi·ta·no,adjetivo,ʒi.tˈə.nʊ
gi·ta·no,"nome masculino",ʒi.tˈə.nʊ
giz,"nome masculino",ʒˈis
gi·zar,verbo,ʒi.zˈa
gla·ce,"nome feminino",glˈa.si
gla·cé,adjetivo,gla.sˈe
gla·cé,"nome masculino",gla.sˈe
gla·ci·a·ção,"nome feminino",gla.sja.sˈə̃w
gla·ci·al,adjetivo,gla.sjˈaw
gla·ci·al·men·te,advérbio,gla.sjaw.mˈẽj.tʃi
gla·ci·ar,verbo,gla.sjˈa
gla·ci·ar,"nome masculino",gla.sjˈaɾ
gla·ci·o·lo·gi·a,"nome feminino",gla.si.o.lo.ʒˈi.jə
gla·di·a·dor,"nome masculino",gla.dʒja.dˈoɾ
gla·di·ar,verbo,gla.dʒjˈa
"glá·di· o","nome masculino",glˈa.dʒjʊ
gla·dí·o·lo,"nome masculino",gla.dʒˈi.o.lʊ
gla·go·lí·ti·co,adjetivo,gla.go.lˈi.tʃi.kʊ
glam,"nome masculino",glˈam
gla·mo·ro·so,adjetivo,gla.mo.ɾˈo.zʊ
"gla· mour","nome masculino",
gla·mou·ro·so,adjetivo,gla.mo.ɾˈo.zʊ
glan·de,"nome feminino",glˈə̃.dʒi
glân·du·la,"nome feminino",glˈə̃.du.lə
glan·du·lar,adjetivo,glə̃.du.lˈaɾ
"glas· nost","nome feminino",
"gláu·ci· a","nome feminino",glˈaw.sjə
"gláu·ci· o","nome masculino",glˈaw.sjʊ
glau·co,adjetivo,glˈaw.kʊ
glau·co·ma,"nome masculino",glaw.kˈo.mə
gle·ba,"nome feminino",glˈɛ.bə
gli·al,adjetivo,gljˈaw
"gli·cé·mi· a","nome feminino",gli.sˈɛ.mjə
gli·ce·mi·a,"nome feminino",gli.se.mˈi.jə
gli·ce·ri·na,"nome feminino",gli.se.ɾˈi.nə
gli·ce·ri·nar,verbo,gli.se.ɾi.nˈa
glí·ci·do,"nome masculino",glˈi.si.du
gli·ci·na,"nome feminino",gli.sˈi.nə
"gli·cí·ni· a","nome feminino",gli.sˈi.njə
"gli·co·gé·ni· o","nome masculino",gli.ko.ʒˈɛ.njʊ
gli·co·pro·te·í·na,"nome feminino",gli.ko.pɾo.te.ˈi.nə
gli·co·se,"nome feminino",gli.kˈɔ.zi
"gli·co·sú·ri· a","nome feminino",gli.ko.zˈu.ɾjə
gli·de,"nome feminino",glˈi.dʒi
gli·o·blas·to·ma,"nome masculino",gli.o.blas.tˈo.mə
gli·o·ma,"nome masculino",gli.ˈo.mə
glo·bal,adjetivo,glo.bˈaw
glo·ba·li·da·de,"nome feminino",glo.ba.li.dˈa.dʒi
glo·ba·lis·mo,"nome masculino",glo.ba.lˈiz.mʊ
glo·ba·lis·ta,"nome feminino",glo.ba.lˈis.tə
glo·ba·lis·ta,"nome masculino",glo.ba.lˈis.tə
glo·ba·li·za·ção,"nome feminino",glo.ba.li.za.sˈə̃w
glo·ba·li·za·do,adjetivo,glo.ba.li.zˈa.dʊ
glo·ba·li·zan·te,adjetivo,glo.ba.li.zˈə̃.tʃi
glo·ba·li·zar,verbo,glo.ba.li.zˈa
glo·bal·men·te,advérbio,glo.baw.mˈẽj.tʃi
"glo· be· trot· ter","nome masculino",
glo·bo,"nome masculino",glˈo.bʊ
glo·bo·so,adjetivo,glo.bˈo.zʊ
glo·bu·lar,adjetivo,glo.bu.lˈaɾ
glo·bu·li·na,"nome feminino",glo.bu.lˈi.nə
gló·bu·lo,"nome masculino",glˈɔ.bu.lʊ
glo·cal,adjetivo,glo.kˈaw
"gló·ri· a","nome feminino",glˈɔ.ɾjə
glo·ri·ar,verbo,glo.ɾjˈa
glo·ri·fi·ca·ção,"nome feminino",glo.ɾi.fi.ka.sˈə̃w
glo·ri·fi·ca·do,"nome masculino",glo.ɾi.fi.kˈa.dʊ
glo·ri·fi·ca·do,adjetivo,glo.ɾi.fi.kˈa.dʊ
glo·ri·fi·ca·dor,"nome masculino",glo.ɾi.fi.ka.dˈoɾ
glo·ri·fi·ca·dor,adjetivo,glo.ɾi.fi.ka.dˈoɾ
glo·ri·fi·car,verbo,glo.ɾi.fi.kˈa
glo·ri·o·sa·men·te,advérbio,glo.ɾi.o.za.mˈẽj.tʃi
glo·ri·o·so,adjetivo,glo.ɾi.ˈo.zʊ
glo·sa,"nome feminino",glˈɔ.zə
glo·sar,verbo,glo.zˈa
"glos·sá·ri· o","nome masculino",glo.sˈa.ɾjʊ
glos·so·la·li·a,"nome feminino",glo.so.la.lˈi.jə
glo·te,"nome feminino",glˈɔ.tʃi
glú·ci·do,"nome masculino",glˈu.si.dʊ
glu·co·se,"nome feminino",glu.kˈɔ.zi
glu·ma,"nome feminino",glˈu.mə
glu·me·la,"nome feminino",glu.mˈɛ.lə
glu·ta·ma·to,"nome masculino",glu.ta.mˈa.tʊ
glu·ta·mi·na,"nome feminino",glu.ta.mˈi.nə
glu·tão,adjetivo,glu.tˈə̃w
glu·tão,"nome masculino",glu.tˈə̃w
glú·ten,"nome masculino",glˈu.tẽj
glu·to·na,"nome feminino",glu.tˈo.nə
gno·mo,"nome masculino",gə.nˈo.mʊ
gnó·mon,"nome masculino",gə.nˈɔ.mõ
gno·se,"nome feminino",gə.nˈɔ.zi
gno·si·o·ló·gi·co,adjetivo,gə.no.zi.o.lˈɔ.ʒi.kʊ
gnos·ti·cis·mo,"nome masculino",gə.nos.tʃi.sˈiz.mʊ
gnós·ti·co,adjetivo,gə.nˈɔs.tʃi.kʊ
gnós·ti·co,"nome masculino",gə.nˈɔs.tʃi.kʊ
gnu,"nome masculino",gə.nˈu
go·be·lim,"nome masculino",gɔ.be.lˈiɲ
go·da,"nome feminino",gˈo.də
go·dé,"nome masculino",gɔ.dˈɛ
"go· det",adjetivo,
"go· det","nome masculino",
go·do,"nome masculino",gˈo.dʊ
go·do,adjetivo,gˈo.dʊ
go·e·la,"nome masculino",gwˈɛ.lə
go·e·la,"nome feminino",gwˈɛ.lə
go·e·lar,verbo,go.ɛ.lˈa
go·ês,"nome masculino",gwˈes
go·ês,adjetivo,gwˈes
go·e·sa,"nome feminino",gwˈe.zə
go·go,"nome masculino",gˈo.gʊ
goi·á,"nome masculino",goj.ˈa
goi·a·ba,"nome feminino",goj.ˈa.bə
goi·a·ba·da,"nome feminino",goj.a.bˈa.də
goi·a·na,"nome feminino",goj.ˈə.nə
goi·a·no,adjetivo,goj.ˈə.nʊ
goi·a·no,"nome masculino",goj.ˈə.nʊ
goi·va,"nome feminino",gˈoj.və
goi·var,verbo,goj.vˈa
goi·vo,"nome masculino",gˈoj.vʊ
gol,"nome masculino",gˈow
go·la,"nome feminino",gˈɔ.lə
go·la·da,"nome feminino",go.lˈa.də
gol·den,adjetivo,
go·le,"nome masculino",gˈɔ.li
go·le·a·da,"nome feminino",go.li.ˈa.də
go·le·a·dor,adjetivo,go.li.a.dˈoɾ
go·le·a·dor,"nome masculino",go.li.a.dˈoɾ
go·le·a·do·ra,"nome feminino",go.li.a.dˈo.ɾə
go·le·ar,verbo,go.li.ˈa
go·le·ga·nen·se,adjetivo,go.le.ga.nˈẽj.si
go·le·ga·nen·se,"nome masculino","go.le.ga.nˈẽj.si ou go.le.ga.nˈẽj.si"
go·lei·ro,"nome masculino",go.lˈej.ɾʊ
go·les,"nome masculino",gˈɔ.lis
golf,"nome masculino",
gol·fa·da,"nome feminino",gow.fˈa.də
gol·fão,"nome masculino",gˈow.fə̃w
gol·far,verbo,gow.fˈa
gol·fe,"nome masculino",gˈow.fi
gol·fi·nho,"nome masculino",gow.fˈi.ɲʊ
gol·fis·ta,"nome masculino",gow.fˈis.tə
gol·fis·ta,"nome feminino",gow.fˈis.tə
gol·fís·ti·co,adjetivo,gɔw.fˈis.tʃi.kʊ
gol·fo,"nome masculino",gˈow.fʊ
gól·go·ta,"nome masculino",gˈɔw.go.tə
go·lo,"nome masculino",gˈo.lʊ
gol·pa·da,"nome masculino",gow.pˈa.də
gol·pe,"nome masculino",gˈɔw.pi
gol·pe·a·do,adjetivo,gow.pi.ˈa.dʊ
gol·pe·ar,verbo,gow.pi.ˈa
gol·pis·mo,"nome masculino",gow.pˈiz.mʊ
gol·pis·ta,adjetivo,gow.pˈis.tə
gol·pis·ta,"nome feminino",gow.pˈis.tə
gol·pis·ta,"nome masculino",gow.pˈis.tə
go·ma,"nome feminino",gˈɔ.mə
go·ma·do,adjetivo,go.mˈa.dʊ
go·mar,verbo,go.mˈa
go·mil,"nome masculino",go.mˈiw
go·mo,"nome masculino",gˈo.mʊ
go·na·do·tro·fi·na,"nome feminino",gɔ.na.dɔ.tɾo.fˈi.nə
go·nar,verbo,go.nˈa
gon·ça·li·nho,"nome masculino",gõ.sa.lˈi.ɲʊ
gon·çal·vis·mo,"nome masculino",gõ.saw.vˈiz.mʊ
gon·çal·vis·ta,adjetivo,gõ.saw.vˈis.tə
gon·çal·vis·ta,"nome masculino","gõ.saw.vˈis.tə ou gõ.saw.vˈis.tə"
gon·do,"nome masculino",gˈõ.dʊ
gôn·do·la,"nome feminino",gˈõ.do.lə
gon·do·lar,verbo,gõ.do.lˈa
gon·do·lei·ro,"nome masculino",gõ.do.lˈej.ɾʊ
gon·do·ma·ren·se,"nome masculino","gõ.do.ma.ɾˈẽj.si ou gõ.do.ma.ɾˈẽj.si"
gon·do·ma·ren·se,adjetivo,gõ.do.ma.ɾˈẽj.si
gong,"nome masculino",
gon·ga,"nome feminino",gˈõ.gə
gon·go,"nome masculino",gˈõ.gʊ
gon·go·ri·ca·men·te,advérbio,gõ.gɔ.ɾi.ka.mˈẽj.tʃi
gon·gó·ri·co,adjetivo,gõ.gˈɔ.ɾi.kʊ
gon·go·ris·mo,"nome masculino",gõ.go.ɾˈiz.mʊ
go·ni·ó·me·tro,"nome masculino",go.ni.ˈɔ.me.tɾʊ
go·nor·rei·a,"nome feminino",go.no.xˈɛj.jə
go·no·zoi·de,"nome masculino",gɔ.nɔ.zˈɔj.dʒi
gon·zo,"nome masculino",gˈõ.zʊ
"good· bye",interjeição,
"good· will","nome feminino",
go·ra·do,adjetivo,go.ɾˈa.dʊ
go·ral,"nome masculino",go.ɾˈaw
go·rar,verbo,go.ɾˈa
go·raz,"nome masculino",go.ɾˈas
gor·da,"nome feminino",gˈoɾ.də
"gór·di· o","nome masculino",gˈɔɾ.dʒjʊ
"gór·di· o",adjetivo,gˈɔɾ.dʒjʊ
gor·do,adjetivo,gˈoɾ.dʊ
gor·do,"nome masculino",gˈoɾ.dʊ
gor·du·cha,"nome feminino",goɾ.dˈu.ʃə
gor·du·cho,adjetivo,goɾ.dˈu.ʃʊ
gor·du·cho,"nome masculino",goɾ.dˈu.ʃʊ
gor·du·ra,"nome feminino",goɾ.dˈu.ɾə
gor·du·ren·to,adjetivo,goɾ.du.ɾˈẽj.tʊ
gor·du·ro·so,adjetivo,goɾ.du.ɾˈo.zʊ
gor·go·le·jar,verbo,goɾ.go.le.ʒˈa
gór·go·na,"nome feminino",gˈɔɾ.go.nə
gor·gon·zo·la,"nome masculino",goɾ.gõ.zˈɔ.lə
gor·gu·lho,"nome masculino",goɾ.gˈu.ʎʊ
go·ri·la,"nome masculino",go.ɾˈi.lə
gor·jei·o,"nome masculino",goɾ.ʒˈej.jʊ
gor·je·ta,"nome feminino",goɾ.ʒˈe.tə
gor·nir,verbo,gor.nˈi
go·ro,adjetivo,gˈo.ɾʊ
gor·ra,"nome feminino",gˈo.xə
gor·ro,"nome masculino",gˈo.xʊ
gos·ma,"nome masculino",gˈɔz.mə
gos·ma,"nome feminino",gˈɔz.mə
gos·mar,verbo,goz.mˈa
gos·pel,"nome masculino",gɔs.pˈɛw
gos·tar,verbo,gos.tˈa
gos·ti·nho,"nome masculino",gos.tʃˈi.ɲʊ
gos·to,"nome masculino",gˈos.tʊ
gos·to·sa·men·te,advérbio,gos.to.za.mˈẽj.tʃi
gos·to·so,adjetivo,gos.tˈo.zʊ
go·ta,"nome feminino",gˈo.tə
go·tei·ra,"nome feminino",go.tˈej.ɾə
go·te·ja·dor,"nome masculino",go.te.ʒa.dˈoɾ
go·te·ja·dor,adjetivo,go.te.ʒa.dˈoɾ
go·te·jan·te,adjetivo,go.te.ʒˈə̃.tʃi
go·te·jar,verbo,go.te.ʒˈa
gó·ti·co,adjetivo,gˈɔ.tʃi.kʊ
gó·ti·co,"nome masculino",gˈɔ.tʃi.kʊ
go·tí·cu·la,"nome feminino",go.tʃˈi.ku.lə
go·to,"nome masculino",gˈo.tʊ
"gou· lag","nome masculino",
go·ur·de,"nome feminino",
"gour· met","nome masculino",
gou·vei·o,"nome masculino",go.vˈej.jʊ
gou·vei·o,adjetivo,go.vˈej.jʊ
go·ver·na·bi·li·da·de,"nome feminino",go.ver.na.bi.li.dˈa.dʒi
go·ver·na·ção,"nome feminino",go.ver.na.sˈə̃w
go·ver·na·da·men·te,advérbio,go.ver.na.da.mˈẽj.tʃi
go·ver·na·do,adjetivo,go.ver.nˈa.dʊ
go·ver·na·dor,"nome masculino",go.ver.na.dˈoɾ
go·ver·na·dor,adjetivo,go.ver.na.dˈoɾ
go·ver·na·dor-ge·ral,"nome masculino",go.ver.na.dˌor.ʒe.ɾˈaw
go·ver·na·do·ra,"nome feminino",go.ver.na.dˈo.ɾə
go·ver·na·men·tal,adjetivo,go.ver.na.mẽ.tˈaw
go·ver·na·men·tal,"nome masculino",go.ver.na.mẽ.tˈaw
go·ver·na·men·tal,"nome feminino",go.ver.na.mẽ.tˈaw
go·ver·na·men·ta·lis·mo,"nome masculino",go.ver.na.mẽ.ta.lˈiz.mʊ
go·ver·na·men·ta·li·za·ção,"nome feminino",go.ver.na.mẽ.ta.li.za.sˈə̃w
go·ver·na·men·ta·li·zar,verbo,go.ver.na.mẽ.ta.li.zˈa
go·ver·na·men·tal·men·te,advérbio,go.ver.na.mẽ.taw.mˈẽj.tʃi
go·ver·nan·ça,"nome feminino",go.ver.nˈə̃.sə
go·ver·nan·ta,"nome feminino",go.ver.nˈə̃.tə
go·ver·nan·te,"nome masculino",go.ver.nˈə̃.tʃi
go·ver·nan·te,"nome feminino",go.ver.nˈə̃.tʃi
go·ver·nan·te,adjetivo,go.ver.nˈə̃.tʃi
go·ver·nar,verbo,go.ver.nˈa
go·ver·na·ti·vo,adjetivo,go.ver.na.tʃˈi.vʊ
go·ver·ná·vel,adjetivo,go.ver.nˈa.vew
go·ver·nis·ta,"nome masculino",go.ver.nˈis.tə
go·ver·nis·ta,adjetivo,go.ver.nˈis.tə
go·ver·nis·ta,"nome feminino",go.ver.nˈis.tə
go·ver·no,"nome masculino",go.vˈer.nʊ
go·ver·no-ge·ral,"nome masculino",go.vˌer.nʊ.ʒe.ɾˈaw
go·ver·no-som·bra,"nome masculino",go.vˌer.nʊ.sˈõ.bɾə
go·za·ção,"nome feminino",go.za.sˈə̃w
go·za·do,adjetivo,go.zˈa.dʊ
go·zão,"nome masculino",go.zˈə̃w
go·zão,adjetivo,go.zˈə̃w
go·zar,verbo,go.zˈa
go·zo,"nome masculino",gˈo.zʊ
grã,"nome feminino",gɾˈə̃
grã-cruz,"nome feminino","gɾˌə̃.kɾˈus ou gɾˌə̃.kɾˈus"
grã-du·ca·do,"nome masculino",gɾˌə̃.du.kˈa.dʊ
grã-du·que·sa,"nome feminino",gɾˌə̃.du.kˈe.zə
gra·al,"nome masculino",gɾa.ˈaw
gra·ba·to,"nome masculino",gɾa.bˈa.tʊ
gra·ça,"nome feminino",gɾˈa.sə
gra·ce·jar,verbo,gɾa.se.ʒˈa
gra·ce·jo,"nome masculino",gɾa.sˈe.ʒʊ
grá·cil,adjetivo,gɾˈa.siw
gra·cil·men·te,advérbio,gɾa.siw.mˈẽj.tʃi
gra·ci·nha,"nome feminino",gɾa.sˈi.ɲə
gra·ci·o·sa,"nome feminino",gɾa.si.ˈɔ.zə
gra·ci·o·sa·men·te,advérbio,gɾa.si.o.za.mˈẽj.tʃi
gra·ci·o·si·da·de,"nome feminino",gɾa.si.o.zi.dˈa.dʒi
gra·ci·o·so,adjetivo,gɾa.si.ˈo.zʊ
gra·ci·o·so,"nome masculino",gɾa.si.ˈo.zʊ
gra·ço·la,"nome masculino","gɾa.sˈɔ.lə ou gɾa.sˈɔ.lə"
gra·ço·lar,verbo,gɾa.so.lˈa
gra·da,"nome feminino",gɾˈa.də
gra·da·ção,"nome feminino",gɾa.da.sˈə̃w
gra·dar,verbo,gɾa.dˈa
gra·da·ti·va·men·te,advérbio,gɾa.da.tʃi.va.mˈẽj.tʃi
gra·da·ti·vo,adjetivo,gɾa.da.tʃˈi.vʊ
gra·de,"nome feminino",gɾˈa.dʒi
gra·de·a·do,adjetivo,gɾa.dʒi.ˈa.dʊ
gra·de·a·do,"nome masculino",gɾa.dʒi.ˈa.dʊ
gra·de·a·men·to,"nome masculino",gɾa.dʒi.a.mˈẽj.tʊ
gra·de·ar,verbo,gɾa.dʒi.ˈa
gra·di·en·te,"nome masculino",gɾa.dʒi.ˈẽj.tʃi
gra·dil,"nome masculino",gɾa.dʒˈiw
gra·dim,"nome masculino",gɾa.dʒˈiɲ
gra·do,adjetivo,gɾˈa.dʊ
gra·do,"nome masculino",gɾˈa.dʊ
gra·du·a·ção,"nome feminino",gɾa.dwa.sˈə̃w
gra·du·a·da·men·te,advérbio,gɾa.dwa.da.mˈẽj.tʃi
gra·du·a·do,adjetivo,gɾa.dwˈa.dʊ
gra·du·a·do,"nome masculino",gɾa.dwˈa.dʊ
gra·du·al,"nome masculino",gɾa.dwˈaw
gra·du·al,adjetivo,gɾa.dwˈaw
gra·du·a·lis·mo,"nome masculino",gɾa.dwa.lˈiz.mʊ
gra·du·al·men·te,advérbio,gɾa.dwaw.mˈẽj.tʃi
gra·du·an·do,"nome masculino",gɾa.dwˈə̃.dʊ
gra·du·ar,verbo,gɾa.dwˈa
gra·far,verbo,gɾa.fˈa
"graf· fi· ti","nome masculino",
gra·fi·a,"nome feminino",gɾa.fˈi.jə
grá·fi·ca,"nome feminino",gɾˈa.fi.kə
gra·fi·ca·men·te,advérbio,gɾa.fi.ka.mˈẽj.tʃi
grá·fi·co,adjetivo,gɾˈa.fi.kʊ
grá·fi·co,"nome masculino",gɾˈa.fi.kʊ
gra·fis·mo,"nome masculino",gɾa.fˈiz.mʊ
gra·fi·tar,verbo,gɾa.fi.tˈa
gra·fi·te,"nome feminino",gɾa.fˈi.tʃi
gra·fi·ti,"nome masculino",gɾa.fi.tʃˈi
gra·fi·to,"nome masculino",gɾa.fˈi.tʊ
gra·fo,"nome masculino",gɾˈa.fʊ
gra·fo·lo·gi·a,"nome feminino",gɾa.fo.lo.ʒˈi.jə
gra·fo·ló·gi·co,adjetivo,gɾa.fo.lˈɔ.ʒi.kʊ
gra·fó·lo·go,"nome masculino",gɾa.fˈɔ.lo.gʊ
gra·fo·no·la,"nome feminino",gɾa.fo.nˈɔ.lə
gra·i·nha,"nome feminino",gɾa.ˈi.ɲə
gral,"nome masculino",gɾˈaw
gra·lha,"nome feminino",gɾˈa.ʎə
gra·lha-de-bi·co-ver·me·lho,"nome feminino",gɾˌa.ʎə.dʒi.bi.kʊ.veɾ.mˈe.ʎʊ
gra·lha·da,"nome feminino",gɾa.ʎˈa.də
gra·lhar,verbo,gɾa.ʎˈa
gra·lhei·ra,"nome feminino",gɾa.ʎˈej.ɾə
gra·ma,"nome feminino",gɾˈə.mə
gra·ma,"nome masculino",gɾˈə.mə
gra·ma·do,"nome masculino",gɾa.mˈa.dʊ
gra·ma·do,adjetivo,gɾa.mˈa.dʊ
gra·ma·gem,"nome feminino",gɾa.mˈa.ʒeɲ
gra·mar,verbo,gɾa.mˈa
gra·má·ti·ca,"nome feminino",gɾa.mˈa.tʃi.kə
gra·ma·ti·cal,adjetivo,gɾa.ma.tʃi.kˈaw
gra·ma·ti·ca·li·da·de,"nome feminino",gɾa.ma.tʃi.ka.li.dˈa.dʒi
gra·ma·ti·cal·men·te,advérbio,gɾa.ma.tʃi.kaw.mˈẽj.tʃi
gra·ma·ti·car,verbo,gɾa.ma.tʃi.kˈa
gra·má·ti·co,adjetivo,gɾa.mˈa.tʃi.kʊ
gra·má·ti·co,"nome masculino",gɾa.mˈa.tʃi.kʊ
"gra·mí·ne· a","nome feminino",gɾa.mˈi.njə
"gra·mí·ne· o",adjetivo,gɾa.mˈi.njʊ
gra·mo·fo·ne,"nome masculino",gɾa.mo.fˈɔ.ni
gram·par,verbo,gɾə̃.pˈa
gram·po,"nome masculino",gɾˈə̃.pʊ
gra·na,"nome feminino",gɾˈə.nə
gra·na,"nome masculino",gɾˈə.nə
gra·na·da,"nome feminino",gɾa.nˈa.də
gra·na·dei·ro,"nome masculino",gɾa.na.dˈej.ɾʊ
gra·na·di·na,"nome feminino",gɾa.na.dʒˈi.nə
gra·na·di·no,adjetivo,gɾa.na.dʒˈi.nʊ
gra·na·di·no,"nome masculino",gɾa.na.dʒˈi.nʊ
gra·na·lha,"nome feminino",gɾa.nˈa.ʎə
gra·nar,verbo,gɾa.nˈa
gran·da·lhão,"nome masculino",gɾə̃.da.ʎˈə̃w
gran·da·lhão,adjetivo,gɾə̃.da.ʎˈə̃w
gran·de,"nome masculino",gɾˈə̃.dʒi
gran·de,adjetivo,gɾˈə̃.dʒi
gran·de·men·te,advérbio,gɾə̃.de.mˈẽj.tʃi
gran·des·sís·si·mo,adjetivo,gɾə̃.de.sˈi.si.mʊ
gran·de·za,"nome feminino",gɾə̃.dˈe.zə
gran·di·flo·ro,adjetivo,gɾə̃.dʒi.flˈɔ.ɾʊ
"gran·di·lo·quên·ci· a","nome feminino",gɾə̃.dʒi.lo.kwˈẽj.sjə
gran·di·lo·quen·te,adjetivo,gɾə̃.dʒi.lo.kwˈẽj.tʃi
gran·di·o·sa·men·te,advérbio,gɾə̃.dʒi.ɔ.za.mˈẽj.tʃi
gran·di·o·si·da·de,"nome feminino",gɾə̃.dʒi.o.zi.dˈa.dʒi
gran·di·o·so,adjetivo,gɾə̃.dʒi.ˈo.zʊ
gran·dís·si·mo,adjetivo,gɾə̃.dʒˈi.si.mʊ
gran·do·len·se,adjetivo,gɾə̃.do.lˈẽj.si
gran·do·len·se,"nome masculino","gɾə̃.do.lˈẽj.si ou gɾə̃.do.lˈẽj.si"
gra·nel,"nome masculino",gɾa.nˈɛw
gran·gei·a,"nome feminino",gɾə̃.ʒˈej.jə
gra·nir,verbo,gɾa.nˈi
gra·ni·ta,"nome feminino",gɾa.nˈi.tə
gra·ni·tar,verbo,gɾa.ni.tˈa
gra·ní·ti·co,adjetivo,gɾa.nˈi.tʃi.kʊ
gra·ni·to,"nome masculino",gɾa.nˈi.tʊ
gra·ni·za·da,"nome feminino",gɾa.ni.zˈa.də
gra·ni·zo,"nome masculino",gɾa.nˈi.zʊ
gran·ja,"nome feminino",gɾˈə̃.ʒə
gran·je·ar,verbo,gɾə̃.ʒi.ˈa
gran·jei·a,"nome feminino",gɾə̃.ʒˈej.jə
gran·jei·o,"nome masculino",gɾə̃.ʒˈej.jʊ
gran·jo,"nome masculino",gɾˈə̃.ʒʊ
gra·nu·la·ção,"nome feminino",gɾa.nu.la.sˈə̃w
gra·nu·la·do,adjetivo,gɾa.nu.lˈa.dʊ
gra·nu·lar,verbo,gɾa.nu.lˈa
gra·nu·lar,adjetivo,gɾa.nu.lˈaɾ
grâ·nu·lo,"nome masculino",gɾˈə.nu.lʊ
gra·nu·lo·me·tri·a,"nome feminino",gɾa.nu.lo.me.tɾˈi.jə
gra·nu·lo·sa,"nome feminino",gɾa.nu.lˈɔ.zə
gra·nu·lo·si·da·de,"nome feminino",gɾa.nu.lo.zi.dˈa.dʒi
gra·nu·lo·so,adjetivo,gɾa.nu.lˈo.zʊ
grão,"nome masculino",gɾˈə̃w
grão,adjetivo,gɾˈə̃w
grão-de-bi·co,"nome masculino",gɾˌə̃w.dʒi.bˈi.kʊ
grão-du·ca·do,"nome masculino",gɾˌə̃w.du.kˈa.dʊ
grão-du·que,"nome masculino",gɾˌə̃w.dˈu.ki
grão-mes·tre,"nome masculino",gɾˌə̃w.mˈɛs.tɾi
grão-vi·zir,"nome masculino",gɾˌə̃w.vi.zˈiɾ
grão·zi·nho,"nome masculino",gɾə̃w.zˈi.ɲʊ
gras·nar,verbo,gɾaz.nˈa
gras·ni·do,"nome masculino",gɾaz.nˈi.dʊ
gras·sar,verbo,gɾa.sˈa
gra·ta·men·te,advérbio,gɾa.ta.mˈẽj.tʃi
gra·ti·dão,"nome feminino",gɾa.tʃi.dˈə̃w
gra·ti·fi·ca·ção,"nome feminino",gɾa.tʃi.fi.ka.sˈə̃w
gra·ti·fi·can·te,adjetivo,gɾa.tʃi.fi.kˈə̃.tʃi
gra·ti·fi·car,verbo,gɾa.tʃi.fi.kˈa
gra·ti·na·do,"nome masculino",gɾa.tʃi.nˈa.dʊ
gra·ti·na·do,adjetivo,gɾa.tʃi.nˈa.dʊ
gra·ti·nar,verbo,gɾa.tʃi.nˈa
grá·tis,advérbio,gɾˈa.tʃis
gra·to,adjetivo,gɾˈa.tʊ
gra·tui·da·de,"nome feminino",gɾa.twi.dˈa.dʒi
gra·tui·ta·men·te,advérbio,gɾa.twi.ta.mˈẽj.tʃi
gra·tui·ti·da·de,"nome feminino",gɾa.twi.tʃi.dˈa.dʒi
gra·tui·to,adjetivo,gɾa.twˈi.tʊ
grau,"nome masculino",gɾˈaw
gra·ú·da,"nome feminino",gɾa.ˈu.də
gra·ú·do,adjetivo,gɾa.ˈu.dʊ
gra·ú·do,"nome masculino",gɾa.ˈu.dʊ
gra·va·ção,"nome feminino",gɾa.va.sˈə̃w
gra·va·do,adjetivo,gɾa.vˈa.dʊ
gra·va·dor,"nome masculino",gɾa.va.dˈoɾ
gra·va·dor,adjetivo,gɾa.va.dˈoɾ
gra·va·do·ra,"nome feminino",gɾa.va.dˈo.ɾə
gra·va·me,"nome masculino",gɾa.vˈə.mi
gra·var,verbo,gɾa.vˈa
gra·va·ta,"nome masculino",gɾa.vˈa.tə
gra·va·ta,"nome feminino",gɾa.vˈa.tə
gra·va·tá,"nome masculino",gɾa.va.tˈa
gra·va·ti·nha,"nome masculino",gɾa.va.tʃˈi.ɲə
gra·va·ti·nha,"nome feminino",gɾa.va.tʃˈi.ɲə
gra·va·to,"nome masculino",gɾa.vˈa.tʊ
gra·ve,adjetivo,gɾˈa.vi
gra·ve,"nome masculino",gɾˈa.vi
gra·ve·men·te,advérbio,gɾa.ve.mˈẽj.tʃi
gra·ve·to,"nome masculino",gɾa.vˈe.tʊ
grá·vi·da,"nome feminino",gɾˈa.vi.də
gra·vi·da·de,"nome feminino",gɾa.vi.dˈa.dʒi
gra·vi·dar,verbo,gɾa.vi.dˈa
gra·vi·dez,"nome feminino",gɾa.vi.dˈes
grá·vi·do,adjetivo,gɾˈa.vi.dʊ
gra·vi·lha,"nome feminino",gɾa.vˈi.ʎə
gra·vís·si·mo,adjetivo,gɾa.vˈi.si.mʊ
gra·vi·ta·ção,"nome feminino",gɾa.vi.ta.sˈə̃w
gra·vi·ta·ci·o·nal,adjetivo,gɾa.vi.ta.si.o.nˈaw
gra·vi·tão,"nome masculino",gɾa.vi.tˈə̃w
gra·vi·tar,verbo,gɾa.vi.tˈa
gra·ví·ti·co,adjetivo,gɾa.vˈi.tʃi.kʊ
gra·vi·to,adjetivo,gɾa.vˈi.tʊ
gra·vo·sa·men·te,advérbio,gɾa.vɔ.za.mˈẽj.tʃi
gra·vo·so,adjetivo,gɾa.vˈo.zʊ
gra·vu·ra,"nome feminino",gɾa.vˈu.ɾə
gra·xa,"nome feminino",gɾˈa.ʃə
gra·xo,adjetivo,gɾˈa.ʃʊ
gray,"nome masculino",
gra·zi·na,adjetivo,gɾa.zˈi.nə
gra·zi·na,"nome feminino",gɾa.zˈi.nə
gra·zi·na,"nome masculino",gɾa.zˈi.nə
gra·zi·nar,verbo,gɾa.zi.nˈa
gré,"nome masculino",gɾˈɛ
gre·co-la·ti·no,adjetivo,gɾˌɛ.ko.la.tʃˈi.nʊ
gre·co-ro·ma·no,adjetivo,gɾˌɛ.ko.xo.mˈə.nʊ
green,"nome masculino",
gre·ga,"nome feminino",gɾˈe.gə
gre·ga·men·te,advérbio,gɾe.ga.mˈẽj.tʃi
gre·ga·ri·a·men·te,advérbio,gɾe.ga.ɾja.mˈẽj.tʃi
"gre·gá·ri· o","nome masculino",gɾe.gˈa.ɾjʊ
"gre·gá·ri· o",adjetivo,gɾe.gˈa.ɾjʊ
gre·ga·ris·mo,"nome masculino",gɾe.ga.ɾˈiz.mʊ
gre·go,adjetivo,gɾˈe.gʊ
gre·go,"nome masculino",gɾˈe.gʊ
gre·go·ri·a·no,"nome masculino",gɾe.go.ɾjˈə.nʊ
gre·go·ri·a·no,adjetivo,gɾe.go.ɾjˈə.nʊ
grei,"nome feminino",gɾˈej
gre·la·do,adjetivo,gɾe.lˈa.dʊ
gre·lar,verbo,gɾe.lˈa
gre·lha,"nome feminino",gɾˈɛ.ʎə
gre·lha·do,adjetivo,gɾe.ʎˈa.dʊ
gre·lha·do,"nome masculino",gɾe.ʎˈa.dʊ
gre·lha·dor,"nome masculino",gɾe.ʎa.dˈoɾ
gre·lhar,verbo,gɾe.ʎˈa
gre·lo,"nome masculino",gɾˈe.lʊ
"gré·mi· o","nome masculino",gɾˈɛ.mjʊ
gre·ná,"nome masculino",gɾe.nˈa
gre·ná,adjetivo,gɾe.nˈa
"gre· nat",adjetivo,
"gre· nat","nome masculino",
gre·nha,"nome feminino",gɾˈe.ɲə
grés,"nome masculino",gɾˈɛs
gre·ta,"nome feminino",gɾˈe.tə
gre·ta·do,adjetivo,gɾe.tˈa.dʊ
gre·tar,verbo,gɾe.tˈa
gre·ve,"nome feminino",gɾˈɛ.vi
gre·vis·ta,"nome feminino",gɾe.vˈis.tə
gre·vis·ta,"nome masculino",gɾe.vˈis.tə
gre·vis·ta,adjetivo,gɾe.vˈis.tə
gri·far,verbo,gɾi.fˈa
"grif· fe","nome feminino",
gri·fo,"nome masculino",gɾˈi.fʊ
gri·fo,adjetivo,gɾˈi.fʊ
gri·lar,verbo,gɾi.lˈa
gri·lhão,"nome masculino",gɾi.ʎˈə̃w
gri·lhe·ta,"nome masculino","gɾi.ʎˈe.tə ou gɾi.ʎˈe.tə"
gri·lir,verbo,gɾi.lˈi
grill,"nome masculino",
gri·lo,adjetivo,gɾˈi.lʊ
gri·lo,"nome masculino",gɾˈi.lʊ
gri·nal·da,"nome feminino",gɾi.nˈaw.də
grin·go,"nome masculino",gɾˈĩ.gʊ
gri·pa·do,adjetivo,gɾi.pˈa.dʊ
gri·pal,adjetivo,gɾi.pˈaw
gri·par,verbo,gɾi.pˈa
gri·pe,"nome feminino",gɾˈi.pi
gris,"nome feminino",gɾˈis
gris,adjetivo,gɾˈis
gri·sa·lhar,verbo,gɾi.za.ʎˈa
gri·sa·lho,adjetivo,gɾi.zˈa.ʎʊ
gri·são,"nome masculino",gɾi.zˈə̃w
gri·sar,verbo,gɾi.zˈa
gri·so,"nome masculino",gɾˈi.zʊ
gri·su,"nome masculino",gɾi.zˈu
gri·ta,"nome feminino",gɾˈi.tə
gri·ta·da,"nome feminino",gɾi.tˈa.də
gri·tan·te,adjetivo,gɾi.tˈə̃.tʃi
gri·tar,verbo,gɾi.tˈa
gri·ta·ri·a,"nome feminino",gɾi.ta.ɾˈi.jə
gri·to,"nome masculino",gɾˈi.tʊ
gri·var,verbo,gɾi.vˈa
gro·gue,"nome masculino",gɾˈɔ.gi
gro·gue,adjetivo,gɾˈɔ.gi
gro·nho,"nome masculino",gɾˈo.ɲʊ
groom,"nome masculino",
gro·sa,"nome feminino",gɾˈɔ.zə
gro·sar,verbo,gɾo.zˈa
gro·se·lha,"nome feminino",gɾo.zˈɛ.ʎə
gro·se·lha,adjetivo,gɾo.zˈɛ.ʎə
gross,"nome masculino",
gros·sa,"nome feminino",gɾˈɔ.sə
gros·sei·ra,"nome feminino",gɾo.sˈej.ɾə
gros·sei·ra·men·te,advérbio,gɾo.sej.ɾa.mˈẽj.tʃi
gros·sei·ro,"nome masculino",gɾo.sˈej.ɾʊ
gros·sei·ro,adjetivo,gɾo.sˈej.ɾʊ
gros·se·ri·a,"nome feminino",gɾo.se.ɾˈi.jə
gros·sis·ta,"nome masculino","gɾo.sˈis.tə ou gɾo.sˈis.tə"
gros·so,adjetivo,gɾˈo.sʊ
gros·so,"nome masculino",gɾˈo.sʊ
gros·so,advérbio,gɾˈo.sʊ
gros·su·ra,"nome feminino",gɾo.sˈu.ɾə
gro·tes·ca·men·te,advérbio,gɾo.tes.ka.mˈẽj.tʃi
gro·tes·co,adjetivo,gɾo.tˈes.kʊ
gro·tes·co,"nome masculino",gɾo.tˈes.kʊ
grou,"nome masculino",gɾˈo
gru·a,"nome feminino",gɾˈu.ə
gru·da·do,adjetivo,gɾu.dˈa.dʊ
gru·dar,verbo,gɾu.dˈa
gru·de,"nome feminino",gɾˈu.dʒi
gru·de,"nome masculino",gɾˈu.dʒi
gru·ir,verbo,gɾwˈi
gru·lha,"nome masculino","gɾˈu.ʎə ou gɾˈu.ʎə"
gru·lhar,verbo,gɾu.ʎˈa
gru·me·te,"nome masculino",gɾu.mˈe.tʃi
gru·mo,"nome masculino",gɾˈu.mʊ
"grun· ge","nome masculino",
gru·nhi·do,"nome masculino",gɾu.ɲˈi.dʊ
gru·nhi·dor,"nome masculino",gɾu.ɲi.dˈoɾ
gru·nhi·dor,adjetivo,gɾu.ɲi.dˈoɾ
gru·nhir,verbo,gɾu.ɲˈi
gru·nho,"nome masculino",gɾˈu.ɲʊ
gru·pa·do,adjetivo,gɾu.pˈa.dʊ
gru·par,verbo,gɾu.pˈa
gru·pe·lho,"nome masculino",gɾu.pˈe.ʎʊ
gru·pe·to,"nome masculino",gɾu.pˈe.tʊ
gru·po,"nome masculino",gɾˈu.pʊ
gru·pús·cu·lo,"nome masculino",gɾu.pˈus.ku.lʊ
gru·ta,"nome feminino",gɾˈu.tə
"gru· yèr· e",adjetivo,
"gru· yèr· e","nome masculino",
gua·che,"nome masculino",gwˈa.ʃi
gua·da·me·ci,"nome masculino",gwa.da.me.sˈi
guai,interjeição,gu.ˈaj
gual·dir,verbo,gwaw.dʒˈi
gual·do,adjetivo,gwˈaw.dʊ
gual·te·ri·a·no,adjetivo,gwaw.te.ɾjˈə.nʊ
gua·ni·na,"nome feminino",gwa.nˈi.nə
gua·no,"nome masculino",gwˈə.nʊ
guan·te,"nome masculino",gwˈə̃.tʃi
gua·pa·men·te,advérbio,gwa.pa.mˈẽj.tʃi
gua·po,adjetivo,gwˈa.pʊ
gua·ra·cha,"nome feminino",gwa.ɾˈa.ʃə
gua·ra·ná,"nome masculino",gwa.ɾa.nˈa
gua·ra·ni,"nome feminino",gwa.ɾa.nˈi
gua·ra·ni,"nome masculino",gwa.ɾa.nˈi
gua·ra·ni,adjetivo,gwa.ɾa.nˈi
guar·da,"nome masculino",gwˈaɾ.də
guar·da,"nome feminino",gwˈaɾ.də
"guar·da de cor·po","nome masculino",gwˌaɾ.də.dʒi.kˈoɾ.pʊ
guar·da-chu·va,"nome masculino",gwˌaɾ.də.ʃˈu.və
guar·da-cos·tas,"nome masculino",gwˌaɾ.də.kˈɔs.təs
guar·da-cos·tas,"nome feminino",gwˌaɾ.də.kˈɔs.təs
guar·da-fa·tos,"nome masculino",gwˌaɾ.də.fˈa.tʊs
guar·da-fis·cal,"nome masculino",gwˌaɾ.də.fis.kˈaw
guar·da-flo·res·tal,"nome masculino",gwˌaɾ.də.flo.ɾes.tˈaw
guar·da-frei·o,"nome masculino",gwˌaɾ.də.fɾˈej.jʊ
guar·da-joi·as,"nome masculino",gwˌaɾ.də.ʒˈɔj.jəs
guar·da-la·ma,"nome masculino",gwˌaɾ.də.lˈə.mə
guar·da-la·mas,"nome masculino",gwˌaɾ.də.lˈə.məs
guar·da-li·vros,"nome masculino",gwˌaɾ.də.lˈi.vɾʊs
guar·da-li·vros,"nome feminino",gwˌaɾ.də.lˈi.vɾʊs
guar·da-lou·ça,"nome masculino",gwˌaɾ.də.lˈo.sə
guar·da-ma·ri·nha,"nome masculino",gwˌaɾ.də.ma.ɾˈi.ɲə
guar·da-mor,"nome masculino",gwˌaɾ.də.mˈɔɾ
guar·da-no·tur·no,"nome masculino","gwˌaɾ.də.no.tˈur.nʊ ou gwˌaɾ.də.no.tˈur.nʊ"
guar·da-pó,"nome masculino",gwˌaɾ.də.pˈɔ
guar·da-re·des,"nome masculino","gwˌaɾ.də.xˈe.dʒis ou gwˌaɾ.də.xˈe.dʒis"
guar·da-re·pu·bli·ca·no,"nome masculino",gwˌaɾ.də.xe.pu.bli.kˈə.nʊ
guar·da-ri·os,"nome masculino",gwˌaɾ.də.xˈi.ʊs
guar·da-rou·pa,"nome masculino",gwˌaɾ.də.xˈo.pə
guar·da-rou·pa,"nome feminino",gwˌaɾ.də.xˈo.pə
guar·da-sol,"nome masculino",gwˌaɾ.də.sˈɔw
guar·da-ven·to,"nome masculino",gwˌaɾ.də.vˈẽj.tʊ
guar·da-ves·ti·dos,"nome feminino",gwˌaɾ.də.ves.tʃˈi.dʊs
guar·da-ves·ti·dos,"nome masculino",gwˌaɾ.də.ves.tʃˈi.dʊs
guar·da·do,adjetivo,gwaɾ.dˈa.dʊ
guar·da·dor,adjetivo,gwaɾ.da.dˈoɾ
guar·da·dor,"nome masculino",gwaɾ.da.dˈoɾ
guar·da·do·ra,"nome feminino",gwaɾ.da.dˈo.ɾə
guar·da·na·po,"nome masculino",gwaɾ.da.nˈa.pʊ
guar·dar,verbo,gwaɾ.dˈa
guar·den·se,"nome masculino","gwaɾ.dˈẽj.si ou gwaɾ.dˈẽj.si"
guar·den·se,adjetivo,gwaɾ.dˈẽj.si
guar·di·ão,"nome masculino",gwaɾ.dʒi.ˈə̃w
gua·ri·da,"nome feminino",gwa.ɾˈi.də
gua·rir,verbo,gwa.ɾˈi
gua·ri·ta,"nome feminino",gwa.ɾˈi.tə
guar·ne·cer,verbo,gwar.ne.sˈe
guar·ne·ci·do,adjetivo,gwar.ne.sˈi.dʊ
guar·ne·ci·men·to,"nome masculino",gwar.ne.si.mˈẽj.tʊ
guar·ni·ção,"nome feminino",gwar.ni.sˈə̃w
gua·te·mal·te·ca,"nome feminino",gwa.te.maw.tˈɛ.kə
gua·te·mal·te·co,adjetivo,gwa.te.maw.tˈɛ.kʊ
gua·te·mal·te·co,"nome masculino",gwa.te.maw.tˈɛ.kʊ
gua·xi·nim,"nome masculino",gwa.ʃi.nˈiɲ
gu·de,"nome masculino",gˈu.dʒi
gue·de·lha,"nome feminino",ge.dˈe.ʎə
gue·de·lhu·do,adjetivo,ge.de.ʎˈu.dʊ
guei·ro,"nome masculino",gˈej.ɾʊ
guei·xa,"nome feminino",gˈej.ʃə
guel·ra,"nome feminino",gˈɛw.rə
guer·ra,"nome feminino",gˈɛ.xə
guer·re·ar,verbo,ge.xi.ˈa
guer·rei·a,"nome feminino",ge.xˈej.jə
guer·rei·ra,"nome feminino",ge.xˈej.ɾə
guer·rei·ra·men·te,advérbio,ge.xej.ɾa.mˈẽj.tʃi
guer·rei·ro,adjetivo,ge.xˈej.ɾʊ
guer·rei·ro,"nome masculino",ge.xˈej.ɾʊ
guer·ri·lha,"nome masculino",ge.xˈi.ʎə
guer·ri·lha,"nome feminino",ge.xˈi.ʎə
guer·ri·lhar,verbo,ge.xi.ʎˈa
guer·ri·lhei·ro,"nome masculino",ge.xi.ʎˈej.ɾʊ
guer·ri·lhei·ro,adjetivo,ge.xi.ʎˈej.ɾʊ
gue·to,"nome masculino",gˈe.tʊ
gu·gu,"nome masculino",gu.gˈu
gui·a,"nome masculino",gˈi.ə
gui·a,"nome feminino",gˈi.ə
gui·a,adjetivo,gˈi.ə
gui·a·dor,adjetivo,gja.dˈoɾ
gui·a·dor,"nome masculino",gja.dˈoɾ
gui·a·men·to,"nome masculino",gja.mˈẽj.tʊ
gui·a·nen·se,"nome masculino",gja.nˈẽj.si
gui·a·nen·se,"nome feminino",gja.nˈẽj.si
gui·a·nen·se,adjetivo,gja.nˈẽj.si
gui·a·nês,adjetivo,gja.nˈes
gui·a·nês,"nome masculino",gja.nˈes
gui·ão,"nome masculino",gi.ˈə̃w
gui·ar,verbo,gˈi.a
gui·ché,"nome masculino",gi.ʃˈɛ
"gui· chet","nome masculino",
gui·dão,"nome masculino",gi.dˈə̃w
guil·da,"nome feminino",gˈiw.də
gui·lher·me,"nome masculino",gi.ʎˈɛɾ.mi
gui·lho,"nome masculino",gˈi.ʎʊ
gui·lho·ti·na,"nome feminino",gi.ʎo.tʃˈi.nə
gui·lho·ti·nar,verbo,gi.ʎo.tʃi.nˈa
guim·ba,"nome feminino",gˈĩ.bə
guim·bar·da,"nome feminino",gĩ.bˈaɾ.də
gui·na,"nome feminino",gˈi.nə
gui·na·da,"nome feminino",gi.nˈa.də
gui·nar,verbo,gi.nˈa
guin·cha,"nome feminino",gˈĩ.ʃə
guin·char,verbo,gĩ.ʃˈa
guin·cho,"nome masculino",gˈĩ.ʃʊ
guin·da,"nome feminino",gˈĩ.də
guin·da·do,adjetivo,gĩ.dˈa.dʊ
guin·dar,verbo,gĩ.dˈa
guin·das·te,"nome masculino",gĩ.dˈas.tʃi
gui·né,"nome feminino",gi.nˈɛ
gui·ne·en·se,adjetivo,gi.ne.ˈẽj.si
gui·ne·en·se,"nome masculino","gi.ne.ˈẽj.si ou gi.ne.ˈẽj.si"
gui·néu,"nome masculino","gi.nˈɛw ou gi.nˈɛw"
gui·néu,adjetivo,gi.nˈɛw
gui·o·nis·ta,"nome masculino","gi.o.nˈis.tə ou gi.o.nˈis.tə"
gui·sa,"nome feminino",gˈi.zə
gui·sa·do,"nome masculino",gi.zˈa.dʊ
gui·sa·do,adjetivo,gi.zˈa.dʊ
gui·sar,verbo,gi.zˈa
gui·ta,"nome feminino",gˈi.tə
gui·ta,"nome masculino",gˈi.tə
gui·tar·ra,"nome feminino",gi.tˈa.xə
gui·tar·ra·da,"nome feminino",gi.ta.xˈa.də
gui·tar·ris·ta,"nome feminino",gi.ta.xˈis.tə
gui·tar·ris·ta,"nome masculino",gi.ta.xˈis.tə
gui·zo,"nome masculino",gˈi.zʊ
gu·la,"nome feminino",gˈu.lə
gu·lag,"nome masculino",
gu·lo·di·ce,"nome feminino",gu.lo.dʒˈi.si
gu·lo·sa,"nome feminino",gu.lˈɔ.zə
gu·lo·sa·men·te,advérbio,gu.lo.za.mˈẽj.tʃi
gu·lo·sar,verbo,gu.lo.zˈa
gu·lo·sei·ma,"nome feminino",gu.lo.zˈej.mə
gu·lo·so,"nome masculino",gu.lˈo.zʊ
gu·lo·so,adjetivo,gu.lˈo.zʊ
gum·bé,"nome masculino",gũ.bˈɛ
gu·me,"nome masculino",gˈu.mi
gun·da,"nome feminino",gˈũ.də
gun·ga,"nome masculino",gˈũ.gə
gun·ga,"nome feminino",gˈũ.gə
gu·ri,"nome feminino",gu.ɾˈi
gu·ri,"nome masculino",gu.ɾˈi
gu·ru,"nome masculino",gu.ɾˈu
gu·ru,"nome feminino",gu.ɾˈu
gu·ru·pés,"nome masculino",gu.ɾu.pˈɛs
gu·sa,"nome feminino",gˈu.zə
gu·sa·no,"nome masculino",gu.zˈə.nʊ
gus·ta·ti·vo,adjetivo,gus.ta.tʃˈi.vʊ
gu·ta,"nome feminino",gˈu.tə
gu·ter·ris·mo,"nome masculino",gu.tɛ.xˈiz.mʊ
gu·ter·ris·ta,adjetivo,gu.tɛ.xˈis.tə
gu·to,"nome masculino",gˈu.tʊ
gu·tu·ral,"nome feminino",gu.tu.ɾˈaw
gu·tu·ral,adjetivo,gu.tu.ɾˈaw
gu·tu·ral·men·te,advérbio,gu.tu.ɾaw.mˈẽj.tʃi
gu·za·ra·te,"nome masculino","gu.za.ɾˈa.tʃi ou gu.za.ɾˈa.tʃi"
gu·za·ra·te,adjetivo,gu.za.ɾˈa.tʃi
gu·ze·ra·te,"nome masculino","gu.ze.ɾˈa.tʃi ou gu.ze.ɾˈa.tʃi"
gu·ze·ra·te,adjetivo,gu.ze.ɾˈa.tʃi
