lá,"nome masculino",lˈa
lá,advérbio,lˈa
lã,"nome feminino",lˈə̃
la·ba·re·da,"nome feminino",la.ba.ɾˈe.də
la·ba·re·da,"nome masculino",la.ba.ɾˈe.də
la·béu,"nome masculino",la.bˈɛw
"lá·bi· a","nome feminino",lˈa.bjə
la·bi·a·do,"nome masculino",la.bjˈa.dʊ
la·bi·a·do,adjetivo,la.bjˈa.dʊ
la·bi·al,"nome feminino",la.bjˈaw
la·bi·al,adjetivo,la.bjˈaw
"lá·bi· o","nome masculino",lˈa.bjʊ
la·bi·rín·ti·co,adjetivo,la.bi.ɾˈĩ.tʃi.kʊ
la·bi·rin·to,"nome masculino",la.bi.ɾˈĩ.tʊ
la·bor,"nome masculino",la.bˈoɾ
la·bo·ra·ção,"nome feminino",la.bo.ɾa.sˈə̃w
la·bo·ral,adjetivo,la.bo.ɾˈaw
la·bo·rar,verbo,la.bo.ɾˈa
la·bo·ra·to·ri·al,adjetivo,la.bo.ɾa.to.ɾjˈaw
la·bo·ra·to·ri·al·men·te,advérbio,la.bo.ɾa.to.ɾjaw.mˈẽj.tʃi
"la·bo·ra·tó·ri· o","nome masculino",la.bo.ɾa.tˈɔ.ɾjʊ
la·bo·ri·o·sa·men·te,advérbio,la.bo.ɾi.o.za.mˈẽj.tʃi
la·bo·ri·o·si·da·de,"nome feminino",la.bo.ɾi.o.zi.dˈa.dʒi
la·bo·ri·o·so,adjetivo,la.bo.ɾi.ˈo.zʊ
la·bo·ris·ta,"nome masculino","la.bo.ɾˈis.tə ou la.bo.ɾˈis.tə"
la·bo·ris·ta,adjetivo,la.bo.ɾˈis.tə
la·bra·dor,"nome masculino",la.bɾa.dˈoɾ
la·bre·gar,verbo,la.bɾe.gˈa
la·bre·go,"nome masculino",la.bɾˈe.gʊ
la·bre·go,adjetivo,la.bɾˈe.gʊ
la·bro,"nome masculino",lˈa.bɾʊ
la·bu·ta,"nome feminino",la.bˈu.tə
la·bu·tar,"nome masculino",la.bu.tˈaɾ
la·bu·tar,verbo,la.bu.tˈa
la·ça,"nome feminino",lˈa.sə
la·ca,"nome feminino",lˈa.kə
la·ca·da,"nome feminino",la.kˈa.də
la·ça·da,"nome feminino",la.sˈa.də
la·ca·do,adjetivo,la.kˈa.dʊ
la·cai·o,"nome masculino",la.kˈaj.jʊ
la·ca·ni·a·no,adjetivo,la.ka.njˈə.nʊ
la·ca·ni·a·no,"nome masculino",la.ka.njˈə.nʊ
la·cão,"nome masculino",la.kˈə̃w
la·cão,adjetivo,la.kˈə̃w
la·çar,verbo,la.sˈa
la·car,verbo,la.kˈa
la·ça·ri·a,"nome feminino",la.sa.ɾˈi.jə
la·ça·ro·te,"nome masculino",la.sa.ɾˈɔ.tʃi
la·ce·ra·ção,"nome feminino",la.se.ɾa.sˈə̃w
la·ce·rar,verbo,la.se.ɾˈa
"lá·ci· o",adjetivo,lˈa.sjʊ
"lá·ci· o","nome masculino",lˈa.sjʊ
la·ço,"nome masculino",lˈa.sʊ
la·co·bri·gen·se,adjetivo,la.ko.bɾi.ʒˈẽj.si
la·co·bri·gen·se,"nome feminino","la.ko.bɾi.ʒˈẽj.si ou la.ko.bɾi.ʒˈẽj.si"
la·co·ni·ca·men·te,advérbio,la.ko.ni.ka.mˈẽj.tʃi
la·có·ni·co,adjetivo,la.kˈɔ.ni.kʊ
la·có·ni·co,"nome masculino",la.kˈɔ.ni.kʊ
la·co·nis·mo,"nome masculino",la.ko.nˈiz.mʊ
la·crar,verbo,la.kɾˈa
la·crau,"nome masculino",la.kɾˈaw
la·cre,"nome masculino",lˈa.kɾi
la·cri·mal,"nome masculino",la.kɾi.mˈaw
la·cri·mal,adjetivo,la.kɾi.mˈaw
la·cri·mar,verbo,la.kɾi.mˈa
la·cri·me·jan·te,adjetivo,la.kɾi.me.ʒˈə̃.tʃi
la·cri·me·jar,verbo,la.kɾi.me.ʒˈa
"la·cri·mo·gé·ne· o",adjetivo,la.kɾi.mo.ʒˈɛ.njʊ
la·cri·mo·so,adjetivo,la.kɾi.mˈo.zʊ
lac·ta·ção,"nome feminino",la.kə.ta.sˈə̃w
lac·tan·te,adjetivo,la.kə.tˈə̃.tʃi
lac·tan·te,"nome feminino","la.kə.tˈə̃.tʃi ou la.kə.tˈə̃.tʃi"
lac·tar,verbo,la.kə.tˈa
"lác·te· a","nome feminino",lˈa.ki.tʃjə
lac·ten·te,"nome feminino",la.ki.tˈẽj.tʃi
lac·ten·te,adjetivo,la.ki.tˈẽj.tʃi
lac·ten·te,"nome masculino",la.ki.tˈẽj.tʃi
"lác·te· o",adjetivo,lˈa.ki.tʃjʊ
"lac·ti·cí·ni· o","nome masculino",la.ki.tʃi.sˈi.njʊ
lác·ti·co,adjetivo,lˈa.ki.tʃi.kʊ
lac·to·al·bu·mi·na,"nome feminino",la.kə.to.aw.bu.mˈi.nə
lac·to·se,"nome feminino",la.kə.tˈɔ.zi
la·cu·na,"nome feminino",la.kˈu.nə
la·cu·nar,"nome feminino",la.ku.nˈaɾ
la·cu·nar,"nome masculino",la.ku.nˈaɾ
la·cu·nar,adjetivo,la.ku.nˈaɾ
la·cus·tre,adjetivo,la.kˈus.tɾi
la·da,"nome feminino",lˈa.də
la·da·i·nha,"nome feminino",la.da.ˈi.ɲə
la·de·ar,verbo,la.dʒi.ˈa
la·dei·ra,"nome feminino",la.dˈej.ɾə
la·dei·rar,verbo,la.dej.ɾˈa
la·dei·ro,"nome masculino",la.dˈej.ɾʊ
la·dei·ro,adjetivo,la.dˈej.ɾʊ
la·di·ni·ce,"nome feminino",la.dʒi.nˈi.si
la·di·no,adjetivo,la.dʒˈi.nʊ
la·di·no,"nome masculino",la.dʒˈi.nʊ
la·do,"nome masculino",lˈa.dʊ
la·dra,"nome feminino",lˈa.dɾə
la·drão,adjetivo,la.dɾˈə̃w
la·drão,"nome masculino",la.dɾˈə̃w
la·drar,verbo,la.dɾˈa
la·dri·lha·do,adjetivo,la.dɾi.ʎˈa.dʊ
la·dri·lha·dor,"nome masculino",la.dɾi.ʎa.dˈoɾ
la·dri·lha·dor,adjetivo,la.dɾi.ʎa.dˈoɾ
la·dri·lhar,verbo,la.dɾi.ʎˈa
la·dri·lho,"nome masculino",la.dɾˈi.ʎʊ
la·dro,"nome masculino",lˈa.dɾʊ
la·dro,adjetivo,lˈa.dɾʊ
la·dro·a·gem,"nome masculino",la.dɾo.ˈa.ʒeɲ
la·dro·ei·ra,"nome feminino",la.dɾwˈej.ɾə
la·dro·ei·rar,verbo,la.dɾwej.ɾˈa
la·dro·na,"nome feminino",la.dɾˈo.nə
la·ga,"nome feminino",lˈa.gə
la·gar,"nome masculino",la.gˈaɾ
la·ga·ra·da,"nome feminino",la.ga.ɾˈa.də
la·ga·rei·ro,"nome masculino",la.ga.ɾˈej.ɾʊ
la·ga·rei·ro,adjetivo,la.ga.ɾˈej.ɾʊ
la·ga·ri·nho,"nome masculino",la.ga.ɾˈi.ɲʊ
la·gar·ta,"nome feminino",la.gˈaɾ.tə
la·gar·tei·ro,"nome masculino",la.gaɾ.tˈej.ɾʊ
la·gar·ti·xa,"nome feminino",la.gaɾ.tʃˈi.ʃə
la·gar·to,"nome masculino",la.gˈaɾ.tʊ
la·go,"nome masculino",lˈa.gʊ
la·go·a,"nome feminino",la.gˈo.ə
la·go·en·se,adjetivo,la.gwˈẽj.si
la·go·en·se,"nome masculino","la.gwˈẽj.si ou la.gwˈẽj.si"
la·gos·ta,"nome feminino",la.gˈos.tə
la·gos·tei·ro,adjetivo,la.gos.tˈej.ɾʊ
la·gos·tei·ro,"nome masculino",la.gos.tˈej.ɾʊ
la·gos·tim,"nome masculino",la.gos.tʃˈiɲ
lá·gri·ma,"nome feminino",lˈa.gɾi.mə
la·gri·mar,verbo,la.gɾi.mˈa
la·gu·na,"nome feminino",la.gˈu.nə
la·gu·nar,adjetivo,la.gu.nˈaɾ
lai,"nome masculino",lˈaj
lai·a,"nome feminino",lˈaj.jə
lai·ca·do,"nome masculino",laj.kˈa.dʊ
lai·cal,adjetivo,laj.kˈaw
lai·ci·da·de,"nome feminino",laj.si.dˈa.dʒi
lai·cis·mo,"nome masculino",laj.sˈiz.mʊ
lai·ci·za·ção,"nome feminino",laj.si.za.sˈə̃w
lai·ci·zar,verbo,laj.si.zˈa
lai·co,"nome masculino",lˈaj.kʊ
lai·co,adjetivo,lˈaj.kʊ
lai·var,verbo,laj.vˈa
lai·vo,"nome masculino",lˈaj.vʊ
la·ja,adjetivo,lˈa.ʒə
la·ja,"nome feminino",lˈa.ʒə
la·jar,verbo,la.ʒˈa
la·je,"nome feminino",lˈa.ʒi
la·je·a·do,"nome masculino",la.ʒi.ˈa.dʊ
la·je·a·do,adjetivo,la.ʒi.ˈa.dʊ
la·je·ar,verbo,la.ʒi.ˈa
la·je·do,"nome masculino",la.ʒˈe.dʊ
la·jen·se,"nome masculino","la.ʒˈẽj.si ou la.ʒˈẽj.si"
la·jen·se,adjetivo,la.ʒˈẽj.si
la·je·o·so,adjetivo,la.ʒe.ˈo.zʊ
la·la,"nome feminino",lˈa.lə
la·lar,verbo,la.lˈa
la·ma,"nome masculino",lˈə.mə
la·ma,"nome feminino",lˈə.mə
la·ma·çal,"nome masculino",la.ma.sˈaw
la·ma·cei·ro,"nome masculino",la.ma.sˈej.ɾʊ
la·ma·cen·to,adjetivo,la.ma.sˈẽj.tʊ
la·ma·ís·ta,"nome masculino","la.ma.ˈis.tə ou la.ma.ˈis.tə"
la·ma·rão,"nome masculino",la.ma.ɾˈə̃w
la·ma·ro·so,adjetivo,la.ma.ɾˈo.zʊ
lam·ba·da,"nome feminino",lə̃.bˈa.də
lam·bão,"nome masculino",lə̃.bˈə̃w
lam·bão,adjetivo,lə̃.bˈə̃w
lamb·da,"nome masculino",lˈə̃mb.də
lam·be-bo·tas,"nome masculino","lˌə̃.bi.bˈɔ.təs ou lˌə̃.bi.bˈɔ.təs"
lam·bei·ro,"nome masculino",lə̃.bˈej.ɾʊ
lam·bei·ro,adjetivo,lə̃.bˈej.ɾʊ
lam·ber,verbo,lə̃.bˈe
"lam· bert","nome masculino",
lam·bi·da,"nome feminino",lə̃.bˈi.də
lam·bi·de·la,"nome feminino",lə̃.bi.dˈɛ.lə
lam·bi·do,adjetivo,lə̃.bˈi.dʊ
lam·bre·ta,"nome feminino",lə̃.bɾˈe.tə
lam·bri,"nome masculino",lə̃.bɾˈi
lam·bril,"nome masculino",lə̃.bɾˈiw
lam·brim,"nome masculino",lə̃.bɾˈiɲ
lam·bu·za·do,adjetivo,lə̃.bu.zˈa.dʊ
lam·bu·zar,verbo,lə̃.bu.zˈa
la·me·cen·se,"nome masculino","la.me.sˈẽj.si ou la.me.sˈẽj.si"
la·me·cen·se,adjetivo,la.me.sˈẽj.si
la·me·cha,"nome masculino","la.mˈɛ.ʃə ou la.mˈɛ.ʃə"
la·me·cha,adjetivo,la.mˈɛ.ʃə
la·me·char,verbo,la.me.ʃˈa
la·me·chi·ce,"nome feminino",la.me.ʃˈi.si
la·me·go,"nome masculino",la.mˈe.gʊ
la·mei·ra,"nome feminino",la.mˈej.ɾə
la·mei·rão,"nome masculino",la.mej.ɾˈə̃w
la·mei·ri·nha,"nome feminino",la.mej.ɾˈi.ɲə
la·mei·ro,"nome masculino",la.mˈej.ɾʊ
la·me·la,"nome feminino",la.mˈɛ.lə
la·me·lar,verbo,la.me.lˈa
"la·me·li·brân·qui· o","nome masculino",la.me.li.bɾˈə̃.kjʊ
"la·me·li·brân·qui· o",adjetivo,la.me.li.bɾˈə̃.kjʊ
la·men·ta·ção,"nome feminino",la.mẽ.ta.sˈə̃w
la·men·ta·do,adjetivo,la.mẽ.tˈa.dʊ
la·men·tar,verbo,la.mẽ.tˈa
la·men·tá·vel,adjetivo,la.mẽ.tˈa.vew
la·men·ta·vel·men·te,advérbio,la.mẽ.ta.vew.mˈẽj.tʃi
la·men·to,"nome masculino",la.mˈẽj.tʊ
la·men·to·so,adjetivo,la.mẽ.tˈo.zʊ
"lâ·mi· a","nome feminino",lˈə.mjə
lâ·mi·na,"nome feminino","lˈə.mi.nə ou lˈə.mi.nə"
la·mi·na·ção,"nome feminino",la.mi.na.sˈə̃w
la·mi·na·do,"nome masculino",la.mi.nˈa.dʊ
la·mi·na·do,adjetivo,la.mi.nˈa.dʊ
la·mi·na·dor,"nome masculino",la.mi.na.dˈoɾ
la·mi·na·gem,"nome feminino",la.mi.nˈa.ʒeɲ
la·mi·nar,adjetivo,la.mi.nˈaɾ
la·mi·nar,verbo,la.mi.nˈa
"la·mi·ná·ri· a","nome feminino",la.mi.nˈa.ɾjə
la·mi·ré,"nome masculino",la.mi.ɾˈɛ
la·mo·so,adjetivo,la.mˈo.zʊ
lam·pa,"nome feminino",lˈə̃.pə
lâm·pa·da,"nome feminino",lˈə̃.pa.də
"lam·pa·dá·ri· o","nome masculino",lə̃.pa.dˈa.ɾjʊ
lam·pa·ri·na,"nome feminino",lə̃.pa.ɾˈi.nə
lam·pei·ro,adjetivo,lə̃.pˈej.ɾʊ
lam·pe·jar,verbo,lə̃.pe.ʒˈa
lam·pe·jo,"nome masculino",lə̃.pˈe.ʒʊ
lam·pi·ão,"nome masculino",lə̃.pi.ˈə̃w
lam·po,"nome masculino",lˈə̃.pʊ
lam·po,adjetivo,lˈə̃.pʊ
lam·pre·ar,verbo,lə̃.pɾi.ˈa
lam·prei·a,"nome feminino",lə̃.pɾˈej.jə
"la·mú·ri· a","nome feminino",la.mˈu.ɾjə
la·mu·ri·an·te,adjetivo,la.mu.ɾjˈə̃.tʃi
la·mu·ri·ar,verbo,la.mu.ɾjˈa
la·mu·ri·en·to,adjetivo,la.mu.ɾi.ˈẽj.tʊ
lan·ça,"nome feminino",lˈə̃.sə
lan·ça-cha·mas,"nome masculino",lˌə̃.sə.ʃˈə.məs
lan·ça-fo·gue·tes,"nome masculino",lˌə̃.sə.fo.gˈe.tʃis
lan·ça-gra·na·das,"nome masculino",lˌə̃.sə.gɾa.nˈa.dəs
lan·ça-mís·seis,"nome masculino",lˌə̃.sə.mˈi.sejs
lan·ça-tor·pe·dos,"nome masculino",lˌə̃.sə.toɾ.pˈe.dʊ
lan·ça·da,"nome feminino",lə̃.sˈa.də
lan·ça·dei·ra,"nome feminino",lə̃.sa.dˈej.ɾə
lan·ça·do,"nome masculino",lə̃.sˈa.dʊ
lan·ça·do,adjetivo,lə̃.sˈa.dʊ
lan·ça·dor,"nome masculino",lə̃.sa.dˈoɾ
lan·ça·dor,adjetivo,lə̃.sa.dˈoɾ
lan·ça·do·ra,"nome feminino",lə̃.sa.dˈo.ɾə
lan·ça·men·to,"nome masculino",lə̃.sa.mˈẽj.tʊ
lan·çar,verbo,lə̃.sˈa
lan·ce,"nome masculino",lˈə̃.si
lan·ce·ar,verbo,lə̃.si.ˈa
lan·cei·ro,"nome masculino",lə̃.sˈej.ɾʊ
lan·cei·ros,"nome masculino",lə̃.sˈej.ɾʊs
lan·ce·o·la·do,adjetivo,lə̃.se.o.lˈa.dʊ
lan·ce·tar,verbo,lə̃.se.tˈa
lan·cha,"nome feminino",lˈə̃.ʃə
lan·char,verbo,lə̃.ʃˈa
lan·che,"nome masculino",lˈə̃.ʃi
lan·chei·ra,"nome feminino",lə̃.ʃˈej.ɾə
lan·cil,"nome masculino",lə̃.sˈiw
lan·ci·nan·te,adjetivo,lə̃.si.nˈə̃.tʃi
lan·ço,"nome masculino",lˈə̃.sʊ
lan·da,"nome feminino",lˈə̃.də
lan·dau,"nome masculino",lə̃.dˈaw
lan·de,"nome feminino",lˈə̃.dʒi
lan·dei·ra,"nome feminino",lə̃.dˈej.ɾə
lan·dei·ro,adjetivo,lə̃.dˈej.ɾʊ
lan·dim,adjetivo,lə̃.dʒˈiɲ
lan·dim,"nome masculino",lə̃.dʒˈiɲ
lan·dim,"nome feminino",lə̃.dʒˈiɲ
la·nei·ro,"nome masculino",la.nˈej.ɾʊ
lan·gor,"nome masculino",lə̃.gˈoɾ
lan·go·ro·so,adjetivo,lə̃.go.ɾˈo.zʊ
lan·guei·rão,"nome masculino",lə̃.gej.ɾˈə̃w
lan·gui·da·men·te,advérbio,lə̃.gi.da.mˈẽj.tʃi
lan·gui·dez,"nome feminino",lə̃.gi.dˈes
lân·gui·do,adjetivo,lˈə̃.gi.dʊ
lan·guir,verbo,lə̃.gˈi
la·nha,"nome feminino",lˈə.ɲə
la·nhar,verbo,la.ɲˈa
la·nho,"nome masculino",lˈə.ɲʊ
"la·ni·fí·ci· o","nome masculino",la.ni.fˈi.sjʊ
la·ní·ge·ro,adjetivo,la.nˈi.ʒe.ɾʊ
lan·ta·na,"nome feminino",lə̃.tˈə.nə
lan·te·jou·la,"nome feminino",lə̃.te.ʒˈo.lə
lan·te·jou·lar,verbo,lə̃.te.ʒo.lˈa
lan·ter·na,"nome feminino",lə̃.tˈɛr.nə
lan·ter·nim,"nome masculino",lə̃.ter.nˈiɲ
la·nu·do,adjetivo,la.nˈu.dʊ
lao,"nome masculino",lˈaw
lao·ci·a·no,"nome masculino",la.o.sjˈə.nʊ
lao·ci·a·no,adjetivo,la.o.sjˈə.nʊ
lao·si·a·no,"nome masculino",law.zjˈə.nʊ
lao·si·a·no,adjetivo,law.zjˈə.nʊ
la·pa,"nome feminino",lˈa.pə
la·pão,adjetivo,la.pˈə̃w
la·pão,"nome masculino",la.pˈə̃w
lá·pa·ro,"nome masculino",lˈa.pa.ɾʊ
la·pa·ros·co·pi·a,"nome feminino",la.pa.ɾos.ko.pˈi.jə
la·pa·ros·có·pi·co,adjetivo,la.pa.ɾos.kˈɔ.pi.kʊ
la·pa·ro·to,adjetivo,la.pa.ɾˈo.tʊ
la·pa·ro·to,"nome masculino",la.pa.ɾˈo.tʊ
la·pe·la,"nome feminino",la.pˈɛ.lə
lá·pi·da,"nome feminino",lˈa.pi.də
la·pi·da·ção,"nome feminino",la.pi.da.sˈə̃w
la·pi·da·do,"nome masculino",la.pi.dˈa.dʊ
la·pi·da·do,adjetivo,la.pi.dˈa.dʊ
la·pi·da·dor,"nome masculino",la.pi.da.dˈoɾ
la·pi·dar,adjetivo,la.pi.dˈaɾ
la·pi·dar,verbo,la.pi.dˈa
la·pi·da·ri·a,"nome feminino",la.pi.da.ɾˈi.jə
"la·pi·dá·ri· a","nome feminino",la.pi.dˈa.ɾjə
"la·pi·dá·ri· o",adjetivo,la.pi.dˈa.ɾjʊ
lá·pi·de,"nome feminino",lˈa.pi.dʒi
lá·pis,"nome masculino",lˈa.pis
lá·pis-la·zú·li,"nome masculino",lˌa.pis.la.zˈu.li
la·pi·sei·ra,"nome feminino",la.pi.zˈej.ɾə
"la·pó·ni· a","nome feminino",la.pˈɔ.njə
"la·pó·ni· o",adjetivo,la.pˈɔ.njʊ
lap·so,"nome masculino",lˈa.pə.sʊ
la·que·a·ção,"nome feminino",la.ki.a.sˈə̃w
la·que·a·do,adjetivo,la.ki.ˈa.dʊ
la·que·ar,verbo,la.ki.ˈa
lar,"nome masculino",lˈaɾ
la·ra·cha,"nome masculino","la.ɾˈa.ʃə ou la.ɾˈa.ʃə"
la·ra·char,verbo,la.ɾa.ʃˈa
la·ran·ja,"nome masculino",la.ɾˈə̃.ʒə
la·ran·ja,"nome feminino",la.ɾˈə̃.ʒə
la·ran·ja,adjetivo,la.ɾˈə̃.ʒə
la·ran·ja·da,"nome feminino",la.ɾə̃.ʒˈa.də
la·ran·jal,"nome masculino",la.ɾə̃.ʒˈaw
la·ran·jei·ra,"nome feminino",la.ɾə̃.ʒˈej.ɾə
la·ran·ji·nha,"nome feminino",la.ɾə̃.ʒˈi.ɲə
la·ran·jo,adjetivo,la.ɾˈə̃.ʒʊ
"la·rá·pi· o","nome masculino",la.ɾˈa.pjʊ
la·rei·ra,"nome feminino",la.ɾˈej.ɾə
la·rei·ro,adjetivo,la.ɾˈej.ɾʊ
la·rei·ro,"nome masculino",la.ɾˈej.ɾʊ
la·res,"nome masculino","lˈa.ɾis ou lˈa.ɾis"
lar·ga,"nome feminino",lˈaɾ.gə
lar·ga·da,"nome feminino",laɾ.gˈa.də
lar·ga·do,adjetivo,laɾ.gˈa.dʊ
lar·ga·men·te,advérbio,laɾ.ga.mˈẽj.tʃi
lar·gar,verbo,laɾ.gˈa
"lar· ghet· to","nome masculino",
lar·go,adjetivo,lˈaɾ.gʊ
lar·go,"nome masculino",lˈaɾ.gʊ
lar·gue·za,"nome feminino",laɾ.gˈe.zə
lar·gu·ra,"nome feminino",laɾ.gˈu.ɾə
la·ri,"nome masculino",la.ɾˈi
la·rin·ge,"nome feminino",la.ɾˈĩ.ʒi
la·rin·gi·te,"nome feminino",la.ɾĩ.ʒˈi.tʃi
lar·va,"nome feminino",lˈaɾ.və
lar·var,adjetivo,laɾ.vˈaɾ
la·sa·nha,"nome feminino",la.zˈə.ɲə
las·ca,"nome feminino",lˈas.kə
las·ca·do,adjetivo,las.kˈa.dʊ
las·car,verbo,las.kˈa
las·ci·va·men·te,advérbio,la.si.va.mˈẽj.tʃi
"las·cí·vi· a","nome feminino",la.sˈi.vjə
las·ci·vo,adjetivo,la.sˈi.vʊ
"la· ser","nome masculino",
las·sar,verbo,la.sˈa
las·si·dão,"nome feminino",la.si.dˈə̃w
las·so,adjetivo,lˈa.sʊ
lás·ti·ma,"nome feminino",lˈas.tʃi.mə
las·ti·ma·do,adjetivo,las.tʃi.mˈa.dʊ
las·ti·mar,verbo,las.tʃi.mˈa
las·ti·má·vel,adjetivo,las.tʃi.mˈa.vew
las·ti·mo·so,adjetivo,las.tʃi.mˈo.zʊ
las·tra·gem,"nome feminino",las.tɾˈa.ʒeɲ
las·trar,verbo,las.tɾˈa
las·tro,"nome masculino",lˈas.tɾʊ
la·ta,"nome masculino",lˈa.tə
la·ta,"nome feminino",lˈa.tə
la·ta·da,"nome feminino",la.tˈa.də
la·ta·gão,"nome masculino",la.ta.gˈə̃w
la·tão,"nome masculino",la.tˈə̃w
la·te,"nome masculino",lˈa.tʃi
la·te·jan·te,adjetivo,la.te.ʒˈə̃.tʃi
la·te·jar,"nome masculino",la.te.ʒˈaɾ
la·te·jar,verbo,la.te.ʒˈa
"la·tên·ci· a","nome feminino",la.tˈẽj.sjə
la·ten·te,adjetivo,la.tˈẽj.tʃi
la·ter,verbo,la.tˈe
la·te·ral,"nome masculino",la.te.ɾˈaw
la·te·ral,adjetivo,la.te.ɾˈaw
la·te·ral,"nome feminino",la.te.ɾˈaw
la·te·ra·li·da·de,"nome feminino",la.te.ɾa.li.dˈa.dʒi
la·te·ral·men·te,advérbio,la.te.ɾaw.mˈẽj.tʃi
lá·tex,"nome masculino",lˈa.teks
"la·ti·cí·ni· o","nome masculino",la.tʃi.sˈi.njʊ
la·ti·do,"nome masculino",la.tʃˈi.dʊ
"la·ti·fun·di·á·ri· a","nome feminino",la.tʃi.fũ.dʒjˈa.ɾjə
"la·ti·fun·di·á·ri· o","nome masculino",la.tʃi.fũ.dʒjˈa.ɾjʊ
"la·ti·fun·di·á·ri· o",adjetivo,la.tʃi.fũ.dʒjˈa.ɾjʊ
"la·ti·fún·di· o","nome masculino",la.tʃi.fˈũ.dʒjʊ
la·tim,"nome masculino",la.tʃˈiɲ
la·ti·na,"nome feminino",la.tʃˈi.nə
la·ti·nar,verbo,la.tʃi.nˈa
la·ti·ni·da·de,"nome feminino",la.tʃi.ni.dˈa.dʒi
la·ti·nis·ta,"nome feminino",la.tʃi.nˈis.tə
la·ti·nis·ta,"nome masculino",la.tʃi.nˈis.tə
la·ti·ni·za·ção,"nome feminino",la.tʃi.ni.za.sˈə̃w
la·ti·ni·za·do,adjetivo,la.tʃi.ni.zˈa.dʊ
la·ti·ni·zar,verbo,la.tʃi.ni.zˈa
la·ti·no,adjetivo,la.tʃˈi.nʊ
la·ti·no,"nome masculino",la.tʃˈi.nʊ
la·ti·no-a·me·ri·ca·na,"nome feminino",la.tʃˌi.no.a.me.ɾi.kˈə.nə
la·ti·no-a·me·ri·ca·no,"nome masculino",la.tʃˌi.no.a.me.ɾi.kˈə.nʊ
la·ti·no-a·me·ri·ca·no,adjetivo,la.tʃˌi.no.a.me.ɾi.kˈə.nʊ
"la·ti·nó·ri· o","nome masculino",la.tʃi.nˈɔ.ɾjʊ
la·tir,verbo,la.tʃˈi
la·tir,"nome masculino",la.tʃˈiɾ
la·ti·tu·de,"nome feminino",la.tʃi.tˈu.dʒi
la·to,"nome masculino",lˈa.tʊ
la·to,adjetivo,lˈa.tʊ
la·to·a·ri·a,"nome feminino",la.to.a.ɾˈi.jə
la·to·ei·ro,"nome masculino",la.twˈej.ɾʊ
la·tri·na,"nome feminino",la.tɾˈi.nə
"la·tro·cí·ni· o","nome masculino",la.tɾo.sˈi.njʊ
lau·da,"nome feminino",lˈaw.də
láu·da·no,"nome masculino",lˈaw.da.nʊ
"lau·da·tó·ri· o",adjetivo,law.da.tˈɔ.ɾjʊ
lau·des,"nome masculino",lˈaw.dʒis
lau·do,"nome masculino",lˈaw.dʊ
lau·ra,"nome feminino",lˈaw.ɾə
lau·re·a·do,"nome masculino",law.ɾi.ˈa.dʊ
lau·re·a·do,adjetivo,law.ɾi.ˈa.dʊ
lau·re·ar,verbo,law.ɾi.ˈa
lau·rel,"nome masculino",law.ɾˈɛw
lau·ren·ti·na,"nome feminino",law.ɾẽ.tʃˈi.nə
lau·ren·ti·no,adjetivo,law.ɾẽ.tʃˈi.nʊ
lau·ren·ti·no,"nome masculino",law.ɾẽ.tʃˈi.nʊ
laus·pe·re·ne,"nome masculino",laws.pe.ɾˈɛ.ni
lau·ta·men·te,advérbio,law.ta.mˈẽj.tʃi
lau·to,adjetivo,lˈaw.tʊ
la·va,"nome feminino",lˈa.və
la·va-lou·ça,"nome masculino",lˌa.və.lˈo.sə
la·va-lou·ças,"nome masculino",lˌa.və.lˈo.səs
la·va-pé,"nome masculino",lˌa.və.pˈɛ
la·va-pés,"nome masculino",lˌa.və.pˈɛs
la·va·bo,"nome masculino",la.vˈa.bʊ
la·va·da,"nome feminino",la.vˈa.də
la·va·dei·ra,"nome feminino",la.va.dˈej.ɾə
la·va·dei·ro,adjetivo,la.va.dˈej.ɾʊ
la·va·do,"nome masculino",la.vˈa.dʊ
la·va·do,adjetivo,la.vˈa.dʊ
la·va·dor,adjetivo,la.va.dˈoɾ
la·va·dor,"nome masculino",la.va.dˈoɾ
la·va·dou·ro,adjetivo,la.va.dˈo.ɾʊ
la·va·dou·ro,"nome masculino",la.va.dˈo.ɾʊ
la·va·gan·te,"nome masculino",la.va.gˈə̃.tʃi
la·va·gem,"nome feminino",la.vˈa.ʒeɲ
la·va·jar,verbo,la.va.ʒˈa
la·va·jo,"nome masculino",la.vˈa.ʒʊ
la·van·da,"nome feminino",la.vˈə̃.də
la·van·da·ri·a,"nome feminino",la.və̃.da.ɾˈi.jə
la·van·dei·ra,"nome feminino",la.və̃.dˈej.ɾə
la·var,verbo,la.vˈa
"la·va·tó·ri· o","nome masculino",la.va.tˈɔ.ɾjʊ
la·vá·vel,adjetivo,la.vˈa.vew
lá·vi·co,adjetivo,lˈa.vi.kʊ
la·vor,"nome masculino",la.vˈoɾ
la·vo·rar,verbo,la.vo.ɾˈa
la·vou·ra,"nome feminino",la.vˈo.ɾə
la·vou·rar,verbo,la.vo.ɾˈa
la·vra,"nome feminino",lˈa.vɾə
la·vra·da,"nome feminino",la.vɾˈa.də
la·vra·dei·ra,"nome feminino",la.vɾa.dˈej.ɾə
la·vra·dei·ro,adjetivo,la.vɾa.dˈej.ɾʊ
la·vra·di·o,adjetivo,la.vɾa.dʒˈi.ʊ
la·vra·di·o,"nome masculino",la.vɾa.dʒˈi.ʊ
la·vra·do,adjetivo,la.vɾˈa.dʊ
la·vra·do,"nome masculino",la.vɾˈa.dʊ
la·vra·dor,adjetivo,la.vɾa.dˈoɾ
la·vra·dor,"nome masculino",la.vɾa.dˈoɾ
la·vra·do·ra,"nome feminino",la.vɾa.dˈo.ɾə
la·vrar,verbo,la.vɾˈa
la·xan·te,adjetivo,la.ʃˈə̃.tʃi
la·xan·te,"nome masculino",la.ʃˈə̃.tʃi
la·xar,verbo,la.ʃˈa
la·xa·ti·vo,"nome masculino",la.ʃa.tʃˈi.vʊ
la·xa·ti·vo,adjetivo,la.ʃa.tʃˈi.vʊ
la·xis·mo,"nome masculino",la.ʃˈiz.mʊ
la·xis·ta,"nome masculino","la.ʃˈis.tə ou la.ʃˈis.tə"
la·xis·ta,adjetivo,la.ʃˈis.tə
"lay· out","nome masculino",
la·za·rar,verbo,la.za.ɾˈa
la·za·ren·ta,"nome feminino",la.za.ɾˈẽj.tə
la·za·ren·to,adjetivo,la.za.ɾˈẽj.tʊ
la·za·re·to,"nome masculino",la.za.ɾˈe.tʊ
la·za·ris·ta,"nome masculino","la.za.ɾˈis.tə ou la.za.ɾˈis.tə"
lá·za·ro,"nome masculino",lˈa.za.ɾʊ
la·zei·ren·to,adjetivo,la.zej.ɾˈẽj.tʊ
la·zer,"nome masculino",la.zˈeɾ
la·ze·rar,verbo,la.ze.ɾˈa
lã·zi·nha,"nome feminino",lə̃.zˈi.ɲə
lê,"nome masculino",lˈe
lé,"nome masculino",lˈɛ
le·ad,"nome masculino",
le·al,"nome masculino",li.ˈaw
le·al,adjetivo,li.ˈaw
le·al·da·de,"nome feminino",li.aw.dˈa.dʒi
le·a·lis·mo,"nome masculino",li.a.lˈiz.mʊ
le·al·men·te,advérbio,li.aw.mˈẽj.tʃi
le·ão,"nome masculino",le.ˈə̃w
le·ão-ma·ri·nho,"nome masculino",le.ˌə̃w.ma.ɾˈi.ɲʊ
"lea· sing","nome feminino",ou
le·bre,"nome masculino",lˈɛ.bɾi
le·bre,"nome feminino",lˈɛ.bɾi
le·brei·ro,adjetivo,le.bɾˈej.ɾʊ
le·brei·ro,"nome masculino",le.bɾˈej.ɾʊ
lec·ci·o·na·ção,"nome feminino",le.ki.si.o.na.sˈə̃w
lec·ci·o·nan·do,"nome masculino",le.ki.si.o.nˈə̃.dʊ
lec·ci·o·nar,verbo,le.ki.si.o.nˈa
le·ci·ti·na,"nome feminino",le.si.tʃˈi.nə
le·co,"nome masculino",lˈɛ.kʊ
lec·ti·vo,adjetivo,le.ki.tʃˈi.vʊ
led,"nome masculino",
le·da·men·te,advérbio,lɛ.da.mˈẽj.tʃi
le·do,adjetivo,lˈɛ.dʊ
le·dor,"nome masculino",le.dˈoɾ
le·dor,adjetivo,le.dˈoɾ
le·ga·ção,"nome feminino",le.ga.sˈə̃w
le·ga·ci·a,"nome feminino",le.ga.sˈi.jə
le·ga·da,"nome feminino",le.gˈa.də
le·ga·do,"nome masculino",le.gˈa.dʊ
le·gal,adjetivo,le.gˈaw
le·ga·li·da·de,"nome feminino",le.ga.li.dˈa.dʒi
le·ga·lis·mo,"nome masculino",le.ga.lˈiz.mʊ
le·ga·lis·ta,"nome masculino",le.ga.lˈis.tə
le·ga·lis·ta,"nome feminino",le.ga.lˈis.tə
le·ga·lis·ta,adjetivo,le.ga.lˈis.tə
le·ga·li·za·ção,"nome feminino",le.ga.li.za.sˈə̃w
le·ga·li·za·do,adjetivo,le.ga.li.zˈa.dʊ
le·ga·li·zar,verbo,le.ga.li.zˈa
le·gal·men·te,advérbio,le.gaw.mˈẽj.tʃi
le·gar,verbo,le.gˈa
"le·ga·tá·ri· o","nome masculino",le.ga.tˈa.ɾjʊ
le·ga·to,"nome masculino",le.gˈa.tʊ
le·ga·to,adjetivo,le.gˈa.tʊ
le·gen·da,"nome feminino",le.ʒˈẽj.də
le·gen·da·do,adjetivo,le.ʒẽ.dˈa.dʊ
le·gen·da·gem,"nome feminino",le.ʒẽ.dˈa.ʒeɲ
le·gen·dar,verbo,le.ʒẽ.dˈa
"le·gen·dá·ri· o","nome masculino",le.ʒẽ.dˈa.ɾjʊ
"le·gen·dá·ri· o",adjetivo,le.ʒẽ.dˈa.ɾjʊ
le·gi·ão,"nome feminino",le.ʒi.ˈə̃w
le·gi·bi·li·da·de,"nome feminino",le.ʒi.bi.li.dˈa.dʒi
le·gi·fe·ra·ção,"nome feminino",le.ʒi.fe.ɾa.sˈə̃w
"le·gi·o·ná·ri· o","nome masculino",le.ʒi.o.nˈa.ɾjʊ
"le·gi·o·ná·ri· o",adjetivo,le.ʒi.o.nˈa.ɾjʊ
le·gis·la·ção,"nome feminino",le.ʒiz.la.sˈə̃w
le·gis·la·do,adjetivo,le.ʒiz.lˈa.dʊ
le·gis·la·dor,"nome masculino",le.ʒiz.la.dˈoɾ
le·gis·la·dor,adjetivo,le.ʒiz.la.dˈoɾ
le·gis·lar,verbo,le.ʒiz.lˈa
le·gis·la·ti·va·men·te,advérbio,le.ʒiz.la.tʃi.va.mˈẽj.tʃi
le·gis·la·ti·vo,adjetivo,le.ʒiz.la.tʃˈi.vʊ
le·gis·la·tu·ra,"nome feminino",le.ʒiz.la.tˈu.ɾə
le·gis·lá·vel,adjetivo,le.ʒiz.lˈa.vew
le·gis·ta,"nome feminino",le.ʒˈis.tə
le·gis·ta,"nome masculino",le.ʒˈis.tə
le·gí·ti·ma,"nome feminino",le.ʒˈi.tʃi.mə
le·gi·ti·ma·ção,"nome feminino",le.ʒi.tʃi.ma.sˈə̃w
le·gi·ti·ma·da,"nome feminino",le.ʒi.tʃi.mˈa.də
le·gi·ti·ma·do,"nome masculino",le.ʒi.tʃi.mˈa.dʊ
le·gi·ti·ma·do,adjetivo,le.ʒi.tʃi.mˈa.dʊ
le·gi·ti·ma·dor,adjetivo,le.ʒi.tʃi.ma.dˈoɾ
le·gi·ti·ma·dor,"nome masculino",le.ʒi.tʃi.ma.dˈoɾ
le·gi·ti·ma·men·te,advérbio,le.ʒi.tʃi.ma.mˈẽj.tʃi
le·gi·ti·mar,verbo,le.ʒi.tʃi.mˈa
le·gi·ti·mi·da·de,"nome feminino",le.ʒi.tʃi.mi.dˈa.dʒi
le·gi·ti·mis·ta,adjetivo,le.ʒi.tʃi.mˈis.tə
le·gi·ti·mis·ta,"nome masculino","le.ʒi.tʃi.mˈis.tə ou le.ʒi.tʃi.mˈis.tə"
le·gí·ti·mo,adjetivo,le.ʒˈi.tʃi.mʊ
le·gí·vel,adjetivo,le.ʒˈi.vew
le·gi·vel·men·te,advérbio,le.ʒi.vew.mˈẽj.tʃi
le·go,"nome masculino",lˈɛ.gʊ
le·gra,"nome feminino",lˈɛ.gɾə
le·grar,verbo,le.gɾˈa
lé·gua,"nome feminino",lˈɛ.gwə
le·gu·me,"nome masculino",le.gˈu.mi
le·gu·mi·no·so,adjetivo,le.gu.mi.nˈo.zʊ
lei,"nome feminino",lˈej
lei·a,"nome feminino",lˈej.jə
lei·ga,"nome feminino",lˈej.gə
lei·gar,verbo,lej.gˈa
lei·go,adjetivo,lˈej.gʊ
lei·go,"nome masculino",lˈej.gʊ
lei·lão,"nome masculino",lej.lˈə̃w
lei·lo·ar,verbo,lej.lo.ˈa
lei·lo·ei·ro,"nome masculino",lej.lwˈej.ɾʊ
lei·ra,"nome feminino",lˈej.ɾə
lei·ri·en·se,"nome masculino","lej.ɾi.ˈẽj.si ou lej.ɾi.ˈẽj.si"
lei·ri·en·se,adjetivo,lej.ɾi.ˈẽj.si
"leish· ma·ni·o·se","nome feminino",lejs.ma.ni.ˈɔ.zi
lei·ta,"nome feminino",lˈej.tə
lei·tão,"nome masculino",lej.tˈə̃w
lei·tar,verbo,lej.tˈa
lei·ta·ri·a,"nome feminino",lej.ta.ɾˈi.jə
lei·te,"nome masculino",lˈej.tʃi
lei·te-cre·me,"nome masculino",lˌej.tʃi.kɾˈɛ.mi
lei·tei·ra,"nome feminino",lej.tˈej.ɾə
lei·tei·ro,adjetivo,lej.tˈej.ɾʊ
lei·tei·ro,"nome masculino",lej.tˈej.ɾʊ
"leit· mo· tiv","nome masculino",
lei·to,"nome masculino",lˈej.tʊ
lei·tor,adjetivo,lej.tˈoɾ
lei·tor,"nome masculino",lej.tˈoɾ
lei·to·ra,"nome feminino",lej.tˈo.ɾə
lei·to·ra·do,"nome masculino",lej.to.ɾˈa.dʊ
lei·to·so,adjetivo,lej.tˈo.zʊ
lei·tu·ra,"nome feminino",lej.tˈu.ɾə
lei·va,"nome feminino",lˈej.və
lei·xão,"nome masculino",lej.ʃˈə̃w
le·lo,adjetivo,lˈɛ.lʊ
le·ma,"nome masculino",lˈɛ.mə
lem·bra·do,adjetivo,lẽ.bɾˈa.dʊ
lem·bran·ça,"nome feminino",lẽ.bɾˈə̃.sə
lem·brar,verbo,lẽ.bɾˈa
lem·bre·te,"nome masculino",lẽ.bɾˈe.tʃi
le·me,"nome masculino",lˈɛ.mi
le·min·gue,"nome masculino",lɛ.mˈĩ.gi
lem·na,"nome feminino",lˈɛmə.nə
le·mo,"nome masculino",lˈɛ.mʊ
lé·mu·re,"nome masculino",lˈɛ.mu.ɾi
lé·mu·res,"nome masculino",lˈɛ.mu.ɾis
le·na,"nome feminino",lˈe.nə
len·ci·nho,"nome masculino",lẽ.sˈi.ɲʊ
len·ço,"nome masculino",lˈẽj.sʊ
len·çol,"nome masculino",lẽ.sˈɔw
len·da,"nome feminino",lˈẽj.də
len·da·ri·a·men·te,advérbio,lẽ.da.ɾja.mˈẽj.tʃi
"len·dá·ri· o",adjetivo,lẽ.dˈa.ɾjʊ
"lên·de· a","nome feminino",lˈẽj.dʒjə
le·ne,adjetivo,lˈɛ.ni
len·ga,"nome feminino",lˈẽj.gə
len·ga·len·ga,"nome feminino",lẽ.ga.lˈẽj.gə
len·ga·len·gar,verbo,lẽ.ga.lẽɲ.gˈa
len·gar,verbo,lẽɲ.gˈa
le·nha,"nome feminino",lˈɛ.ɲə
le·nha·dor,"nome masculino",le.ɲa.dˈoɾ
le·nhar,verbo,le.ɲˈa
le·nhi·te,"nome masculino",le.ɲˈi.tʃi
le·nho,"nome masculino",lˈɛ.ɲʊ
le·nho·so,adjetivo,le.ɲˈo.zʊ
le·ni·nis·mo,"nome masculino",le.ni.nˈiz.mʊ
le·ni·nis·ta,adjetivo,le.ni.nˈis.tə
le·ni·nis·ta,"nome feminino",le.ni.nˈis.tə
le·ni·nis·ta,"nome masculino",le.ni.nˈis.tə
le·nir,verbo,le.nˈi
le·ni·ti·va·men·te,advérbio,le.ni.tʃi.va.mˈẽj.tʃi
le·ni·ti·vo,adjetivo,le.ni.tʃˈi.vʊ
le·ni·ti·vo,"nome masculino",le.ni.tʃˈi.vʊ
"le·no·cí·ni· o","nome masculino",le.no.sˈi.njʊ
len·ta·men·te,advérbio,lẽ.ta.mˈẽj.tʃi
len·tar,verbo,lẽ.tˈa
len·te,"nome feminino",lˈẽj.tʃi
len·te,"nome masculino",lˈẽj.tʃi
len·te,adjetivo,lˈẽj.tʃi
len·te·jou·la,"nome feminino",lẽ.te.ʒˈo.lə
len·te·jou·lar,verbo,lẽ.te.ʒo.lˈa
len·ti·cu·lar,adjetivo,lẽ.tʃi.ku.lˈaɾ
len·ti·dão,"nome feminino",lẽ.tʃi.dˈə̃w
len·ti·lha,"nome feminino",lẽ.tʃˈi.ʎə
len·tis·cal,"nome masculino",lẽ.tʃis.kˈaw
len·to,adjetivo,lˈẽj.tʊ
le·o·a,"nome feminino",le.ˈo.ə
le·o·ne,"nome masculino",le.ˈɔ.ni
le·o·nês,adjetivo,le.o.nˈes
le·o·nês,"nome masculino",le.o.nˈes
le·o·ne·sa,"nome feminino",le.o.nˈe.zə
le·o·ni·na,"nome feminino",le.o.nˈi.nə
le·o·ni·no,adjetivo,le.o.nˈi.nʊ
le·o·ni·no,"nome masculino",le.o.nˈi.nʊ
le·o·par·do,"nome masculino",le.o.pˈaɾ.dʊ
le·pi·da·men·te,advérbio,lɛ.pi.da.mˈẽj.tʃi
lé·pi·do,adjetivo,lˈɛ.pi.dʊ
le·pi·dóp·te·ro,adjetivo,le.pi.dˈɔ.pi.te.ɾʊ
le·pi·dóp·te·ro,"nome masculino",le.pi.dˈɔ.pi.te.ɾʊ
le·po·ri·no,adjetivo,le.po.ɾˈi.nʊ
le·pra,"nome feminino",lˈɛ.pɾə
le·pro·sa,"nome feminino",le.pɾˈɔ.zə
le·pro·sa·ri·a,"nome feminino",le.pɾo.za.ɾˈi.jə
le·pro·so,adjetivo,le.pɾˈo.zʊ
le·pro·so,"nome masculino",le.pɾˈo.zʊ
lep·tão,"nome masculino",le.pə.tˈə̃w
lep·tos·pi·ro·se,"nome feminino",lɛ.pə.tos.pi.ɾˈɔ.zi
le·que,"nome masculino",lˈɛ.ki
ler,verbo,lˈe
ler·da·men·te,advérbio,lɛɾ.da.mˈẽj.tʃi
ler·do,adjetivo,lˈɛɾ.dʊ
"lé·ri· a","nome feminino",lˈɛ.ɾjə
le·ri·ar,verbo,le.ɾjˈa
"lé·ri· as","nome masculino","lˈɛ.ɾjəs ou lˈɛ.ɾjəs"
lés,"nome masculino",lˈɛs
le·sa-ma·jes·ta·de,"nome feminino",lˌɛ.zə.ma.ʒes.tˈa.dʒi
"le·sa-pá·tri· a","nome feminino",lˌɛ.zə.pˈa.tɾjə
le·sa·do,adjetivo,le.zˈa.dʊ
le·sa·do,"nome masculino",le.zˈa.dʊ
le·são,"nome feminino",le.zˈə̃w
le·sar,verbo,le.zˈa
les·bi·a·nis·mo,"nome masculino",lez.bja.nˈiz.mʊ
lés·bi·ca,"nome feminino",lˈɛz.bi.kə
lés·bi·co,adjetivo,lˈɛz.bi.kʊ
lés·bi·co,"nome masculino",lˈɛz.bi.kʊ
"lés·bi· o","nome masculino",lˈɛz.bjʊ
"lés·bi· o",adjetivo,lˈɛz.bjʊ
le·si·o·nar,verbo,le.zi.o.nˈa
le·si·vo,adjetivo,le.zˈi.vʊ
les·ma,"nome feminino",lˈez.mə
les·ma,adjetivo,lˈez.mə
les·mar,verbo,lez.mˈa
le·so,adjetivo,lˈe.zʊ
les·ta,"nome feminino",lˈɛs.tə
les·ta·men·te,advérbio,les.ta.mˈẽj.tʃi
les·te,"nome masculino",lˈɛs.tʃi
les·te,adjetivo,lˈɛs.tʃi
les·to,adjetivo,lˈɛs.tʊ
le·tã,"nome feminino",le.tˈə̃
le·tal,adjetivo,le.tˈaw
le·ta·li·da·de,"nome feminino",le.ta.li.dˈa.dʒi
le·tal·men·te,advérbio,le.taw.mˈẽj.tʃi
le·tão,adjetivo,le.tˈə̃w
le·tão,"nome masculino",le.tˈə̃w
le·tar·gi·a,"nome feminino",le.taɾ.ʒˈi.jə
le·tar·gi·ar,verbo,le.taɾ.ʒjˈa
le·tar·gi·ca·men·te,advérbio,le.taɾ.ʒi.ka.mˈẽj.tʃi
le·tár·gi·co,adjetivo,le.tˈaɾ.ʒi.kʊ
le·tar·go,"nome masculino",le.tˈaɾ.gʊ
"le·tí·ci· a","nome feminino",le.tʃˈi.sjə
"le·tó·ni· o","nome masculino",le.tˈɔ.njʊ
"le·tó·ni· o",adjetivo,le.tˈɔ.njʊ
le·tra,"nome feminino",lˈe.tɾə
le·tra-mor·ta,"nome feminino",lˌe.tɾə.mˈɔɾ.tə
le·tra·do,"nome masculino",le.tɾˈa.dʊ
le·tra·do,adjetivo,le.tɾˈa.dʊ
le·trei·ro,"nome masculino",le.tɾˈej.ɾʊ
le·tri·a,"nome feminino",le.tɾˈi.jə
le·tris·ta,"nome masculino",le.tɾˈis.tə
le·tris·ta,"nome feminino",le.tɾˈis.tə
léu,"nome masculino",lˈɛw
leu,"nome masculino",lˈew
leu·ce·mi·a,"nome feminino",lew.se.mˈi.jə
leu·cé·mi·co,adjetivo,lew.sˈɛ.mi.kʊ
leu·ci·na,"nome feminino",lew.sˈi.nə
leu·có·ci·to,"nome masculino",lew.kˈɔ.si.tʊ
leu·co·se,"nome feminino",lew.kˈɔ.zi
leu·co·to·mi·a,"nome feminino",lew.ko.to.mˈi.jə
lev,"nome masculino",lˈɛv
le·va,"nome feminino",lˈɛ.və
le·va-e-traz,"nome masculino","lˌɛ.və.i.tɾˈas ou lˌɛ.və.i.tɾˈas"
le·va·da,"nome feminino",le.vˈa.də
le·va·di·ça,"nome feminino",le.va.dʒˈi.sə
le·va·di·ço,adjetivo,le.va.dʒˈi.sʊ
le·va·do,adjetivo,le.vˈa.dʊ
le·va·men·to,"nome masculino",le.va.mˈẽj.tʊ
le·van·ta·da,"nome feminino",le.və̃.tˈa.də
le·van·ta·do,adjetivo,le.və̃.tˈa.dʊ
le·van·ta·dor,"nome masculino",le.və̃.ta.dˈoɾ
le·van·ta·dor,adjetivo,le.və̃.ta.dˈoɾ
le·van·ta·men·to,"nome masculino",le.və̃.ta.mˈẽj.tʊ
le·van·tar,verbo,le.və̃.tˈa
le·van·te,"nome masculino",le.vˈə̃.tʃi
le·van·ti·na,"nome feminino",le.və̃.tʃˈi.nə
le·van·ti·no,"nome masculino",le.və̃.tʃˈi.nʊ
le·van·ti·no,adjetivo,le.və̃.tʃˈi.nʊ
le·van·to,"nome masculino",le.vˈə̃.tʊ
le·var,verbo,le.vˈa
le·ve,adjetivo,lˈɛ.vi
le·ve,"nome masculino",lˈɛ.vi
le·ve·da·do,adjetivo,le.ve.dˈa.dʊ
le·ve·dar,verbo,le.ve.dˈa
lê·ve·do,adjetivo,lˈe.ve.dʊ
le·ve·du·ra,"nome feminino",le.ve.dˈu.ɾə
le·ve·men·te,advérbio,lɛ.ve.mˈẽj.tʃi
le·ve·za,"nome feminino",le.vˈe.zə
le·vi·a·na,"nome feminino",le.vjˈə.nə
le·vi·a·na·men·te,advérbio,le.vja.na.mˈẽj.tʃi
le·vi·an·da·de,"nome feminino",le.vjə̃.dˈa.dʒi
le·vi·a·no,adjetivo,le.vjˈə.nʊ
le·vi·a·no,"nome masculino",le.vjˈə.nʊ
le·vi·a·tã,"nome masculino",le.vja.tˈə̃
le·vi·ta,"nome feminino","le.vˈi.tə ou le.vˈi.tə"
le·vi·ta·ção,"nome feminino",le.vi.ta.sˈə̃w
le·vi·tar,verbo,le.vi.tˈa
le·ví·ti·co,adjetivo,le.vˈi.tʃi.kʊ
le·xi·cal,adjetivo,le.ki.si.kˈaw
le·xi·cal·men·te,advérbio,le.ki.si.kaw.mˈẽj.tʃi
lé·xi·co,adjetivo,lˈɛ.ki.si.kʊ
lé·xi·co,"nome masculino",lˈɛ.ki.si.kʊ
le·xi·co·lo·gi·a,"nome feminino",le.ki.si.ko.lo.ʒˈi.jə
le·xi·có·lo·go,"nome masculino",le.ki.si.kˈɔ.lo.gʊ
"le·zí·ri· a","nome feminino",le.zˈi.ɾjə
lha·na·men·te,advérbio,ʎa.na.mˈẽj.tʃi
lha·ne·za,"nome feminino",ʎa.nˈe.zə
lha·no,adjetivo,ʎˈə.nʊ
lhe,pronome,ʎi
li,"nome masculino",li
li·a,"nome feminino",lˈi.ə
li·am·ba,"nome feminino",ljˈə̃.bə
li·a·na,"nome feminino",ljˈə.nə
li·ar,verbo,ljˈa
li·ba·ção,"nome feminino",li.ba.sˈə̃w
li·ba·nês,adjetivo,li.ba.nˈes
li·ba·nês,"nome masculino",li.ba.nˈes
li·ba·ne·sa,"nome feminino",li.ba.nˈe.zə
li·bar,verbo,li.bˈa
li·be·li·nha,"nome feminino",li.be.lˈi.ɲə
li·be·lo,"nome masculino",li.bˈɛ.lʊ
li·bé·lu·la,"nome feminino",li.bˈɛ.lu.lə
lí·ber,"nome masculino",lˈi.bɛɾ
li·be·ra·ção,"nome feminino",li.be.ɾa.sˈə̃w
li·be·ra·do,adjetivo,li.be.ɾˈa.dʊ
li·be·ral,adjetivo,li.be.ɾˈaw
li·be·ral,"nome masculino",li.be.ɾˈaw
li·be·ral,"nome feminino",li.be.ɾˈaw
li·be·ral-de·mo·cra·ta,"nome feminino",li.be.ɾˌaw.de.mo.kɾˈa.tə
li·be·ral-de·mo·cra·ta,"nome masculino",li.be.ɾˌaw.de.mo.kɾˈa.tə
li·be·ra·li·da·de,"nome feminino",li.be.ɾa.li.dˈa.dʒi
li·be·ra·lis·mo,"nome masculino",li.be.ɾa.lˈiz.mʊ
li·be·ra·lis·ta,"nome masculino","li.be.ɾa.lˈis.tə ou li.be.ɾa.lˈis.tə"
li·be·ra·lis·ta,adjetivo,li.be.ɾa.lˈis.tə
li·be·ra·li·za·ção,"nome feminino",li.be.ɾa.li.za.sˈə̃w
li·be·ra·li·zar,verbo,li.be.ɾa.li.zˈa
li·be·ral·men·te,advérbio,li.be.ɾaw.mˈẽj.tʃi
li·be·rar,verbo,li.be.ɾˈa
"li·be·ra·tó·ri· o",adjetivo,li.be.ɾa.tˈɔ.ɾjʊ
li·ber·da·de,"nome feminino",li.beɾ.dˈa.dʒi
li·be·ri·a·na,"nome feminino",li.be.ɾjˈə.nə
li·be·ri·a·no,adjetivo,li.be.ɾjˈə.nʊ
li·be·ri·a·no,"nome masculino",li.be.ɾjˈə.nʊ
"li·bé·ri· o","nome masculino",li.bˈɛ.ɾjʊ
"li·bé·ri· o",adjetivo,li.bˈɛ.ɾjʊ
lí·be·ro,"nome masculino",lˈi.be.ɾʊ
li·bér·ri·mo,adjetivo,li.bˈɛ.xi.mʊ
li·ber·ta,"nome feminino",li.bˈɛɾ.tə
li·ber·ta·ção,"nome feminino",li.beɾ.ta.sˈə̃w
li·ber·ta·do,adjetivo,li.beɾ.tˈa.dʊ
li·ber·ta·dor,"nome masculino",li.beɾ.ta.dˈoɾ
li·ber·ta·dor,adjetivo,li.beɾ.ta.dˈoɾ
li·ber·ta·do·ra,"nome feminino",li.beɾ.ta.dˈo.ɾə
li·ber·tar,verbo,li.beɾ.tˈa
"li·ber·tá·ri· a","nome feminino",li.beɾ.tˈa.ɾjə
"li·ber·tá·ri· o","nome masculino",li.beɾ.tˈa.ɾjʊ
"li·ber·tá·ri· o",adjetivo,li.beɾ.tˈa.ɾjʊ
li·ber·ti·ci·da,"nome feminino",li.beɾ.tʃi.sˈi.də
li·ber·ti·ci·da,"nome masculino",li.beɾ.tʃi.sˈi.də
"li·ber·ti·cí·di· o","nome masculino",li.beɾ.tʃi.sˈi.dʒjʊ
li·ber·ti·na·gem,"nome feminino",li.beɾ.tʃi.nˈa.ʒeɲ
li·ber·ti·na·men·te,advérbio,li.beɾ.tʃi.na.mˈẽj.tʃi
li·ber·ti·no,adjetivo,li.beɾ.tʃˈi.nʊ
li·ber·ti·no,"nome masculino",li.beɾ.tʃˈi.nʊ
li·ber·to,adjetivo,li.bˈɛɾ.tʊ
li·ber·to,"nome masculino",li.bˈɛɾ.tʊ
"lí·bi· a","nome feminino",lˈi.bjə
li·bi·di·no·sa·men·te,advérbio,li.bi.dʒi.no.za.mˈẽj.tʃi
li·bi·di·no·so,adjetivo,li.bi.dʒi.nˈo.zʊ
li·bi·di·no·so,"nome masculino",li.bi.dʒi.nˈo.zʊ
li·bi·do,"nome feminino",li.bˈi.dʊ
lí·bi·do,"nome feminino",lˈi.bi.dʊ
"lí·bi· o","nome masculino",lˈi.bjʊ
"lí·bi· o",adjetivo,lˈi.bjʊ
li·bra,"nome feminino",lˈi.bɾə
li·brar,verbo,li.bɾˈa
li·bré,"nome feminino",li.bɾˈɛ
li·bre·tis·ta,"nome feminino",li.bɾe.tʃˈis.tə
li·bre·tis·ta,"nome masculino",li.bɾe.tʃˈis.tə
li·bre·to,"nome masculino",li.bɾˈe.tʊ
li·ça,"nome feminino",lˈi.sə
li·can·tro·pi·a,"nome feminino",li.kə̃.tɾo.pˈi.jə
li·ção,"nome feminino",li.sˈə̃w
li·ce,"nome feminino",lˈi.si
li·ce·al,adjetivo,li.si.ˈaw
li·ce·al·men·te,advérbio,li.si.aw.mˈẽj.tʃi
li·cen·ça,"nome feminino",li.sˈẽj.sə
li·cen·ci·a·da,"nome feminino",li.sẽ.sjˈa.də
li·cen·ci·a·do,adjetivo,li.sẽ.sjˈa.dʊ
li·cen·ci·a·do,"nome masculino",li.sẽ.sjˈa.dʊ
li·cen·ci·a·men·to,"nome masculino",li.sẽ.sja.mˈẽj.tʊ
li·cen·ci·an·do,"nome masculino",li.sẽ.sjˈə̃.dʊ
li·cen·ci·ar,verbo,li.sẽ.sjˈa
li·cen·ci·a·tu·ra,"nome feminino",li.sẽ.sja.tˈu.ɾə
li·cen·ci·o·sa·men·te,advérbio,li.sẽ.si.ɔ.za.mˈẽj.tʃi
li·cen·ci·o·si·da·de,"nome feminino",li.sẽ.si.o.zi.dˈa.dʒi
li·cen·ci·o·so,adjetivo,li.sẽ.si.ˈo.zʊ
li·ceu,"nome masculino",li.sˈew
"li·cí·ni· a","nome feminino",li.sˈi.njə
"lí·ci· o",adjetivo,lˈi.sjʊ
"lí·ci· o","nome masculino",lˈi.sjʊ
li·ci·ta·ção,"nome feminino",li.si.ta.sˈə̃w
li·ci·ta·dor,"nome masculino",li.si.ta.dˈoɾ
li·ci·ta·dor,adjetivo,li.si.ta.dˈoɾ
li·ci·ta·do·ra,"nome feminino",li.si.ta.dˈo.ɾə
li·ci·ta·men·te,advérbio,li.si.ta.mˈẽj.tʃi
li·ci·tan·te,"nome feminino",li.si.tˈə̃.tʃi
li·ci·tan·te,"nome masculino",li.si.tˈə̃.tʃi
li·ci·tan·te,adjetivo,li.si.tˈə̃.tʃi
li·ci·tar,verbo,li.si.tˈa
lí·ci·to,"nome masculino",lˈi.si.tʊ
lí·ci·to,adjetivo,lˈi.si.tʊ
li·ci·tu·de,"nome feminino",li.si.tˈu.dʒi
li·cor,"nome masculino",li.kˈoɾ
li·cor·ne,"nome masculino",li.kˈɔr.ni
li·co·ro·so,adjetivo,li.ko.ɾˈo.zʊ
li·cra,"nome feminino",lˈi.kɾə
li·da,"nome feminino",lˈi.də
li·da·do,adjetivo,li.dˈa.dʊ
li·da·dor,"nome masculino",li.da.dˈoɾ
li·da·dor,adjetivo,li.da.dˈoɾ
li·dar,verbo,li.dˈa
li·de,"nome masculino",lˈi.dʒi
li·de,"nome feminino",lˈi.dʒi
lí·der,"nome feminino",lˈi.deɾ
lí·der,"nome masculino",lˈi.deɾ
li·de·ra·do,adjetivo,li.de.ɾˈa.dʊ
li·de·ran·ça,"nome feminino",li.de.ɾˈə̃.sə
li·de·ran·te,adjetivo,li.de.ɾˈə̃.tʃi
li·de·rar,verbo,li.de.ɾˈa
li·di·ma·men·te,advérbio,li.dʒi.ma.mˈẽj.tʃi
li·di·mar,verbo,li.dʒi.mˈa
lí·di·mo,adjetivo,lˈi.dʒi.mʊ
"lí·di· o",adjetivo,lˈi.dʒjʊ
"lí·di· o","nome masculino",lˈi.dʒjʊ
li·do,"nome masculino",lˈi.dʊ
li·do,adjetivo,lˈi.dʊ
li·do·ca·í·na,"nome feminino",li.do.ka.ˈi.nə
"lif· ting","nome masculino",
li·ga,"nome masculino",lˈi.gə
li·ga,"nome feminino",lˈi.gə
li·ga·ção,"nome feminino",li.ga.sˈə̃w
li·ga·do,adjetivo,li.gˈa.dʊ
li·ga·du·ra,"nome feminino",li.ga.dˈu.ɾə
li·ga·men·to,"nome masculino",li.ga.mˈẽj.tʊ
li·gar,verbo,li.gˈa
li·gei·ra,"nome feminino",li.ʒˈej.ɾə
li·gei·ra·men·te,advérbio,li.ʒej.ɾa.mˈẽj.tʃi
li·gei·re·za,"nome feminino",li.ʒej.ɾˈe.zə
li·gei·ro,"nome masculino",li.ʒˈej.ɾʊ
li·gei·ro,adjetivo,li.ʒˈej.ɾʊ
li·gei·ro,advérbio,li.ʒˈej.ɾʊ
light,adjetivo,
"lí·gi· o",adjetivo,lˈi.ʒjʊ
"lí·gi· o","nome masculino",lˈi.ʒjʊ
lig·ni·te,"nome feminino",li.gi.nˈi.tʃi
li·lá,adjetivo,li.lˈa
li·la,"nome feminino",lˈi.lə
li·lá,"nome masculino",li.lˈa
li·lás,adjetivo,li.lˈas
li·lás,"nome masculino",li.lˈas
"li·li·á·ce· a","nome feminino",li.ljˈa.sjə
"li·li·á·ce· o",adjetivo,li.ljˈa.sjʊ
li·li·pu·ti·a·na,"nome feminino",li.li.pu.tʃjˈə.nə
li·li·pu·ti·a·no,"nome masculino",li.li.pu.tʃjˈə.nʊ
li·li·pu·ti·a·no,adjetivo,li.li.pu.tʃjˈə.nʊ
li·ma,"nome feminino",lˈi.mə
li·ma·do,adjetivo,li.mˈa.dʊ
li·ma·gem,"nome feminino",li.mˈa.ʒeɲ
li·ma·lha,"nome feminino",li.mˈa.ʎə
li·ma·lhas,"nome feminino",li.mˈa.ʎəs
li·mão,"nome masculino",li.mˈə̃w
li·mar,verbo,li.mˈa
lim·bo,"nome masculino",lˈĩ.bʊ
li·mei·ra,"nome feminino",li.mˈej.ɾə
li·mi·a·no,adjetivo,li.mjˈə.nʊ
li·mi·ar,"nome masculino",li.mjˈaɾ
li·mí·co·la,adjetivo,li.mˈi.ko.lə
li·mi·nar,"nome masculino",li.mi.nˈaɾ
li·mi·nar,adjetivo,li.mi.nˈaɾ
li·mi·nar·men·te,advérbio,li.mi.naɾ.mˈẽj.tʃi
li·mi·ta·ção,"nome feminino",li.mi.ta.sˈə̃w
li·mi·ta·da·men·te,advérbio,li.mi.ta.da.mˈẽj.tʃi
li·mi·ta·do,adjetivo,li.mi.tˈa.dʊ
li·mi·tan·te,adjetivo,li.mi.tˈə̃.tʃi
li·mi·tar,verbo,li.mi.tˈa
li·mi·ta·ti·va·men·te,advérbio,li.mi.ta.tʃi.va.mˈẽj.tʃi
li·mi·ta·ti·vo,adjetivo,li.mi.ta.tʃˈi.vʊ
li·mi·te,"nome masculino",li.mˈi.tʃi
li·mí·tro·fe,adjetivo,li.mˈi.tɾo.fi
li·mo,"nome masculino",lˈi.mʊ
li·mo·ei·ro,"nome masculino",li.mwˈej.ɾʊ
li·mo·na·da,"nome feminino",li.mo.nˈa.də
lim·pa,"nome feminino",lˈĩ.pə
lim·pa-cha·mi·nés,"nome masculino",lˌĩ.pə.ʃa.mi.nˈɛs
lim·pa-ne·ves,"nome masculino",lˌĩ.pə.nˈɛ.vis
lim·pa-pa·ra-bri·sas,"nome masculino",lˌĩ.pə.pa.ɾə.bɾˈi.zəs
lim·pa-vi·dros,"nome masculino",lˌĩ.pə.vˈi.dɾʊs
lim·pa·dor,adjetivo,lĩ.pa.dˈoɾ
lim·pa·dor,"nome masculino",lĩ.pa.dˈoɾ
lim·pa·men·te,advérbio,lĩ.pa.mˈẽj.tʃi
lim·par,verbo,lĩ.pˈa
lim·pe·za,"nome feminino",lĩ.pˈe.zə
lim·pi·da·men·te,advérbio,lĩ.pi.da.mˈẽj.tʃi
lim·pi·dez,"nome feminino",lĩ.pi.dˈes
lím·pi·do,adjetivo,lˈĩ.pi.dʊ
lim·po,"nome masculino",lˈĩ.pʊ
lim·po,adjetivo,lˈĩ.pʊ
lim·po,advérbio,lˈĩ.pʊ
li·mu·si·na,"nome feminino",li.mu.zˈi.nə
li·mu·si·no,adjetivo,li.mu.zˈi.nʊ
lin·ce,"nome masculino",lˈĩ.si
lin·cha·do,adjetivo,lĩ.ʃˈa.dʊ
lin·cha·dor,"nome masculino",lĩ.ʃa.dˈoɾ
lin·cha·dor,adjetivo,lĩ.ʃa.dˈoɾ
lin·cha·men·to,"nome masculino",lĩ.ʃa.mˈẽj.tʊ
lin·char,verbo,lĩ.ʃˈa
lin·da,"nome feminino","lˈĩ.də ou lˈĩ.də"
lin·da·men·te,advérbio,lĩ.da.mˈẽj.tʃi
lin·dar,verbo,lĩ.dˈa
lin·de,"nome masculino",lˈĩ.dʒi
lin·de·za,"nome feminino",lĩ.dˈe.zə
lin·do,adjetivo,lˈĩ.dʊ
li·ne·a·men·to,"nome masculino",li.ni.a.mˈẽj.tʊ
li·ne·ar,adjetivo,li.ni.ˈaɾ
li·ne·a·ri·da·de,"nome feminino",li.ni.a.ɾi.dˈa.dʒi
"lí·ne· o",adjetivo,lˈi.njʊ
lin·fa,"nome feminino",lˈĩ.fə
lin·far,verbo,lĩ.fˈa
lin·fá·ti·ca,"nome feminino",lĩ.fˈa.tʃi.kə
lin·fá·ti·co,"nome masculino",lĩ.fˈa.tʃi.kʊ
lin·fá·ti·co,adjetivo,lĩ.fˈa.tʃi.kʊ
lin·fó·ci·to,"nome masculino",lĩ.fˈɔ.si.tʊ
lin·foi·de,adjetivo,lĩ.fˈɔj.dʒi
lin·fo·ma,"nome masculino",lĩ.fˈo.mə
lin·ga,"nome feminino","lˈĩ.gə ou lˈĩ.gə"
lin·gar,verbo,lĩɲ.gˈa
"lin· ge· rie","nome feminino",
lin·go·te,"nome masculino",lĩɲ.gˈɔ.tʃi
lin·gri·nhas,"nome masculino","lĩ.gɾˈi.ɲəs ou lĩ.gɾˈi.ɲəs"
lin·gri·nhas,adjetivo,lĩ.gɾˈi.ɲəs
lín·gua,"nome feminino",lˈĩ.gwə
lín·gua,"nome masculino",lˈĩ.gwə
lin·gua·do,"nome masculino",lĩ.gwˈa.dʊ
lin·gua·gem,"nome feminino",lĩ.gwˈa.ʒeɲ
lin·gua·jar,verbo,lĩ.gwa.ʒˈa
lin·gua·jar,"nome masculino",lĩ.gwa.ʒˈaɾ
lin·gual,"nome feminino",lĩ.gwˈaw
lin·gual,adjetivo,lĩ.gwˈaw
lin·gua·re·jar,verbo,lĩ.gwa.ɾe.ʒˈa
lin·gua·ru·do,"nome masculino",lĩ.gwa.ɾˈu.dʊ
lin·gua·ru·do,adjetivo,lĩ.gwa.ɾˈu.dʊ
lin·guei·rão,"nome masculino",lĩ.gej.ɾˈə̃w
lin·gue·ta,"nome feminino",lĩ.gwˈe.tə
lin·gui·ça,"nome masculino","lĩ.gwˈi.sə ou lĩ.gwˈi.sə"
lin·guis·ta,"nome masculino",lĩ.gwˈis.tə
lin·guis·ta,"nome feminino",lĩ.gwˈis.tə
lin·guís·ti·ca,"nome feminino",lĩ.gwˈis.tʃi.kə
lin·guis·ti·ca·men·te,advérbio,lĩ.gwis.tʃi.ka.mˈẽj.tʃi
lin·guís·ti·co,adjetivo,lĩ.gwˈis.tʃi.kʊ
li·nha,"nome feminino",lˈi.ɲə
"li·nha de á·gua","nome feminino",lˌi.ɲə.dʒi.ˈa.gwə
li·nha·ça,"nome feminino",li.ɲˈa.sə
li·nha·gem,"nome feminino",li.ɲˈa.ʒeɲ
li·nhal,"nome masculino",li.ɲˈaw
li·nhar,"nome masculino",li.ɲˈaɾ
li·nho,"nome masculino",lˈi.ɲʊ
link,"nome masculino",
li·no·lei·co,"nome masculino",li.nɔ.lˈej.kʊ
li·no·lei·co,adjetivo,li.nɔ.lˈej.kʊ
"li·nó·le· o","nome masculino",li.nˈɔ.ljʊ
lin·tel,"nome masculino",lĩ.tˈɛw
li·o,"nome masculino",lˈi.ʊ
li·o·fi·li·za·ção,"nome feminino",li.o.fi.li.za.sˈə̃w
li·o·fi·li·za·do,adjetivo,li.o.fi.li.zˈa.dʊ
li·o·fi·li·zar,verbo,li.o.fi.li.zˈa
li·o·nês,adjetivo,li.o.nˈes
li·o·nês,"nome masculino",li.o.nˈes
li·oz,"nome masculino","li.ˈɔs ou li.ˈɔs"
li·oz,adjetivo,li.ˈɔs
li·pa,"nome feminino",lˈi.pə
lí·pi·do,"nome masculino",lˈi.pi.dʊ
li·po·as·pi·ra·ção,"nome feminino",li.po.as.pi.ɾa.sˈə̃w
li·po·pro·te·í·na,"nome feminino",li.po.pɾo.te.ˈi.nə
li·pos·so·ma,"nome masculino",li.po.sˈo.mə
li·pos·suc·ção,"nome feminino",li.po.su.kə.sˈə̃w
li·po·ti·mi·a,"nome feminino",li.po.tʃi.mˈi.jə
li·que·fac·ção,"nome feminino",li.ke.fa.kə.sˈə̃w
li·que·fa·zer,verbo,li.ke.fa.zˈe
li·que·fei·to,adjetivo,li.ke.fˈejtʊ
lí·quen,"nome masculino",lˈi.kẽj
lí·qui·da,"nome feminino",lˈi.ki.də
li·qui·da·ção,"nome feminino",li.ki.da.sˈə̃w
li·qui·da·do,adjetivo,li.ki.dˈa.dʊ
li·qui·da·dor,"nome masculino",li.ki.da.dˈoɾ
li·qui·da·dor,adjetivo,li.ki.da.dˈoɾ
li·qui·dar,verbo,li.ki.dˈa
"li·qui·da·tá·ri· a","nome feminino",li.ki.da.tˈa.ɾjə
"li·qui·da·tá·ri· o","nome masculino",li.ki.da.tˈa.ɾjʊ
"li·qui·da·tá·ri· o",adjetivo,li.ki.da.tˈa.ɾjʊ
li·qui·dez,"nome feminino",li.ki.dˈes
li·qui·di·fi·ca·ção,"nome feminino",li.ki.dʒi.fi.ka.sˈə̃w
li·qui·di·fi·ca·dor,"nome masculino",li.ki.dʒi.fi.ka.dˈoɾ
li·qui·di·fi·ca·dor,adjetivo,li.ki.dʒi.fi.ka.dˈoɾ
lí·qui·do,adjetivo,lˈi.ki.dʊ
lí·qui·do,"nome masculino",lˈi.ki.dʊ
li·ra,"nome feminino",lˈi.ɾə
lí·ri·ca,"nome feminino",lˈi.ɾi.kə
li·ri·ca·men·te,advérbio,li.ɾi.ka.mˈẽj.tʃi
lí·ri·co,"nome masculino",lˈi.ɾi.kʊ
lí·ri·co,adjetivo,lˈi.ɾi.kʊ
"lí·ri· o","nome masculino",lˈi.ɾjʊ
li·ris·mo,"nome masculino",li.ɾˈiz.mʊ
lis,"nome masculino",lˈis
li·sa·men·te,advérbio,li.za.mˈẽj.tʃi
lis·bo·a,"nome feminino",liz.bˈo.ə
lis·bo·e·ta,"nome masculino","liz.bwˈe.tə ou liz.bwˈe.tə"
lis·bo·e·ta,adjetivo,liz.bwˈe.tə
lis·bo·e·ta,"nome feminino",liz.bwˈe.tə
lis·bo·nen·se,"nome masculino","liz.bo.nˈẽj.si ou liz.bo.nˈẽj.si"
lis·bo·nen·se,adjetivo,liz.bo.nˈẽj.si
lis·bo·nês,"nome masculino",liz.bo.nˈes
lis·bo·nês,adjetivo,liz.bo.nˈes
lis·bo·ni·no,"nome masculino",liz.bo.nˈi.nʊ
lis·bo·ni·no,adjetivo,liz.bo.nˈi.nʊ
li·se,"nome feminino",lˈi.zi
li·sér·gi·co,adjetivo,li.zˈɛɾ.ʒi.kʊ
li·si·na,"nome feminino",li.zˈi.nə
"lí·si· o",adjetivo,lˈi.zju
li·so,adjetivo,lˈi.zʊ
li·son·ja,"nome feminino",li.zˈõ.ʒə
li·son·je·a·do,adjetivo,li.zõ.ʒi.ˈa.dʊ
li·son·je·a·dor,"nome masculino",li.zõ.ʒi.a.dˈoɾ
li·son·je·a·dor,adjetivo,li.zõ.ʒi.a.dˈoɾ
li·son·je·a·do·ra,"nome feminino",li.zõ.ʒi.a.dˈo.ɾə
li·son·je·ar,verbo,li.zõ.ʒi.ˈa
li·son·jei·ra·men·te,advérbio,li.zõ.ʒej.ɾa.mˈẽj.tʃi
li·son·jei·ro,"nome masculino",li.zõ.ʒˈej.ɾʊ
li·son·jei·ro,adjetivo,li.zõ.ʒˈej.ɾʊ
lis·ta,"nome feminino",lˈis.tə
lis·ta·do,adjetivo,lis.tˈa.dʊ
lis·ta·gem,"nome feminino",lis.tˈa.ʒeɲ
lis·tão,"nome masculino",lis.tˈə̃w
lis·tão,adjetivo,lis.tˈə̃w
lis·tar,verbo,lis.tˈa
lis·tel,"nome masculino",lis.tˈɛw
lis·tra,"nome feminino",lˈis.tɾə
lis·tra·do,adjetivo,lis.tɾˈa.dʊ
lis·trar,verbo,lis.tɾˈa
li·su·ra,"nome feminino",li.zˈu.ɾə
li·ta,"nome masculino",lˈi.tə
li·ta·ni·a,"nome feminino",li.ta.nˈi.jə
li·tar,verbo,li.tˈa
li·tei·ra,"nome feminino",li.tˈej.ɾə
li·te·ra·ci·a,"nome feminino",li.te.ɾa.sˈi.jə
li·te·ral,adjetivo,li.te.ɾˈaw
li·te·ra·li·da·de,"nome feminino",li.te.ɾa.li.dˈa.dʒi
li·te·ral·men·te,advérbio,li.te.ɾaw.mˈẽj.tʃi
li·te·ra·ri·a·men·te,advérbio,li.te.ɾa.ɾja.mˈẽj.tʃi
li·te·ra·ri·e·da·de,"nome feminino",li.te.ɾa.ɾi.e.dˈa.dʒi
"li·te·rá·ri· o",adjetivo,li.te.ɾˈa.ɾjʊ
li·te·ra·ta,"nome feminino",li.te.ɾˈa.tə
li·te·ra·ti·ce,"nome feminino",li.te.ɾa.tʃˈi.si
li·te·ra·to,"nome masculino",li.te.ɾˈa.tʊ
li·te·ra·to,adjetivo,li.te.ɾˈa.tʊ
li·te·ra·tu·ra,"nome feminino",li.te.ɾa.tˈu.ɾə
lí·ti·co,adjetivo,lˈi.tʃi.kʊ
li·ti·ga·ção,"nome feminino",li.tʃi.ga.sˈə̃w
li·ti·gan·te,"nome feminino",li.tʃi.gˈə̃.tʃi
li·ti·gan·te,adjetivo,li.tʃi.gˈə̃.tʃi
li·ti·gan·te,"nome masculino",li.tʃi.gˈə̃.tʃi
li·ti·gar,verbo,li.tʃi.gˈa
li·ti·gi·ar,verbo,li.tʃi.ʒjˈa
"li·tí·gi· o","nome masculino",li.tʃˈi.ʒjʊ
li·ti·gi·o·sa·men·te,advérbio,li.tʃi.ʒi.ɔ.za.mˈẽj.tʃi
li·ti·gi·o·so,adjetivo,li.tʃi.ʒi.ˈo.zʊ
"lí·ti· o","nome masculino",lˈi.tʃjʊ
li·to·gra·far,verbo,li.to.gɾa.fˈa
li·to·gra·fi·a,"nome feminino",li.to.gɾa.fˈi.jə
li·to·gra·fi·ca·men·te,advérbio,li.to.gɾa.fi.ka.mˈẽj.tʃi
li·to·grá·fi·co,adjetivo,li.to.gɾˈa.fi.kʊ
li·tó·gra·fo,"nome masculino",li.tˈɔ.gɾa.fʊ
li·to·ral,adjetivo,li.to.ɾˈaw
li·to·ral,"nome masculino",li.to.ɾˈaw
li·tos·fe·ra,"nome feminino",li.tos.fˈɛ.ɾə
li·to·te,"nome feminino",li.tˈɔ.tʃi
li·to·tes,"nome feminino",li.tˈɔ.tʃis
"li·to·trí·ci· a","nome feminino",li.tɔ.tɾˈi.sjə
li·tro,"nome masculino",lˈi.tɾʊ
li·tu·a·na,"nome feminino",li.twˈə.nə
"li·tu·â·ni· o",adjetivo,li.twˈə.njʊ
li·tu·a·no,"nome masculino",li.twˈə.nʊ
li·tu·a·no,adjetivo,li.twˈə.nʊ
li·tur·gi·a,"nome feminino",li.tuɾ.ʒˈi.jə
li·tur·gi·ca·men·te,advérbio,li.tuɾ.ʒi.ka.mˈẽj.tʃi
li·túr·gi·co,adjetivo,li.tˈuɾ.ʒi.kʊ
li·tur·gis·ta,"nome masculino","li.tuɾ.ʒˈis.tə ou li.tuɾ.ʒˈis.tə"
li·vi·dez,"nome feminino",li.vi.dˈes
lí·vi·do,adjetivo,lˈi.vi.dʊ
"li·vó·ni· o",adjetivo,li.vˈɔ.njʊ
li·vor,"nome masculino",li.vˈoɾ
li·vra,interjeição,lˈi.vɾə
li·vra·ção,"nome feminino",li.vɾa.sˈə̃w
li·vra·men·to,"nome masculino",li.vɾa.mˈẽj.tʊ
li·vran·ça,"nome feminino",li.vɾˈə̃.sə
li·vrar,verbo,li.vɾˈa
li·vra·ri·a,"nome feminino",li.vɾa.ɾˈi.jə
li·vre,"nome masculino",lˈi.vɾi
li·vre,advérbio,lˈi.vɾi
li·vre,adjetivo,lˈi.vɾi
"li·vre-ar·bí·tri· o","nome masculino",lˌi.vɾi.aɾ.bˈi.tɾjʊ
"li·vre-câm·bi· o","nome masculino",lˌi.vɾi.kˈə̃.bjʊ
li·vre-cam·bis·mo,"nome masculino",lˌi.vɾi.kə̃.bˈiz.mʊ
li·vre-cam·bis·ta,"nome masculino",lˌi.vɾi.kə̃.bˈis.tə
li·vre-cam·bis·ta,adjetivo,lˌi.vɾi.kə̃.bˈis.tə
li·vre-cam·bis·ta,"nome feminino",lˌi.vɾi.kə̃.bˈis.tə
li·vre-pen·sa·dor,adjetivo,lˌi.vɾi.pẽ.sa.dˈoɾ
li·vre-pen·sa·dor,"nome masculino",lˌi.vɾi.pẽ.sa.dˈoɾ
li·vre-pen·sa·men·to,"nome masculino",lˌi.vɾi.pẽ.sa.mˈẽj.tʊ
li·vrei·ra,"nome feminino",li.vɾˈej.ɾə
li·vrei·ro,adjetivo,li.vɾˈej.ɾʊ
li·vrei·ro,"nome masculino",li.vɾˈej.ɾʊ
li·vre·men·te,advérbio,li.vɾe.mˈẽj.tʃi
li·vres·co,adjetivo,li.vɾˈes.kʊ
li·vre·te,"nome masculino",li.vɾˈe.tʃi
li·vre·to,"nome masculino",li.vɾˈe.tʊ
li·vri·nho,"nome masculino",li.vɾˈi.ɲʊ
li·vro,"nome masculino",lˈi.vɾʊ
li·vro-cai·xa,"nome masculino",lˌi.vɾʊ.kˈaj.ʃə
li·xa,"nome feminino",lˈi.ʃə
li·xa·dei·ra,"nome feminino",li.ʃa.dˈej.ɾə
li·xar,verbo,li.ʃˈa
li·xei·ra,"nome feminino","li.ʃˈej.ɾə ou li.ʃˈej.ɾə"
li·xei·ro,"nome masculino",li.ʃˈej.ɾʊ
"li·xí·vi· a","nome feminino",li.ʃˈi.vjə
li·xi·vi·a·ção,"nome feminino",li.ʃi.vja.sˈə̃w
li·xi·vi·a·do,adjetivo,li.ʃi.vjˈa.dʊ
li·xi·vi·an·te,adjetivo,li.ʃi.vjˈə̃.tʃi
li·xi·vi·ar,verbo,li.ʃi.vjˈa
li·xo,"nome masculino",lˈi.ʃʊ
li·zar,verbo,li.zˈa
ló,"nome masculino",lˈɔ
lo,pronome,"lˈu ou lˈu"
lo·a,"nome feminino",lˈo.ə
lo·ba,"nome feminino",lˈo.bə
lo·bal,adjetivo,lo.bˈaw
lo·bão,"nome masculino",lo.bˈə̃w
lo·ba·to,"nome masculino",lo.bˈa.tʊ
"lob· by","nome masculino",
lo·bei·ro,adjetivo,lo.bˈej.ɾʊ
lo·bi·nho,"nome masculino",lo.bˈi.ɲʊ
lo·bi·so·mem,"nome masculino",lo.bi.zˈo.meɲ
lo·bis·ta,"nome masculino",lo.bˈis.tə
lo·bis·ta,"nome feminino",lo.bˈis.tə
lo·bi·to,"nome masculino",lo.bˈi.tʊ
lo·bo,"nome masculino",lˈo.bʊ
lo·bo-ma·ri·nho,"nome masculino",lˌo.bʊ.ma.ɾˈi.ɲʊ
lo·bo·lar,verbo,lo.bo.lˈa
lo·bo·lo,"nome masculino",lo.bˈo.lʊ
lo·bo·to·mi·a,"nome feminino",lo.bo.to.mˈi.jə
lo·bo·to·mi·zar,verbo,lo.bo.to.mi.zˈa
lo·bri·gar,verbo,lo.bɾi.gˈa
ló·bu·lo,"nome masculino",lˈɔ.bu.lʊ
lo·ca,"nome feminino",lˈɔ.kə
lo·ca·ção,"nome feminino",lo.ka.sˈə̃w
lo·ca·dor,"nome masculino",lo.ka.dˈoɾ
lo·ca·dor,adjetivo,lo.ka.dˈoɾ
lo·cal,"nome masculino",lo.kˈaw
lo·cal,adjetivo,lo.kˈaw
lo·cal,"nome feminino",lo.kˈaw
lo·ca·li·da·de,"nome feminino",lo.ka.li.dˈa.dʒi
lo·ca·lis·mo,"nome masculino",lo.ka.lˈiz.mʊ
lo·ca·lis·ta,"nome masculino",lo.ka.lˈis.tə
lo·ca·lis·ta,"nome feminino",lo.ka.lˈis.tə
lo·ca·li·za·ção,"nome feminino",lo.ka.li.za.sˈə̃w
lo·ca·li·za·do,adjetivo,lo.ka.li.zˈa.dʊ
lo·ca·li·zar,verbo,lo.ka.li.zˈa
lo·ca·li·zá·vel,adjetivo,lo.ka.li.zˈa.vew
lo·cal·men·te,advérbio,lo.kaw.mˈẽj.tʃi
lo·ção,"nome feminino",lo.sˈə̃w
lo·car,verbo,lo.kˈa
"lo·ca·tá·ri· o","nome masculino",lo.ka.tˈa.ɾjʊ
lo·ca·ti·vo,adjetivo,lo.ka.tʃˈi.vʊ
"loc· kout","nome masculino",
lo·co,"nome masculino",lˈɔ.kʊ
lo·co·mo·ção,"nome feminino",lo.ko.mo.sˈə̃w
lo·co·mo·ti·va,"nome feminino",lo.ko.mo.tʃˈi.və
lo·co·mo·ti·vo,adjetivo,lo.ko.mo.tʃˈi.vʊ
lo·co·mo·tor,adjetivo,lo.ko.mo.tˈoɾ
lo·co·mo·to·ra,"nome feminino",lo.ko.mo.tˈo.ɾə
lo·co·mo·ver,verbo,lo.ko.mo.vˈe
lo·cu·ção,"nome feminino",lo.ku.sˈə̃w
lo·cu·ple·tar,verbo,lo.ku.ple.tˈa
lo·cus,"nome masculino",lˈɔ.kʊs
lo·cu·tor,"nome masculino",lo.ku.tˈoɾ
lo·cu·tor,adjetivo,lo.ku.tˈoɾ
lo·cu·to·ra,"nome feminino",lo.ku.tˈo.ɾə
"lo·cu·tó·ri· o","nome masculino",lo.ku.tˈɔ.ɾjʊ
"lo·cu·tó·ri· o",adjetivo,lo.ku.tˈɔ.ɾjʊ
lo·da·çal,"nome masculino",lo.da.sˈaw
ló·dão,"nome masculino",lˈɔ.də̃w
lo·do,"nome masculino",lˈo.dʊ
lo·do·so,adjetivo,lo.dˈo.zʊ
lo·do·so,"nome masculino",lo.dˈo.zʊ
lo·en·dro,"nome masculino",lwˈẽj.dɾʊ
lo·ga·rít·mi·co,adjetivo,lo.ga.ɾˈi.ti.mi.kʊ
lo·ga·rit·mo,"nome masculino",lo.ga.ɾˈi.tə.mʊ
ló·gi·ca,"nome feminino",lˈɔ.ʒi.kə
lo·gi·ca·men·te,advérbio,lɔ.ʒi.ka.mˈẽj.tʃi
lo·gi·cis·mo,"nome masculino",lɔ.ʒi.sˈiz.mʊ
ló·gi·co,"nome masculino",lˈɔ.ʒi.kʊ
ló·gi·co,adjetivo,lˈɔ.ʒi.kʊ
lo·gís·ti·ca,"nome feminino",lo.ʒˈis.tʃi.kə
lo·gis·ti·ca·men·te,advérbio,lo.ʒis.tʃi.ka.mˈẽj.tʃi
lo·gís·ti·co,adjetivo,lo.ʒˈis.tʃi.kʊ
lo·gís·ti·co,"nome masculino",lo.ʒˈis.tʃi.kʊ
lo·go,advérbio,lˈɔ.gʊ
lo·go,conjunção,lˈɔ.gʊ
lo·gor·rei·a,"nome feminino",lo.go.xˈej.jə
lo·gos,"nome masculino",lˈɔ.gʊs
lo·go·ti·po,"nome masculino",lo.go.tʃˈi.pʊ
lo·gó·ti·po,"nome masculino",lo.gˈɔ.tʃi.pʊ
lo·gra·do,adjetivo,lo.gɾˈa.dʊ
lo·gra·dou·ro,"nome masculino",lo.gɾa.dˈo.ɾʊ
lo·grar,verbo,lo.gɾˈa
lo·gro,"nome masculino",lˈo.gɾʊ
loi·ça,"nome feminino",lˈoj.sə
loi·o,"nome masculino",lˈɔj.jʊ
loi·o,adjetivo,lˈɔj.jʊ
loi·ra,"nome feminino","lˈoj.ɾə ou lˈoj.ɾə"
loi·ra·ça,"nome feminino",loj.ɾˈa.sə
loi·ra·ço,adjetivo,loj.ɾˈa.sʊ
loi·rar,verbo,loj.ɾˈa
loi·ro,"nome masculino",lˈoj.ɾʊ
loi·ro,adjetivo,lˈoj.ɾʊ
loi·sa,"nome feminino",lˈoj.zə
lo·ja,"nome feminino",lˈɔ.ʒə
lo·je·ca,"nome feminino",lo.ʒˈɛ.kə
lo·jis·ta,"nome masculino",lo.ʒˈis.tə
lo·jis·ta,"nome feminino",lo.ʒˈis.tə
lom·ba,"nome feminino",lˈõ.bə
lom·ba·da,"nome feminino",lõ.bˈa.də
lom·bal·gi·a,"nome feminino",lõ.baw.ʒˈi.jə
lom·bar,verbo,lõ.bˈa
lom·bar,adjetivo,lõ.bˈaɾ
lom·bar·da,"nome feminino",lõ.bˈaɾ.də
lom·bar·do,adjetivo,lõ.bˈaɾ.dʊ
lom·bar·do,"nome masculino",lõ.bˈaɾ.dʊ
lom·bi·nho,"nome masculino",lõ.bˈi.ɲʊ
lom·bo,"nome masculino",lˈõ.bʊ
lom·bri·ga,"nome feminino",lõ.bɾˈi.gə
lo·na,"nome masculino",lˈo.nə
lo·na,"nome feminino",lˈo.nə
lon·dri·na,"nome feminino",lõ.dɾˈi.nə
lon·dri·no,"nome masculino",lõ.dɾˈi.nʊ
lon·dri·no,adjetivo,lõ.dɾˈi.nʊ
lon·ga,"nome feminino",lˈõ.gə
lon·ga·da,"nome feminino",lõ.gˈa.də
lon·ga·men·te,advérbio,lõ.ga.mˈẽj.tʃi
lon·ga·ri·na,"nome feminino",lõ.ga.ɾˈi.nə
lon·ge,adjetivo,lˈõ.ʒi
lon·ge,advérbio,lˈõ.ʒi
lon·ge,"nome masculino",lˈõ.ʒi
lon·ge·vi·da·de,"nome feminino",lõ.ʒe.vi.dˈa.dʒi
lon·ge·vo,adjetivo,lõ.ʒˈe.vʊ
"lon·gi·lí·ne· o",adjetivo,lõ.ʒi.lˈi.njʊ
lon·gin·qua·men·te,advérbio,lõ.ʒĩ.kwa.mˈẽj.tʃi
lon·gín·quo,adjetivo,lõ.ʒˈĩ.kwʊ
lon·gi·tu·de,"nome feminino",lõ.ʒi.tˈu.dʒi
lon·gi·tu·di·nal,adjetivo,lõ.ʒi.tu.dʒi.nˈaw
lon·gi·tu·di·nal·men·te,advérbio,lõ.ʒi.tu.dʒi.naw.mˈẽj.tʃi
lon·go,adjetivo,lˈõ.gʊ
lon·guei·ro,adjetivo,lõ.gˈej.ɾʊ
lon·gu·ra,"nome feminino",lõ.gˈu.ɾə
lon·ju·ra,"nome feminino",lõ.ʒˈu.ɾə
lon·tra,"nome feminino",lˈõ.tɾə
lon·tra,"nome masculino",lˈõ.tɾə
look,"nome masculino",
lo·qua·ci·da·de,"nome feminino",lo.kwa.si.dˈa.dʒi
lo·quaz,adjetivo,lo.kwˈas
lo·quaz·men·te,advérbio,lo.kwaz.mˈẽj.tʃi
lo·ra,"nome feminino",lˈo.ɾə
lor·ca,"nome feminino",lˈɔɾ.kə
lor·cha,"nome feminino",lˈɔɾ.ʃə
lor·de,adjetivo,lˈɔɾ.dʒi
lor·de,"nome masculino",lˈɔɾ.dʒi
lo·re·na,"nome feminino",lo.ɾˈe.nə
lo·re·no,adjetivo,lo.ɾˈe.nʊ
lor·ga,"nome feminino",lˈɔɾ.gə
lo·ri·ga,"nome feminino",lo.ɾˈi.gə
lo·ro,"nome masculino",lˈɔ.ɾʊ
lor·pa,"nome masculino","lˈoɾ.pə ou lˈoɾ.pə"
lor·pa,adjetivo,lˈoɾ.pə
lo·san·go,"nome masculino",lo.zˈə̃.gʊ
lo·ta,"nome feminino",lˈɔ.tə
lo·ta·ção,"nome feminino",lo.ta.sˈə̃w
lo·ta·do,adjetivo,lo.tˈa.dʊ
lo·tar,verbo,lo.tˈa
lo·ta·ri·a,"nome feminino",lo.ta.ɾˈi.jə
lo·te,"nome masculino",lˈɔ.tʃi
lo·te·a·do,adjetivo,lo.tʃi.ˈa.dʊ
lo·te·a·men·to,"nome masculino",lo.tʃi.a.mˈẽj.tʊ
lo·te·ar,verbo,lo.tʃi.ˈa
lo·ti,"nome masculino",lˈɔ.tʃi
lo·to,"nome masculino",lˈɔ.tʊ
ló·tus,"nome masculino",lˈɔ.tʊs
lou·ca,"nome feminino",lˈo.kə
lou·ça,"nome feminino",lˈo.sə
lou·ca·men·te,advérbio,lo.ka.mˈẽj.tʃi
lou·ção,adjetivo,lo.sˈə̃w
lou·cei·ro,"nome masculino",lo.sˈej.ɾʊ
lou·co,adjetivo,lˈo.kʊ
lou·co,"nome masculino",lˈo.kʊ
lou·cu·ra,"nome feminino",lo.kˈu.ɾə
lou·del,"nome masculino",lo.dˈɛw
lou·le·ta·na,"nome feminino",lo.le.tˈə.nə
lou·le·ta·no,"nome masculino",lo.le.tˈə.nʊ
lou·le·ta·no,adjetivo,lo.le.tˈə.nʊ
lou·ra,"nome feminino","lˈo.ɾə ou lˈo.ɾə"
lou·ra·ça,"nome feminino",lo.ɾˈa.sə
lou·ra·ço,adjetivo,lo.ɾˈa.sʊ
lou·rar,verbo,lo.ɾˈa
lou·re·cer,verbo,lo.ɾe.sˈe
lou·rei·ra,"nome feminino",lo.ɾˈej.ɾə
lou·rei·ro,"nome masculino",lo.ɾˈej.ɾʊ
lou·ri·nha·nen·se,adjetivo,lo.ɾi.ɲa.nˈẽj.si
lou·ri·nha·nen·se,"nome masculino","lo.ɾi.ɲa.nˈẽj.si ou lo.ɾi.ɲa.nˈẽj.si"
lou·ro,adjetivo,lˈo.ɾʊ
lou·ro,"nome masculino",lˈo.ɾʊ
lou·sa,"nome feminino",lˈo.zə
lou·sa·den·se,"nome masculino","lo.za.dˈẽj.si ou lo.za.dˈẽj.si"
lou·sa·den·se,adjetivo,lo.za.dˈẽj.si
lou·sa·nen·se,"nome masculino","lo.za.nˈẽj.si ou lo.za.nˈẽj.si"
lou·sa·nen·se,adjetivo,lo.za.nˈẽj.si
lou·são,adjetivo,lo.zˈə̃w
lou·sei·ra,"nome feminino",lo.zˈej.ɾə
lou·va-a-deus,"nome masculino",lˌo.və.ə.dˈews
lou·va·ção,"nome feminino",lo.va.sˈə̃w
lou·va·da,"nome feminino",lo.vˈa.də
lou·va·do,adjetivo,lo.vˈa.dʊ
lou·va·do,"nome masculino",lo.vˈa.dʊ
lou·va·mi·nha,"nome feminino","lo.va.mˈi.ɲə ou lo.va.mˈi.ɲə"
lou·va·mi·nhar,verbo,lo.va.mi.ɲˈa
lou·var,verbo,lo.vˈa
lou·var,"nome masculino",lo.vˈaɾ
lou·vá·vel,adjetivo,lo.vˈa.vew
lou·va·vel·men·te,advérbio,lo.va.vew.mˈẽj.tʃi
lou·vor,"nome masculino",lo.vˈoɾ
"low-pro· fi· le",adjetivo,
lu·a,"nome feminino",lˈu.ə
"lu·a de mel","nome feminino",lˌu.ə.dʒi.mˈɛw
lu·an·da,"nome masculino",lwˈə̃.də
lu·an·da,"nome feminino",lwˈə̃.də
lu·an·den·se,adjetivo,lwə̃.dˈẽj.si
lu·an·den·se,"nome masculino","lwə̃.dˈẽj.si ou lwə̃.dˈẽj.si"
lu·ar,"nome masculino",lwˈaɾ
lu·bri·ca·men·te,advérbio,lu.bɾi.ka.mˈẽj.tʃi
lu·bri·ci·da·de,"nome feminino",lu.bɾi.si.dˈa.dʒi
lú·bri·co,adjetivo,lˈu.bɾi.kʊ
lu·bri·fi·ca·ção,"nome feminino",lu.bɾi.fi.ka.sˈə̃w
lu·bri·fi·ca·do,adjetivo,lu.bɾi.fi.kˈa.dʊ
lu·bri·fi·ca·dor,adjetivo,lu.bɾi.fi.ka.dˈoɾ
lu·bri·fi·ca·dor,"nome masculino",lu.bɾi.fi.ka.dˈoɾ
lu·bri·fi·can·te,adjetivo,lu.bɾi.fi.kˈə̃.tʃi
lu·bri·fi·can·te,"nome masculino",lu.bɾi.fi.kˈə̃.tʃi
lu·bri·fi·car,verbo,lu.bɾi.fi.kˈa
lu·ca,"nome feminino",lˈu.kə
lu·car·na,"nome feminino",lu.kˈar.nə
lu·cas,"nome masculino",lˈu.kəs
lu·cer·na,"nome feminino",lu.sˈɛr.nə
lu·char,verbo,lu.ʃˈa
lu·cho,"nome masculino",lˈu.ʃʊ
"lú·ci· a","nome feminino",lˈu.sjə
lu·ci·da·men·te,advérbio,lu.si.da.mˈẽj.tʃi
lu·ci·dar,verbo,lu.si.dˈa
lu·ci·dez,"nome feminino",lu.si.dˈes
lú·ci·do,adjetivo,lˈu.si.dʊ
lu·ci·fe·ra·se,"nome feminino",lu.si.fe.ɾˈa.zi
lu·ci·fe·ri·no,adjetivo,lu.si.fe.ɾˈi.nʊ
lu·ci·lar,verbo,lu.si.lˈa
lu·ci·na,"nome feminino",lu.sˈi.nə
"lú·ci· o","nome masculino",lˈu.sjʊ
lu·crar,verbo,lu.kɾˈa
lu·cra·ti·va·men·te,advérbio,lu.kɾa.tʃi.va.mˈẽj.tʃi
lu·cra·ti·vo,adjetivo,lu.kɾa.tʃˈi.vʊ
lu·cro,"nome masculino",lˈu.kɾʊ
lu·cu·bra·ção,"nome feminino",lu.ku.bɾa.sˈə̃w
lu·di·bri·ar,verbo,lu.dʒi.bɾjˈa
"lu·dí·bri· o","nome masculino",lu.dʒˈi.bɾjʊ
lú·di·co,adjetivo,lˈu.dʒi.kʊ
lu·dis·mo,"nome masculino",lu.dʒˈiz.mʊ
lu·do,"nome masculino",lˈu.dʊ
lu·do·te·ca,"nome feminino",lu.do.tˈɛ.kə
lu·fa,"nome feminino",lˈu.fə
lu·fa-lu·fa,"nome feminino",lˌu.fə.lˈu.fə
lu·fa·da,"nome feminino",lu.fˈa.də
lu·far,verbo,lu.fˈa
lu·gar,"nome masculino",lu.gˈaɾ
lu·gar-co·mum,"nome masculino",lu.gˌar.ko.mˈũ
lu·gar-te·nen·te,"nome masculino",lu.gˌar.te.nˈẽj.tʃi
lu·gar-te·nen·te,"nome feminino",lu.gˌar.te.nˈẽj.tʃi
lu·ga·re·jo,"nome masculino",lu.ga.ɾˈe.ʒʊ
lu·ge,"nome masculino",lˈu.ʒi
lu·gre,"nome masculino",lˈu.gɾi
lú·gu·bre,adjetivo,lˈu.gu.bɾi
lu·gu·bre·men·te,advérbio,lu.gu.bɾe.mˈẽj.tʃi
lu·ís,"nome masculino",lwˈis
lu·la,"nome feminino",lˈu.lə
lu·li·nha,"nome feminino",lu.lˈi.ɲə
lu·lu,"nome masculino",lu.lˈu
lu·me,"nome masculino",lˈu.mi
lú·men,"nome masculino",lˈu.mẽj
lu·mi·ar,verbo,lu.mjˈa
lu·mi·ar,"nome masculino",lu.mjˈaɾ
"lu·mi·nân·ci· a","nome feminino",lu.mi.nˈə̃.sjə
lu·mi·nar,"nome feminino",lu.mi.nˈaɾ
lu·mi·nar,adjetivo,lu.mi.nˈaɾ
lu·mi·nar,"nome masculino",lu.mi.nˈaɾ
"lu·mi·ná·ri· a","nome feminino",lu.mi.nˈa.ɾjə
"lu·mi·nes·cên·ci· a","nome feminino",lu.mi.ne.sˈẽj.sjə
lu·mi·nes·cen·te,adjetivo,lu.mi.ne.sˈẽj.tʃi
lu·mi·no·sa·men·te,advérbio,lu.mi.no.za.mˈẽj.tʃi
lu·mi·no·si·da·de,"nome feminino",lu.mi.no.zi.dˈa.dʒi
lu·mi·no·so,adjetivo,lu.mi.nˈo.zʊ
lu·mi·no·tec·ni·a,"nome feminino",lu.mi.no.te.ki.nˈi.jə
lu·mi·no·téc·ni·co,"nome masculino",lu.mi.no.tˈɛ.ki.ni.kʊ
lu·mi·no·téc·ni·co,adjetivo,lu.mi.no.tˈɛ.ki.ni.kʊ
lu·na·ção,"nome feminino",lu.na.sˈə̃w
lu·na·do,adjetivo,lu.nˈa.dʊ
lu·nar,"nome masculino",lu.nˈaɾ
lu·nar,adjetivo,lu.nˈaɾ
"lu·ná·ri· o","nome masculino",lu.nˈa.ɾjʊ
lu·ná·ti·ca,"nome feminino",lu.nˈa.tʃi.kə
lu·na·ti·ca·men·te,advérbio,lu.na.tʃi.ka.mˈẽj.tʃi
lu·ná·ti·co,"nome masculino",lu.nˈa.tʃi.kʊ
lu·ná·ti·co,adjetivo,lu.nˈa.tʃi.kʊ
lun·da,"nome feminino",lˈũ.də
lun·da,"nome masculino",lˈũ.də
lun·dum,"nome masculino",lũ.dˈũ
lu·ne·ta,"nome feminino",lu.nˈe.tə
lu·ne·tas,"nome feminino",lu.nˈe.təs
lú·nu·la,"nome feminino",lˈu.nu.lə
lu·pa,"nome feminino",lˈu.pə
lu·pa·nar,"nome masculino",lu.pa.nˈaɾ
lu·pi·no,adjetivo,lu.pˈi.nʊ
lu·pi·no,"nome masculino",lu.pˈi.nʊ
lú·pu·lo,"nome masculino",lˈu.pu.lʊ
lú·pus,"nome masculino",lˈu.pʊs
lu·ra,"nome feminino",lˈu.ɾə
lu·rar,verbo,lu.ɾˈa
lu·sa,"nome feminino",lˈu.zə
lus·co-fus·co,"nome masculino",lˌus.kʊ.fˈus.kʊ
lu·sí·a·da,"nome masculino","lu.zˈi.a.də ou lu.zˈi.a.də"
lu·sí·a·da,adjetivo,lu.zˈi.a.də
lu·si·ta·na,"nome feminino",lu.zi.tˈə.nə
lu·si·ta·na·men·te,advérbio,lu.zi.ta.na.mˈẽj.tʃi
lu·si·ta·ni·ca·men·te,advérbio,lu.zi.ta.ni.ka.mˈẽj.tʃi
lu·si·tâ·ni·co,adjetivo,lu.zi.tˈə.ni.kʊ
lu·si·ta·ni·da·de,"nome feminino",lu.zi.ta.ni.dˈa.dʒi
lu·si·ta·nis·mo,"nome masculino",lu.zi.ta.nˈiz.mʊ
lu·si·ta·no,"nome masculino",lu.zi.tˈə.nʊ
lu·si·ta·no,adjetivo,lu.zi.tˈə.nʊ
lu·so,"nome masculino",lˈu.zʊ
lu·so,adjetivo,lˈu.zʊ
lu·so-a·fri·ca·na,"nome feminino",lˌu.zo.a.fɾi.kˈə.nə
lu·so-a·fri·ca·no,"nome masculino",lˌu.zo.a.fɾi.kˈə.nʊ
lu·so-a·fri·ca·no,adjetivo,lˌu.zo.a.fɾi.kˈə.nʊ
lu·so-bra·si·lei·ra,"nome feminino",lˌu.zo.bɾa.zi.lˈej.ɾə
lu·so-bra·si·lei·ra·men·te,advérbio,lˌu.zo.bɾa.zi.lej.ɾa.mˈẽj.tʃi
lu·so-bra·si·lei·ro,adjetivo,lˌu.zo.bɾa.zi.lˈej.ɾʊ
lu·so-bra·si·lei·ro,"nome masculino",lˌu.zo.bɾa.zi.lˈej.ɾʊ
lu·so-cas·te·lha·no,adjetivo,lˌu.zo.kas.te.ʎˈə.nʊ
lu·so-cas·te·lha·no,"nome masculino",lˌu.zo.kas.te.ʎˈə.nʊ
lu·so-chi·nês,adjetivo,lˌu.zo.ʃi.nˈes
lu·so-es·pa·nhol,"nome masculino",lˌu.zo.is.pa.ɲˈow
lu·so-es·pa·nhol,adjetivo,lˌu.zo.is.pa.ɲˈow
lu·so·des·cen·den·te,"nome masculino","lu.z_ɔo.de.sẽ.dˈẽj.tʃi ou lu.z_ɔo.de.sẽ.dˈẽj.tʃi"
lu·so·des·cen·den·te,adjetivo,lu.z_ɔo.de.sẽ.dˈẽj.tʃi
lu·so·fi·li·a,"nome feminino",lu.z_ɔo.fi.lˈi.jə
lu·só·fi·lo,"nome masculino",lu.zˈɔ.fi.lʊ
lu·só·fi·lo,adjetivo,lu.zˈɔ.fi.lʊ
lu·so·fo·bi·a,"nome feminino",lu.zo.fo.bˈi.jə
lu·só·fo·bo,"nome masculino",lu.zˈɔ.fo.bʊ
lu·só·fo·bo,adjetivo,lu.zˈɔ.fo.bʊ
lu·so·fo·ni·a,"nome feminino",lu.zo.fo.nˈi.jə
lu·só·fo·no,adjetivo,lu.zˈɔ.fo.nʊ
lu·só·fo·no,"nome masculino",lu.zˈɔ.fo.nʊ
lus·tral,adjetivo,lus.tɾˈaw
lus·trar,verbo,lus.tɾˈa
lus·tre,"nome masculino",lˈus.tɾi
lus·tro,"nome masculino",lˈus.tɾʊ
lus·tro·sa·men·te,advérbio,lus.tɾɔ.za.mˈẽj.tʃi
lus·tro·so,adjetivo,lus.tɾˈo.zʊ
lu·ta,"nome feminino",lˈu.tə
lu·ta·dor,"nome masculino",lu.ta.dˈoɾ
lu·ta·dor,adjetivo,lu.ta.dˈoɾ
lu·ta·do·ra,"nome feminino",lu.ta.dˈo.ɾə
lu·tar,verbo,lu.tˈa
"lu·té·ci· o",adjetivo,lu.tˈɛ.sjʊ
lu·te·ra·na,"nome feminino",lu.te.ɾˈə.nə
lu·te·ra·nis·mo,"nome masculino",lu.te.ɾa.nˈiz.mʊ
lu·te·ra·no,adjetivo,lu.te.ɾˈə.nʊ
lu·te·ra·no,"nome masculino",lu.te.ɾˈə.nʊ
lu·to,"nome masculino",lˈu.tʊ
lu·tu·o·sa,"nome feminino",lu.tu.ˈɔ.zə
lu·tu·o·so,adjetivo,lu.tu.ˈo.zʊ
lu·va,"nome feminino",lˈu.və
lu·vas,"nome feminino",lˈu.vəs
lux,"nome masculino",lˈuks
lu·xa·ção,"nome feminino",lu.ʃa.sˈə̃w
lu·xar,verbo,lu.ʃˈa
lu·xem·bur·guês,"nome masculino",lu.ʃẽ.buɾ.gˈes
lu·xem·bur·guês,adjetivo,lu.ʃẽ.buɾ.gˈes
lu·xem·bur·gue·sa,"nome feminino",lu.ʃẽ.buɾ.gˈe.zə
lu·xo,"nome masculino",lˈu.ʃʊ
lu·xu·o·sa·men·te,advérbio,lu.ʃu.o.za.mˈẽj.tʃi
lu·xu·o·so,adjetivo,lu.ʃu.ˈo.zʊ
"lu·xú·ri· a","nome feminino",lu.ʃˈu.ɾjə
lu·xu·ri·an·te,adjetivo,lu.ʃu.ɾjˈə̃.tʃi
lu·xu·ri·an·te·men·te,advérbio,lu.ʃu.ɾjə̃.te.mˈẽj.tʃi
lu·xu·ri·ar,verbo,lu.ʃu.ɾjˈa
lu·xu·ri·o·sa·men·te,advérbio,lu.ʃu.ɾi.ɔ.za.mˈẽj.tʃi
lu·xu·ri·o·so,adjetivo,lu.ʃu.ɾi.ˈo.zʊ
luz,"nome feminino",lˈus
lu·zei·ro,"nome masculino",lu.zˈej.ɾʊ
lu·zen·te,adjetivo,lu.zˈẽj.tʃi
lu·zer·na,"nome feminino",lu.zˈɛr.nə
lu·zi·da·men·te,advérbio,lu.zi.da.mˈẽj.tʃi
lu·zi·di·a,"nome feminino",lu.zi.dʒˈi.jə
lu·zi·di·o,adjetivo,lu.zi.dʒˈi.ʊ
lu·zi·do,adjetivo,lu.zˈi.dʊ
lu·zi·men·to,"nome masculino",lu.zi.mˈẽj.tʊ
lu·zi·o,"nome masculino",lu.zˈi.ʊ
lu·zir,verbo,lu.zˈi
"ly· cra","nome feminino",
