fã,"nome masculino",fˈə̃
fã,"nome feminino",fˈə̃
fá,"nome masculino",fˈa
fa·bi·a·na,"nome feminino",fa.bjˈə.nə
fa·bi·a·no,adjetivo,fa.bjˈə.nʊ
fa·bi·a·no,"nome masculino",fa.bjˈə.nʊ
fá·bri·ca,"nome feminino",fˈa.bɾi.kə
fa·bri·ca·ção,"nome feminino",fa.bɾi.ka.sˈə̃w
fa·bri·ca·do,adjetivo,fa.bɾi.kˈa.dʊ
fa·bri·ca·dor,adjetivo,fa.bɾi.ka.dˈoɾ
fa·bri·ca·dor,"nome masculino",fa.bɾi.ka.dˈoɾ
fa·bri·can·do,adjetivo,fa.bɾi.kˈə̃.dʊ
fa·bri·can·te,adjetivo,fa.bɾi.kˈə̃.tʃi
fa·bri·can·te,"nome masculino",fa.bɾi.kˈə̃.tʃi
fa·bri·can·te,"nome feminino",fa.bɾi.kˈə̃.tʃi
fa·bri·car,verbo,fa.bɾi.kˈa
fa·bri·co,"nome masculino",fa.bɾˈi.kʊ
fa·bril,adjetivo,"fa.bɾˈiw ou fa.bɾˈiw"
fa·bril·men·te,advérbio,fa.bɾiw.mˈẽj.tʃi
fa·bri·quei·ro,adjetivo,fa.bɾi.kˈej.ɾʊ
fa·bro,"nome masculino",fˈa.bɾʊ
fá·bu·la,"nome feminino",fˈa.bu.lə
fa·bu·la·ção,"nome feminino",fa.bu.la.sˈə̃w
fa·bu·la·dor,"nome masculino",fa.bu.la.dˈoɾ
fa·bu·la·dor,adjetivo,fa.bu.la.dˈoɾ
fa·bu·lar,verbo,fa.bu.lˈa
"fa·bu·lá·ri· o","nome masculino",fa.bu.lˈa.ɾjʊ
fa·bu·lis·ta,"nome masculino","fa.bu.lˈis.tə ou fa.bu.lˈis.tə"
fa·bu·lo·sa·men·te,advérbio,fa.bu.lo.za.mˈẽj.tʃi
fa·bu·lo·so,adjetivo,fa.bu.lˈo.zʊ
fac-si·mi·la·do,adjetivo,fak.si.mi.lˈa.dʊ
fac-si·mi·lar,verbo,fak.si.mi.lˈa
fac-sí·mi·le,"nome masculino",fak.sˈi.mi.li
fa·ca,"nome feminino",fˈa.kə
fa·ca·da,"nome feminino",fa.kˈa.də
fa·cai·a,"nome feminino",fa.kˈaj.jə
fa·ca·lhão,"nome masculino",fa.ka.ʎˈə̃w
fa·ça·nha,"nome feminino",fa.sˈə.ɲə
fa·ça·nhu·da,"nome feminino",fa.sa.ɲˈu.də
fa·ça·nhu·do,adjetivo,fa.sa.ɲˈu.dʊ
fa·ça·nhu·do,"nome masculino",fa.sa.ɲˈu.dʊ
fa·cão,"nome masculino",fa.kˈə̃w
fa·ção,"nome feminino",fa.sˈə̃w
fac·ção,"nome feminino",fa.kə.sˈə̃w
fac·ci·o·sa,"nome feminino",fa.ki.si.ˈɔ.zə
fac·ci·o·sa·men·te,advérbio,fa.ki.si.ɔ.za.mˈẽj.tʃi
fac·ci·o·sis·mo,"nome masculino",fa.ki.si.o.zˈiz.mʊ
fac·ci·o·so,"nome masculino",fa.ki.si.ˈo.zʊ
fac·ci·o·so,adjetivo,fa.ki.si.ˈo.zʊ
fa·ce,"nome feminino",fˈa.si
"fa·cé·ci· a","nome feminino",fa.sˈɛ.sjə
fa·cei·ra,"nome masculino","fa.sˈej.ɾə ou fa.sˈej.ɾə"
fa·cei·ra·men·te,advérbio,fa.sej.ɾa.mˈẽj.tʃi
fa·cei·rar,verbo,fa.sej.ɾˈa
fa·cei·ro,adjetivo,fa.sˈej.ɾʊ
fa·ce·ta,"nome feminino",fa.sˈe.tə
fa·ce·ta·do,adjetivo,fa.se.tˈa.dʊ
fa·ce·ta·men·te,advérbio,fa.se.ta.mˈẽj.tʃi
fa·ce·ta·men·to,"nome masculino",fa.se.ta.mˈẽj.tʊ
fa·ce·tar,verbo,fa.se.tˈa
fa·ce·to,adjetivo,fa.sˈe.tʊ
fa·cha,"nome feminino",fˈa.ʃə
fa·cha·da,"nome feminino",fa.ʃˈa.də
fa·cho,"nome masculino",fˈa.ʃʊ
fa·ci·al,adjetivo,fa.sjˈaw
"fá·ci· es","nome masculino","fˈa.si.ɛs ou fˈa.si.ɛs"
fá·cil,adjetivo,fˈa.siw
fa·ci·li·da·de,"nome feminino",fa.si.li.dˈa.dʒi
fa·cí·li·mo,adjetivo,fa.sˈi.li.mʊ
fa·ci·li·ta·ção,"nome feminino",fa.si.li.ta.sˈə̃w
fa·ci·li·ta·dor,"nome masculino",fa.si.li.ta.dˈoɾ
fa·ci·li·ta·dor,adjetivo,fa.si.li.ta.dˈoɾ
fa·ci·li·ta·do·ra,"nome feminino",fa.si.li.ta.dˈo.ɾə
fa·ci·li·tar,verbo,fa.si.li.tˈa
fa·ci·li·tis·mo,"nome masculino",fa.si.li.tʃˈiz.mʊ
fa·cil·men·te,advérbio,fa.siw.mˈẽj.tʃi
fa·cí·no·ra,adjetivo,fa.sˈi.no.ɾə
fa·cí·no·ra,"nome masculino",fa.sˈi.no.ɾə
fa·cí·no·ra,"nome feminino",fa.sˈi.no.ɾə
fác·ti·co,adjetivo,fˈa.ki.tʃi.kʊ
fac·tí·vel,adjetivo,fa.ki.tʃˈi.vew
fac·to,"nome masculino",fˈa.kə.tʊ
fac·tor,"nome masculino",fa.kə.tˈoɾ
fac·tor-cha·ve,"nome masculino",fa.kə.tˌor.ʃˈa.vi
fac·to·ri·al,adjetivo,fa.kə.to.ɾjˈaw
fac·to·ri·al,"nome masculino","fa.kə.to.ɾjˈaw ou fa.kə.to.ɾjˈaw"
"fac· to· ring","nome masculino",
fac·tu·al,adjetivo,fak.twˈaw
fa·cul·da·de,"nome feminino",fa.kuw.dˈa.dʒi
fa·cul·ta·do,adjetivo,fa.kuw.tˈa.dʊ
fa·cul·tar,verbo,fa.kuw.tˈa
fa·cul·ta·ti·va,"nome feminino",fa.kuw.ta.tʃˈi.və
fa·cul·ta·ti·va·men·te,advérbio,fa.kuw.ta.tʃi.va.mˈẽj.tʃi
fa·cul·ta·ti·vo,adjetivo,fa.kuw.ta.tʃˈi.vʊ
fa·cul·ta·ti·vo,"nome masculino",fa.kuw.ta.tʃˈi.vʊ
"fa·cún·di· a","nome feminino",fa.kˈũ.dʒjə
fa·cun·do,adjetivo,fa.kˈũ.dʊ
fa·da,"nome feminino",fˈa.də
fa·da·do,adjetivo,fa.dˈa.dʊ
fa·dar,verbo,fa.dˈa
"fa·dá·ri· o","nome masculino",fa.dˈa.ɾjʊ
fa·di·ga,"nome feminino",fa.dʒˈi.gə
fa·di·gar,verbo,fa.dʒi.gˈa
fa·di·nho,"nome masculino",fa.dʒˈi.ɲʊ
fa·dis·ta,"nome masculino",fa.dʒˈis.tə
fa·dis·ta,"nome feminino",fa.dʒˈis.tə
fa·dis·tão,"nome masculino",fa.dʒis.tˈə̃w
fa·dis·tar,verbo,fa.dʒis.tˈa
fa·dis·ti·ce,"nome feminino",fa.dʒis.tʃˈi.si
fa·do,"nome masculino",fˈa.dʊ
fa·dun·cho,"nome masculino",fa.dˈũ.ʃʊ
fa·e·ton·te,"nome masculino",fa.e.tˈõ.tʃi
fa·fen·se,adjetivo,fa.fˈẽj.si
fa·fen·se,"nome masculino","fa.fˈẽj.si ou fa.fˈẽj.si"
fa·go·ci·to·se,"nome feminino",fa.go.si.tˈɔ.zi
fa·go·te,"nome masculino",fa.gˈɔ.tʃi
fa·go·tis·ta,"nome masculino","fa.go.tʃˈis.tə ou fa.go.tʃˈis.tə"
fa·guei·ra·men·te,advérbio,fa.gej.ɾa.mˈẽj.tʃi
fa·guei·ro,adjetivo,fa.gˈej.ɾʊ
fa·gu·lha,"nome feminino",fa.gˈu.ʎə
fa·gu·lha,"nome masculino",fa.gˈu.ʎə
fa·gu·lhar,verbo,fa.gu.ʎˈa
fa·gun·des,"nome masculino",fa.gˈũ.dʒis
fai·a,"nome feminino","fˈaj.jə ou fˈaj.jə"
fai·a,"nome masculino",fˈaj.jə
fai·al,"nome masculino",faj.ˈaw
fai·a·len·se,"nome masculino","faj.a.lˈẽj.si ou faj.a.lˈẽj.si"
fai·a·len·se,adjetivo,faj.a.lˈẽj.si
fai·an·ça,"nome feminino",faj.ˈə̃.sə
fai·ar,verbo,faj.ˈa
fa·im,"nome masculino",fa.ˈiɲ
fai·na,"nome feminino",fˈaj.nə
fair-play,"nome masculino",
fai·são,"nome masculino",faj.zˈə̃w
fa·ís·ca,"nome feminino",fa.ˈis.kə
fais·can·te,adjetivo,fa.is.kˈə̃.tʃi
fais·car,verbo,fa.is.kˈa
fa·ís·co,"nome masculino",fa.ˈis.kʊ
"fait-di· vers","nome masculino",
fai·xa,"nome feminino",fˈaj.ʃə
fai·xar,verbo,faj.ʃˈa
fa·jã,"nome feminino",fa.ʒˈə̃
fa·jar·di·ce,"nome feminino",fa.ʒaɾ.dʒˈi.si
fa·jar·do,"nome masculino",fa.ʒˈaɾ.dʊ
fa·la,"nome feminino",fˈa.lə
fa·la-ba·ra·to,"nome masculino","fˌa.lə.ba.ɾˈa.tʊ ou fˌa.lə.ba.ɾˈa.tʊ"
fa·la·cha,"nome feminino",fa.lˈa.ʃə
"fa·lá·ci· a","nome feminino",fa.lˈa.sjə
fa·la·ci·o·sa,"nome feminino",fa.la.si.ˈɔ.zə
fa·la·ci·o·sa·men·te,advérbio,fa.la.si.ɔ.za.mˈẽj.tʃi
fa·la·ci·o·so,"nome masculino",fa.la.si.ˈo.zʊ
fa·la·ci·o·so,adjetivo,fa.la.si.ˈo.zʊ
fa·la·da,"nome feminino",fa.lˈa.də
fa·la·do,adjetivo,fa.lˈa.dʊ
fa·la·dor,"nome masculino",fa.la.dˈoɾ
fa·la·dor,adjetivo,fa.la.dˈoɾ
fa·la·do·ra,"nome feminino",fa.la.dˈo.ɾə
fa·lan·ge,"nome feminino",fa.lˈə̃.ʒi
fa·lan·gis·mo,"nome masculino",fa.lə̃.ʒˈiz.mʊ
fa·lan·gis·ta,"nome masculino","fa.lə̃.ʒˈis.tə ou fa.lə̃.ʒˈis.tə"
"fa·lans·té·ri· o","nome masculino",fa.lə̃s.tˈɛ.ɾjʊ
fa·lan·te,"nome feminino",fa.lˈə̃.tʃi
fa·lan·te,adjetivo,fa.lˈə̃.tʃi
fa·lan·te,"nome masculino",fa.lˈə̃.tʃi
fa·lar,"nome masculino",fa.lˈa
fa·lar,verbo,fa.lˈa
"fa·la·tó·ri· o","nome masculino",fa.la.tˈɔ.ɾjʊ
fa·laz,adjetivo,fa.lˈas
fa·la·zar,verbo,fa.la.zˈa
fal·cão,"nome masculino",faw.kˈə̃w
fal·ca·tru·a,"nome feminino",faw.ka.tɾˈu.ə
fal·ca·tru·ar,verbo,faw.ka.tɾwˈa
fal·ci·for·me,adjetivo,faw.si.fˈɔɾ.mi
fal·co·ar,verbo,faw.ko.ˈa
fal·co·a·ri·a,"nome feminino",faw.ko.a.ɾˈi.jə
fal·co·ei·ro,"nome masculino",faw.kwˈej.ɾʊ
fal·da,"nome feminino",fˈaw.də
fa·le·cer,verbo,fa.le.sˈe
fa·le·ci·da,"nome feminino",fa.le.sˈi.də
fa·le·ci·do,adjetivo,fa.le.sˈi.dʊ
fa·le·ci·do,"nome masculino",fa.le.sˈi.dʊ
fa·le·ci·men·to,"nome masculino",fa.le.si.mˈẽj.tʊ
"fa·lên·ci· a","nome feminino",fa.lˈẽj.sjə
"fa·lé·si· a","nome feminino",fa.lˈɛ.zja
fa·lha,"nome feminino",fˈa.ʎə
fa·lha·da,"nome feminino",fa.ʎˈa.də
fa·lha·do,"nome masculino",fa.ʎˈa.dʊ
fa·lha·do,adjetivo,fa.ʎˈa.dʊ
fa·lhan·ço,"nome masculino",fa.ʎˈə̃.sʊ
fa·lhar,verbo,fa.ʎˈa
fa·lho,adjetivo,fˈa.ʎʊ
fa·li·bi·li·da·de,"nome feminino",fa.li.bi.li.dˈa.dʒi
fá·li·co,adjetivo,fˈa.li.kʊ
fa·li·do,adjetivo,fa.lˈi.dʊ
fa·li·do,"nome masculino",fa.lˈi.dʊ
fa·li·nha,"nome feminino",fa.lˈi.ɲə
fa·lir,verbo,fa.lˈi
fa·lí·vel,adjetivo,fa.lˈi.vew
fa·li·vel·men·te,advérbio,fa.li.vew.mˈẽj.tʃi
fa·lo,"nome masculino",fˈa.lʊ
fa·lo·cên·tri·co,adjetivo,fa.lo.sˈẽj.tɾi.kʊ
fa·lo·cen·tris·mo,"nome masculino",fa.lo.sẽ.tɾˈiz.mʊ
fa·lo·plas·ti·a,"nome feminino",fa.lo.plas.tʃˈi.jə
fal·per·ra,"nome feminino",faw.pˈe.xə
fal·sa,"nome feminino",fˈaw.sə
fal·sa·men·te,advérbio,faw.sa.mˈẽj.tʃi
fal·sar,verbo,faw.sˈa
"fal·sá·ri· o","nome masculino",faw.sˈa.ɾjʊ
fal·se·a·men·to,"nome masculino",faw.si.a.mˈẽj.tʊ
fal·se·ar,verbo,faw.si.ˈa
fal·se·te,"nome masculino",faw.sˈe.tʃi
fal·si·da·de,"nome feminino",faw.si.dˈa.dʒi
fal·si·fi·ca·ção,"nome feminino",faw.si.fi.ka.sˈə̃w
fal·si·fi·ca·do,adjetivo,faw.si.fi.kˈa.dʊ
fal·si·fi·ca·dor,"nome masculino",faw.si.fi.ka.dˈoɾ
fal·si·fi·ca·dor,adjetivo,faw.si.fi.ka.dˈoɾ
fal·si·fi·ca·do·ra,"nome feminino",faw.si.fi.ka.dˈo.ɾə
fal·si·fi·car,verbo,faw.si.fi.kˈa
fal·si·fi·cá·vel,adjetivo,faw.si.fi.kˈa.vew
fal·so,advérbio,fˈaw.sʊ
fal·so,"nome masculino",fˈaw.sʊ
fal·so,adjetivo,fˈaw.sʊ
fal·ta,"nome feminino",fˈaw.tə
fal·tar,verbo,faw.tˈa
fal·to,adjetivo,fˈaw.tʊ
fal·to·sa,"nome feminino",faw.tˈɔ.zə
fal·to·so,"nome masculino",faw.tˈo.zʊ
fal·to·so,adjetivo,faw.tˈo.zʊ
fa·lu·a,"nome feminino",fa.lˈu.ə
fa·ma,"nome feminino",fˈə.mə
fa·ma,"nome masculino",fˈə.mə
fa·ma·li·cen·se,adjetivo,fa.ma.li.sˈẽj.si
fa·ma·li·cen·se,"nome masculino","fa.ma.li.sˈẽj.si ou fa.ma.li.sˈẽj.si"
fa·mé·li·co,adjetivo,fa.mˈɛ.li.kʊ
fa·mi·ge·ra·do,adjetivo,fa.mi.ʒe.ɾˈa.dʊ
"fa·mí·li· a","nome feminino",fa.mˈi.ljə
fa·mi·li·ar,adjetivo,fa.mi.ljˈaɾ
fa·mi·li·ar,"nome masculino",fa.mi.ljˈaɾ
fa·mi·li·a·ri·da·de,"nome feminino",fa.mi.lja.ɾi.dˈa.dʒi
fa·mi·li·a·ri·za·ção,"nome feminino",fa.mi.lja.ɾi.za.sˈə̃w
fa·mi·li·a·ri·za·do,adjetivo,fa.mi.lja.ɾi.zˈa.dʊ
fa·mi·li·a·ri·zar,verbo,fa.mi.lja.ɾi.zˈa
fa·mi·li·ar·men·te,advérbio,fa.mi.ljaɾ.mˈẽj.tʃi
fa·min·ta,"nome feminino",fa.mˈĩ.tə
fa·min·to,adjetivo,fa.mˈĩ.tʊ
fa·min·to,"nome masculino",fa.mˈĩ.tʊ
fa·mo·sa·men·te,advérbio,fa.mɔ.za.mˈẽj.tʃi
fa·mo·sís·si·mo,adjetivo,fa.mo.zˈi.si.mʊ
fa·mo·so,adjetivo,fa.mˈo.zʊ
fâ·mu·lo,"nome masculino",fˈə.mu.lʊ
fa·na·do,"nome masculino",fa.nˈa.dʊ
fa·na·do,adjetivo,fa.nˈa.dʊ
fa·nal,"nome masculino",fa.nˈaw
fa·nar,verbo,fa.nˈa
fa·ná·ti·ca,"nome feminino",fa.nˈa.tʃi.kə
fa·na·ti·ca·men·te,advérbio,fa.na.tʃi.ka.mˈẽj.tʃi
fa·ná·ti·co,"nome masculino",fa.nˈa.tʃi.kʊ
fa·ná·ti·co,adjetivo,fa.nˈa.tʃi.kʊ
fa·na·tis·mo,"nome masculino",fa.na.tʃˈiz.mʊ
fa·na·ti·zar,verbo,fa.na.tʃi.zˈa
fan·ca·ri·a,"nome feminino",fə̃.ka.ɾˈi.jə
fan·cho·no,"nome masculino",fə̃.ʃˈo.nʊ
fan·dan·gar,verbo,fə̃.də̃.gˈa
fan·dan·go,"nome masculino",fə̃.dˈə̃.gʊ
fan·dan·go,adjetivo,fə̃.dˈə̃.gʊ
fa·ne·ca,adjetivo,fa.nˈɛ.kə
fa·ne·ca,"nome feminino",fa.nˈɛ.kə
fa·ne·co,adjetivo,fa.nˈɛ.kʊ
fan·fa,"nome masculino",fˈə̃.fə
fan·far,verbo,fə̃.fˈa
fan·far·ra,"nome feminino",fə̃.fˈa.xə
fan·far·rão,"nome masculino",fə̃.fa.xˈə̃w
fan·far·rão,adjetivo,fə̃.fa.xˈə̃w
fan·far·ro·na·da,"nome feminino",fə̃.fa.xo.nˈa.də
fan·far·ro·nar,verbo,fə̃.fa.xo.nˈa
fan·far·ro·ni·ce,"nome feminino",fə̃.fa.xo.nˈi.si
fan·ga,"nome feminino",fˈə̃.gə
fan·guei·ro,adjetivo,fə̃.gˈej.ɾʊ
fan·guei·ro,"nome masculino",fə̃.gˈej.ɾʊ
fa·nha,"nome masculino","fˈə.ɲə ou fˈə.ɲə"
fa·nha,adjetivo,fˈə.ɲə
fa·nho·sa,"nome feminino",fa.ɲˈɔ.zə
fa·nho·so,"nome masculino",fa.ɲˈo.zʊ
fa·nho·so,adjetivo,fa.ɲˈo.zʊ
fa·ni·car,verbo,fa.ni.kˈa
fa·ni·co,"nome masculino",fa.nˈi.kʊ
fa·ni·quei·ra,"nome feminino",fa.ni.kˈej.ɾə
fa·ni·quei·ro,adjetivo,fa.ni.kˈej.ɾʊ
fan·quei·ro,"nome masculino",fə̃.kˈej.ɾʊ
fan·ta·si·a,"nome feminino",fə̃.ta.zˈi.jə
fan·ta·si·ar,verbo,fə̃.ta.zjˈa
fan·ta·si·o·sa·men·te,advérbio,fə̃.ta.zi.ɔ.za.mˈẽj.tʃi
fan·ta·si·o·so,adjetivo,fə̃.ta.zi.ˈo.zʊ
fan·ta·sis·ta,"nome masculino",fə̃.ta.zˈis.tə
fan·ta·sis·ta,adjetivo,fə̃.ta.zˈis.tə
fan·ta·sis·ta,"nome feminino",fə̃.ta.zˈis.tə
fan·tas·ma,"nome masculino",fə̃.tˈaz.mə
fan·tas·ma·go·ri·a,"nome feminino",fə̃.taz.ma.go.ɾˈi.jə
fan·tas·ma·go·ri·ca·men·te,advérbio,fə̃.taz.ma.gɔ.ɾi.ka.mˈẽj.tʃi
fan·tas·ma·gó·ri·co,adjetivo,fə̃.taz.ma.gˈɔ.ɾi.kʊ
fan·tas·mal,adjetivo,fə̃.taz.mˈaw
fan·tas·má·ti·co,adjetivo,fə̃.taz.mˈa.tʃi.kʊ
fan·tas·ti·ca·men·te,advérbio,fə̃.tas.tʃi.ka.mˈẽj.tʃi
fan·tás·ti·co,adjetivo,fə̃.tˈas.tʃi.kʊ
fan·tás·ti·co,"nome masculino",fə̃.tˈas.tʃi.kʊ
fan·to·cha·da,"nome feminino",fə̃.to.ʃˈa.də
fan·to·char,verbo,fə̃.to.ʃˈa
fan·to·che,"nome masculino",fə̃.tˈo.ʃi
fan·zi·ne,"nome masculino",
fa·quei·ro,"nome masculino",fa.kˈej.ɾʊ
fa·quir,"nome masculino",fa.kˈiɾ
fa·rad,"nome masculino",
"fa· ra· day","nome masculino",
fa·ra·ó,"nome masculino",fa.ɾa.ˈɔ
fa·ra·ó·ni·co,adjetivo,fa.ɾa.ˈɔ.ni.kʊ
fa·rar,verbo,fa.ɾˈa
far·da,"nome feminino",fˈaɾ.də
far·da·do,adjetivo,faɾ.dˈa.dʊ
far·da·men·ta,"nome feminino",faɾ.da.mˈẽj.tə
far·da·men·to,"nome masculino",faɾ.da.mˈẽj.tʊ
far·dar,verbo,faɾ.dˈa
far·de·ta,"nome feminino",faɾ.dˈe.tə
far·do,"nome masculino",fˈaɾ.dʊ
fa·re·jar,verbo,fa.ɾe.ʒˈa
fa·re·lar,verbo,fa.ɾe.lˈa
fa·re·lei·ro,adjetivo,fa.ɾe.lˈej.ɾʊ
fa·re·lei·ro,"nome masculino",fa.ɾe.lˈej.ɾʊ
fa·re·lo,"nome masculino",fa.ɾˈɛ.lʊ
fa·ren·se,"nome masculino",fa.ɾˈẽj.si
fa·ren·se,"nome feminino",fa.ɾˈẽj.si
fa·ren·se,adjetivo,fa.ɾˈẽj.si
far·fa·lhar,verbo,faɾ.fa.ʎˈa
far·fa·lhu·do,adjetivo,faɾ.fa.ʎˈu.dʊ
fa·ri·lhão,"nome masculino",fa.ɾi.ʎˈə̃w
fa·ri·na·ção,"nome feminino",fa.ɾi.na.sˈə̃w
"fa·ri·ná·ce· o",adjetivo,fa.ɾi.nˈa.sjʊ
"fa·ri·ná·ce· o","nome masculino",fa.ɾi.nˈa.sjʊ
fa·ri·nar,verbo,fa.ɾi.nˈa
fa·rin·ge,"nome feminino",fa.ɾˈĩ.ʒi
fa·rin·gi·te,"nome feminino",fa.ɾĩ.ʒˈi.tʃi
fa·ri·nha,"nome feminino",fa.ɾˈi.ɲə
fa·ri·nhei·ra,"nome feminino",fa.ɾi.ɲˈej.ɾə
fa·ri·sai·ca·men·te,advérbio,fa.ɾi.zaj.ka.mˈẽj.tʃi
fa·ri·sai·co,adjetivo,fa.ɾi.zˈaj.kʊ
fa·ri·sa·ís·mo,"nome masculino",fa.ɾi.za.ˈiz.mʊ
fa·ri·seu,"nome masculino",fa.ɾi.zˈew
far·ma·cêu·ti·ca,"nome feminino",faɾ.ma.sˈew.tʃi.kə
far·ma·cêu·ti·co,"nome masculino",faɾ.ma.sˈew.tʃi.kʊ
far·ma·cêu·ti·co,adjetivo,faɾ.ma.sˈew.tʃi.kʊ
"far·má·ci· a","nome feminino",faɾ.mˈa.sjə
fár·ma·co,"nome masculino",fˈaɾ.ma.kʊ
far·ma·co·lo·gi·a,"nome feminino",faɾ.ma.ko.lo.ʒˈi.jə
far·ma·co·ló·gi·co,adjetivo,faɾ.ma.ko.lˈɔ.ʒi.kʊ
far·ma·co·lo·gis·ta,"nome feminino",faɾ.ma.ko.lo.ʒˈis.tə
far·ma·co·lo·gis·ta,"nome masculino",faɾ.ma.ko.lo.ʒˈis.tə
far·ma·co·pei·a,"nome feminino",faɾ.ma.ko.pˈɛj.jə
far·mei·ro,"nome masculino",faɾ.mˈej.ɾʊ
far·nel,"nome masculino",far.nˈɛw
"far· nien· te","nome masculino",
fa·ro,"nome masculino",fˈa.ɾʊ
fa·ro·es·te,"nome masculino",fa.ɾwˈɛs.tʃi
fa·ro·fa,"nome feminino",fa.ɾˈɔ.fə
"fa·ró·fi· a","nome feminino",fa.ɾˈɔ.fjə
fa·rol,"nome masculino",fa.ɾˈɔw
fa·ro·lar,verbo,fa.ɾo.lˈa
fa·ro·lei·ro,"nome masculino",fa.ɾo.lˈej.ɾʊ
fa·ro·lim,"nome masculino",fa.ɾo.lˈiɲ
far·pa,"nome feminino",fˈaɾ.pə
far·pa·do,adjetivo,faɾ.pˈa.dʊ
far·par,verbo,faɾ.pˈa
far·pe·la,"nome feminino",faɾ.pˈɛ.lə
far·ra,"nome feminino",fˈa.xə
far·ra·pão,"nome masculino",fa.xa.pˈə̃w
far·ra·par,verbo,fa.xa.pˈa
far·ra·pei·ro,"nome masculino",fa.xa.pˈej.ɾʊ
far·ra·po,"nome masculino",fa.xˈa.pʊ
far·rar,verbo,fa.xˈa
far·ri·co·co,"nome masculino",fa.xi.kˈo.kʊ
far·ri·pa,"nome feminino",fa.xˈi.pə
far·ris·ta,"nome feminino",fa.xˈis.tə
far·ris·ta,"nome masculino",fa.xˈis.tə
far·ris·ta,adjetivo,fa.xˈis.tə
far·ron·ca,"nome feminino","fa.xˈõ.kə ou fa.xˈõ.kə"
far·rou·pi·lha,"nome masculino",fa.xo.pˈi.ʎə
far·rou·pi·lha,"nome feminino",fa.xo.pˈi.ʎə
far·rus·co,adjetivo,fa.xˈus.kʊ
far·sa,"nome feminino",fˈaɾ.sə
far·san·te,"nome feminino",faɾ.sˈə̃.tʃi
far·san·te,"nome masculino",faɾ.sˈə̃.tʃi
far·san·te,adjetivo,faɾ.sˈə̃.tʃi
far·so·la,"nome masculino","faɾ.sˈɔ.lə ou faɾ.sˈɔ.lə"
far·so·lar,verbo,faɾ.so.lˈa
far·ta,"nome feminino",fˈaɾ.tə
far·ta·men·te,advérbio,faɾ.ta.mˈẽj.tʃi
far·tar,verbo,faɾ.tˈa
far·ta·za·na,"nome feminino",faɾ.ta.zˈə.nə
far·te,"nome masculino",fˈaɾ.tʃi
far·tem,"nome masculino",fˈaɾ.teɲ
far·to,"nome masculino",fˈaɾ.tʊ
far·to,adjetivo,fˈaɾ.tʊ
far·to·te,"nome masculino",faɾ.tˈɔ.tʃi
far·tu·ra,"nome feminino",faɾ.tˈu.ɾə
fás,"nome masculino",fˈas
fas·cí·cu·lo,"nome masculino",fa.sˈi.ku.lʊ
fas·ci·na·ção,"nome feminino",fa.si.na.sˈə̃w
fas·ci·na·do,adjetivo,fa.si.nˈa.dʊ
fas·ci·nan·te,adjetivo,fa.si.nˈə̃.tʃi
fas·ci·nan·te·men·te,advérbio,fa.si.nə̃.te.mˈẽj.tʃi
fas·ci·nar,verbo,fa.si.nˈa
"fas·cí·ni· o","nome masculino",fa.sˈi.njʊ
fas·cis·mo,"nome masculino",fa.sˈiz.mʊ
fas·cis·ta,"nome masculino",fa.sˈis.tə
fas·cis·ta,adjetivo,fa.sˈis.tə
fas·cis·ta,"nome feminino",fa.sˈis.tə
fas·cis·toi·de,"nome masculino",fa.sis.tˈɔj.dʒi
fas·cis·toi·de,adjetivo,fa.sis.tˈɔj.dʒi
fas·cis·toi·de,"nome feminino",fa.sis.tˈɔj.dʒi
fas·ci·te,"nome feminino",fa.sˈi.tʃi
fa·se,"nome feminino",fˈa.zi
fa·se·a·do,adjetivo,fa.zi.ˈa.dʊ
fa·se·ar,verbo,fa.zi.ˈa
fas·qui·a,"nome feminino",fas.kˈi.jə
fas·qui·ar,verbo,fas.kjˈa
fas·ti·di·o·sa·men·te,advérbio,fas.tʃi.dʒi.ɔ.za.mˈẽj.tʃi
fas·ti·di·o·so,adjetivo,fas.tʃi.dʒi.ˈo.zʊ
fas·ti·o,"nome masculino",fas.tʃˈi.ʊ
fas·to,adjetivo,fˈas.tʊ
fas·to,"nome masculino",fˈas.tʊ
fa·ta·ça,"nome feminino",fa.tˈa.sə
fa·tal,adjetivo,fa.tˈaw
fa·ta·li·da·de,"nome feminino",fa.ta.li.dˈa.dʒi
fa·ta·lis·mo,"nome masculino",fa.ta.lˈiz.mʊ
fa·ta·lis·ta,adjetivo,fa.ta.lˈis.tə
fa·ta·lis·ta,"nome feminino",fa.ta.lˈis.tə
fa·ta·lis·ta,"nome masculino",fa.ta.lˈis.tə
fa·tal·men·te,advérbio,fa.taw.mˈẽj.tʃi
fa·tei·xa,"nome feminino",fa.tˈej.ʃə
fa·tei·xar,verbo,fa.tej.ʃˈa
fa·te·la,adjetivo,fa.tˈɛ.lə
fa·ti·a,"nome feminino",fa.tʃˈi.jə
fa·ti·ar,verbo,fa.tʃjˈa
fá·ti·co,adjetivo,fˈa.tʃi.kʊ
fa·ti·di·ca·men·te,advérbio,fa.tʃi.dʒi.ka.mˈẽj.tʃi
fa·tí·di·co,adjetivo,fa.tʃˈi.dʒi.kʊ
fa·ti·ga,"nome feminino",fa.tʃˈi.gə
fa·ti·gan·te,adjetivo,fa.tʃi.gˈə̃.tʃi
fa·ti·gan·te·men·te,advérbio,fa.tʃi.gə̃.te.mˈẽj.tʃi
fa·ti·gar,verbo,fa.tʃi.gˈa
fa·ti·o·ta,"nome feminino",fa.tʃi.ˈɔ.tə
fa·to,"nome masculino",fˈa.tʊ
"fa·to de ba·nho","nome masculino",fˌa.tʊ.dʒi.bˈə.ɲʊ
"fa·to de ma·ca·co","nome masculino",fˌa.tʊ.dʒi.ma.kˈa.kʊ
"fa·to de trei·no","nome masculino",fˌa.tʊ.dʒi.tɾˈej.nʊ
fa·to-ma·ca·co,"nome masculino",fˌa.tʊ.ma.kˈa.kʊ
fa·tor,"nome masculino",fa.tˈoɾ
fa·tu·a·men·te,advérbio,fa.twa.mˈẽj.tʃi
fa·tu·i·da·de,"nome feminino",fa.twi.dˈa.dʒi
"fá·tu· o",adjetivo,fˈa.twʊ
fa·tu·ra,"nome feminino",fa.tˈu.ɾə
fa·tu·ra·ção,"nome feminino",fa.tu.ɾa.sˈə̃w
fa·tu·rar,verbo,fa.tu.ɾˈa
fau·ce,"nome feminino",fˈaw.si
fa·ú·lha,"nome feminino",fa.ˈu.ʎə
fa·u·lhar,verbo,fa.u.ʎˈa
fau·na,"nome feminino",fˈaw.nə
fau·nís·ti·co,adjetivo,faw.nˈis.tʃi.kʊ
fau·no,"nome masculino",fˈaw.nʊ
fáus·ti·co,adjetivo,fˈaws.tʃi.kʊ
faus·to,adjetivo,fˈaws.tʊ
faus·to,"nome masculino",fˈaws.tʊ
faus·to·sa·men·te,advérbio,faws.tɔ.za.mˈẽj.tʃi
faus·to·so,adjetivo,faws.tˈo.zʊ
fau·tor,"nome masculino",faw.tˈoɾ
fau·tor,adjetivo,faw.tˈoɾ
fau·vis·mo,"nome masculino",faw.vˈiz.mʊ
fa·va,"nome feminino",fˈa.və
fa·va-ri·ca,"nome feminino",fˌa.və.xˈi.kə
fa·val,"nome masculino",fa.vˈaw
fa·ve·la,"nome feminino",fa.vˈɛ.lə
fa·ve·la·da,"nome feminino",fa.ve.lˈa.də
fa·ve·la·do,"nome masculino",fa.ve.lˈa.dʊ
fa·ve·la·do,adjetivo,fa.ve.lˈa.dʊ
fa·vi·la,"nome feminino",fa.vˈi.lə
fa·vo,"nome masculino",fˈa.vʊ
fa·vor,"nome masculino",fa.vˈoɾ
fa·vo·ra·bi·li·da·de,"nome feminino",fa.vo.ɾa.bi.li.dˈa.dʒi
fa·vo·rá·vel,adjetivo,fa.vo.ɾˈa.vew
fa·vo·ra·vel·men·te,advérbio,fa.vo.ɾa.vew.mˈẽj.tʃi
fa·vo·re·ce·dor,"nome masculino",fa.vo.ɾe.se.dˈoɾ
fa·vo·re·ce·dor,adjetivo,fa.vo.ɾe.se.dˈoɾ
fa·vo·re·ce·do·ra,"nome feminino",fa.vo.ɾe.se.dˈo.ɾə
fa·vo·re·cer,verbo,fa.vo.ɾe.sˈe
fa·vo·re·ci·do,adjetivo,fa.vo.ɾe.sˈi.dʊ
fa·vo·re·ci·do,"nome masculino",fa.vo.ɾe.sˈi.dʊ
fa·vo·re·ci·men·to,"nome masculino",fa.vo.ɾe.si.mˈẽj.tʊ
fa·vo·ri·ta,"nome feminino",fa.vo.ɾˈi.tə
fa·vo·ri·tis·mo,"nome masculino",fa.vo.ɾi.tʃˈiz.mʊ
fa·vo·ri·tís·si·mo,adjetivo,fa.vo.ɾi.tʃˈi.si.mʊ
fa·vo·ri·to,"nome masculino",fa.vo.ɾˈi.tʊ
fa·vo·ri·to,adjetivo,fa.vo.ɾˈi.tʊ
fax,"nome masculino",fˈaks
fa·xe,adjetivo,fˈa.ki.si
fa·xe,"nome masculino",fˈa.ki.si
fa·xi·na,"nome masculino",fa.ʃˈi.nə
fa·xi·na,"nome feminino",fa.ʃˈi.nə
fa·xi·nar,verbo,fa.ʃi.nˈa
faz-tu·do,"nome feminino",fˌas.tˈu.dʊ
faz-tu·do,"nome masculino",fˌas.tˈu.dʊ
fa·ze·dor,"nome masculino",fa.ze.dˈoɾ
fa·ze·dor,adjetivo,fa.ze.dˈoɾ
fa·ze·do·ra,"nome feminino",fa.ze.dˈo.ɾə
fa·zen·da,"nome feminino",fa.zˈẽj.də
"fa·zen·dá·ri· o",adjetivo,fa.zẽ.dˈa.ɾjʊ
fa·zen·dei·ro,"nome masculino",fa.zẽ.dˈej.ɾʊ
fa·zer,verbo,fa.zˈe
fé,"nome feminino",fˈɛ
fê,"nome masculino",fˈe
fe·al·da·de,"nome feminino",fi.aw.dˈa.dʒi
fe·bra,"nome feminino",fˈe.bɾə
fe·brão,"nome masculino",fe.bɾˈə̃w
fe·bre,"nome masculino",fˈɛ.bɾi
fe·bre,"nome feminino",fˈɛ.bɾi
fe·brí·cu·la,"nome feminino",fe.bɾˈi.ku.lə
fe·bril,adjetivo,fe.bɾˈiw
fe·bri·li·da·de,"nome feminino",fe.bɾi.li.dˈa.dʒi
fe·bril·men·te,advérbio,fe.bɾiw.mˈẽj.tʃi
fe·cal,adjetivo,fe.kˈaw
fe·cha,"nome feminino",fˈe.ʃə
fe·cha·dís·si·mo,adjetivo,fe.ʃa.dʒˈi.si.mʊ
fe·cha·do,"nome masculino",fe.ʃˈa.dʊ
fe·cha·do,adjetivo,fe.ʃˈa.dʊ
fe·cha·du·ra,"nome feminino",fe.ʃa.dˈu.ɾə
fe·cha·men·to,"nome masculino",fe.ʃa.mˈẽj.tʊ
fe·char,verbo,fe.ʃˈa
fe·cha·ri·a,"nome feminino",fe.ʃa.ɾˈi.jə
fe·cho,"nome masculino",fˈe.ʃʊ
fé·cu·la,"nome feminino",fˈɛ.ku.lə
fe·cu·len·to,adjetivo,fe.ku.lˈẽj.tʊ
fe·cun·da·ção,"nome feminino",fe.kũ.da.sˈə̃w
fe·cun·da·dor,"nome masculino",fe.kũ.da.dˈoɾ
fe·cun·da·dor,adjetivo,fe.kũ.da.dˈoɾ
fe·cun·da·men·te,advérbio,fe.kũ.da.mˈẽj.tʃi
fe·cun·dan·te,adjetivo,fe.kũ.dˈə̃.tʃi
fe·cun·dar,verbo,fe.kũ.dˈa
fe·cun·dá·vel,adjetivo,fe.kũ.dˈa.vew
fe·cun·di·da·de,"nome feminino",fe.kũ.dʒi.dˈa.dʒi
fe·cun·do,adjetivo,fe.kˈũ.dʊ
fe·de·lho,"nome masculino",fe.dˈe.ʎʊ
fe·der,verbo,fe.dˈe
fe·de·ra·ção,"nome feminino",fe.de.ɾa.sˈə̃w
fe·de·ra·da,"nome feminino",fe.de.ɾˈa.də
fe·de·ra·do,"nome masculino",fe.de.ɾˈa.dʊ
fe·de·ra·do,adjetivo,fe.de.ɾˈa.dʊ
fe·de·ral,adjetivo,fe.de.ɾˈaw
fe·de·ral,"nome masculino",fe.de.ɾˈaw
fe·de·ra·lis·mo,"nome masculino",fe.de.ɾa.lˈiz.mʊ
fe·de·ra·lis·ta,adjetivo,fe.de.ɾa.lˈis.tə
fe·de·ra·lis·ta,"nome feminino",fe.de.ɾa.lˈis.tə
fe·de·ra·lis·ta,"nome masculino",fe.de.ɾa.lˈis.tə
fe·de·ra·li·za·ção,"nome feminino",fe.de.ɾa.li.za.sˈə̃w
fe·de·ra·li·zar,verbo,fe.de.ɾa.li.zˈa
fe·de·ral·men·te,advérbio,fe.de.ɾaw.mˈẽj.tʃi
fe·de·rar,verbo,fe.de.ɾˈa
fe·de·ra·ti·va·men·te,advérbio,fe.de.ɾa.tʃi.va.mˈẽj.tʃi
fe·de·ra·ti·vo,adjetivo,fe.de.ɾa.tʃˈi.vʊ
fe·dor,"nome masculino",fe.dˈoɾ
fe·do·ren·ta,"nome feminino",fe.do.ɾˈẽj.tə
fe·do·ren·ta·men·te,advérbio,fe.do.ɾẽ.ta.mˈẽj.tʃi
fe·do·ren·to,adjetivo,fe.do.ɾˈẽj.tʊ
"feed· back","nome masculino",
"fee· ling","nome masculino",
fe·e·ri·a,"nome feminino",fe.e.ɾˈi.jə
fe·é·ri·co,adjetivo,fe.ˈɛ.ɾi.kʊ
"fée· rie","nome feminino",
fei·a,"nome feminino",fˈej.jə
fei·a·men·te,advérbio,fej.a.mˈẽj.tʃi
fei·ção,"nome feminino",fej.sˈə̃w
fei·jão,"nome masculino",fej.ʒˈə̃w
fei·jão-ver·de,"nome masculino",fej.ʒˌə̃w.vˈeɾ.dʒi
fei·jo·a·da,"nome feminino",fej.ʒo.ˈa.də
fei·jo·ca,"nome feminino",fej.ʒˈɔ.kə
fei·jo·ei·ro,"nome masculino",fej.ʒwˈej.ɾʊ
fei·o,"nome masculino",fˈej.jʊ
fei·o,adjetivo,fˈej.jʊ
fei·o·so,"nome masculino",fej.ˈo.zʊ
fei·o·so,adjetivo,fej.ˈo.zʊ
fei·ra,"nome feminino",fˈej.ɾə
fei·ran·te,"nome masculino",fej.ɾˈə̃.tʃi
fei·ran·te,"nome feminino",fej.ɾˈə̃.tʃi
fei·rar,verbo,fej.ɾˈa
fei·ren·se,adjetivo,fej.ɾˈẽj.si
fei·ren·se,"nome masculino","fej.ɾˈẽj.si ou fej.ɾˈẽj.si"
fei·ta,"nome feminino",fˈej.tə
fei·tal,"nome masculino",fej.tˈaw
fei·tei·ra,"nome feminino",fejtˈej.ɾə
fei·ti·ar,verbo,fej.tʃjˈa
fei·ti·ça·ri·a,"nome feminino",fej.tʃi.sa.ɾˈi.jə
fei·ti·cei·ra,"nome feminino",fej.tʃi.sˈej.ɾə
fei·ti·cei·ro,"nome masculino",fej.tʃi.sˈej.ɾʊ
fei·ti·cei·ro,adjetivo,fej.tʃi.sˈej.ɾʊ
fei·ti·cis·mo,"nome masculino",fej.tʃi.sˈiz.mʊ
fei·ti·cis·ta,"nome masculino","fej.tʃi.sˈis.tə ou fej.tʃi.sˈis.tə"
fei·ti·cis·ta,adjetivo,fej.tʃi.sˈis.tə
fei·ti·ço,"nome masculino",fej.tʃˈi.sʊ
fei·ti·ço,adjetivo,fej.tʃˈi.sʊ
fei·ti·o,"nome masculino",fej.tʃˈi.ʊ
fei·to,adjetivo,fˈej.tʊ
fei·to,"nome masculino",fˈej.tʊ
fei·tor,"nome masculino",fej.tˈoɾ
fei·tor,adjetivo,fej.tˈoɾ
fei·to·rar,verbo,fej.to.ɾˈa
fei·to·ri·a,"nome feminino",fej.to.ɾˈi.jə
fei·tu·ra,"nome feminino",fej.tˈu.ɾə
fei·u·ra,"nome feminino",fej.ˈu.ɾə
fei·xe,"nome masculino",fˈej.ʃi
fel,"nome masculino",fˈɛw
fe·la·ção,"nome feminino",fe.la.sˈə̃w
felds·pa·to,"nome masculino",feɫds.pˈa.tʊ
fel·guei·ra,"nome feminino",fɛw.gˈej.ɾə
fel·guei·ren·se,"nome masculino","fɛw.gej.ɾˈẽj.si ou fɛw.gej.ɾˈẽj.si"
fel·guei·ren·se,adjetivo,fɛw.gej.ɾˈẽj.si
"fe·lí·ci· a","nome feminino",fe.lˈi.sjə
fe·li·ci·da·de,"nome feminino",fe.li.si.dˈa.dʒi
fe·li·cís·si·mo,adjetivo,fe.li.sˈi.si.mʊ
fe·li·ci·ta·ção,"nome feminino",fe.li.si.ta.sˈə̃w
fe·li·ci·tar,verbo,fe.li.si.tˈa
fe·li·ni·cul·tu·ra,"nome feminino",fe.li.ni.kuw.tˈu.ɾə
fe·li·no,"nome masculino",fe.lˈi.nʊ
fe·li·no,adjetivo,fe.lˈi.nʊ
fe·liz,adjetivo,fe.lˈis
fe·li·zar·do,"nome masculino",fe.li.zˈaɾ.dʊ
fe·li·zar·do,adjetivo,fe.li.zˈaɾ.dʊ
fe·liz·men·te,advérbio,fe.liz.mˈẽj.tʃi
fe·lo·ni·a,"nome feminino",fe.lo.nˈi.jə
fe·lo·sa,"nome feminino",fe.lˈɔ.zə
fel·pa,"nome feminino",fˈew.pə
fel·par,verbo,few.pˈa
fel·po,adjetivo,fˈew.pʊ
fel·po,"nome masculino",fˈew.pʊ
fel·pu·do,adjetivo,few.pˈu.dʊ
fel·trar,verbo,few.tɾˈa
fel·tro,"nome masculino",fˈew.tɾʊ
fe·lu·pe,adjetivo,fe.lˈu.pi
fe·lu·pe,"nome masculino","fe.lˈu.pi ou fe.lˈu.pi"
"fê·me· a","nome feminino",fˈe.mjə
"fê·me· o",adjetivo,fˈe.mjʊ
fe·mi·ni·da·de,"nome feminino",fe.mi.ni.dˈa.dʒi
fe·mi·nil,adjetivo,fe.mi.nˈiw
fe·mi·ni·li·da·de,"nome feminino",fe.mi.ni.li.dˈa.dʒi
fe·mi·nil·men·te,advérbio,fe.mi.niw.mˈẽj.tʃi
fe·mi·ni·no,"nome masculino",fe.mi.nˈi.nʊ
fe·mi·ni·no,adjetivo,fe.mi.nˈi.nʊ
fe·mi·nis·mo,"nome masculino",fe.mi.nˈiz.mʊ
fe·mi·nis·ta,"nome feminino",fe.mi.nˈis.tə
fe·mi·nis·ta,"nome masculino",fe.mi.nˈis.tə
fe·mi·nis·ta,adjetivo,fe.mi.nˈis.tə
fe·mi·ni·za·ção,"nome feminino",fe.mi.ni.za.sˈə̃w
fe·mi·ni·zar,verbo,fe.mi.ni.zˈa
fé·mur,"nome masculino",fˈɛ.muɾ
fen·da,"nome feminino",fˈẽj.də
fen·der,verbo,fẽ.dˈe
fen·di·da,"nome feminino",fẽ.dʒˈi.də
fen·di·do,adjetivo,fẽ.dʒˈi.dʊ
fe·ne·cer,verbo,fe.ne.sˈe
fe·ni·a·no,"nome masculino",fe.njˈə.nʊ
fe·ni·a·no,adjetivo,fe.njˈə.nʊ
"fe·ní·ci· a","nome feminino",fe.nˈi.sjə
"fe·ní·ci· o",adjetivo,fe.nˈi.sjʊ
"fe·ní·ci· o","nome masculino",fe.nˈi.sjʊ
fe·ni·la·la·ni·na,"nome feminino",fe.ni.la.la.nˈi.nə
"fe·nil·ce·to·nú·ri· a","nome feminino",fe.niw.se.to.nˈu.ɾjə
fé·nix,"nome feminino",fˈɛ.niks
fe·no,"nome masculino",fˈe.nʊ
fe·nol,"nome masculino",fe.nˈɔw
fe·no·me·nal,adjetivo,fe.no.me.nˈaw
fe·no·me·nal·men·te,advérbio,fe.no.me.naw.mˈẽj.tʃi
fe·nô·me·no,"nome masculino",fe.nˈo.me.nʊ
fe·nó·me·no,"nome masculino",fe.nˈɔ.me.nʊ
fe·no·me·no·lo·gi·a,"nome feminino",fe.no.me.no.lo.ʒˈi.jə
fe·no·me·no·ló·gi·co,adjetivo,fe.no.me.no.lˈɔ.ʒi.kʊ
fe·ra,"nome feminino",fˈɛ.ɾə
fe·ral,adjetivo,fe.ɾˈaw
fe·ra·men·te,advérbio,fɛ.ɾa.mˈẽj.tʃi
fé·re·tro,"nome feminino",fˈɛ.ɾe.tɾʊ
"fé·ri· a","nome feminino",fˈɛ.ɾjə
fe·ri·a·do,"nome masculino",fe.ɾjˈa.dʊ
fe·ri·a·do,adjetivo,fe.ɾjˈa.dʊ
fe·ri·al,adjetivo,fe.ɾjˈaw
fe·ri·ar,verbo,fe.ɾjˈa
fe·ri·da,"nome feminino",fe.ɾˈi.də
fe·ri·do,"nome masculino",fe.ɾˈi.dʊ
fe·ri·do,adjetivo,fe.ɾˈi.dʊ
fe·ri·men·to,"nome masculino",fe.ɾi.mˈẽj.tʊ
fe·ri·no,adjetivo,fe.ɾˈi.nʊ
fe·rir,verbo,fe.ɾˈi
fer·men·ta·ção,"nome feminino",feɾ.mẽ.ta.sˈə̃w
fer·men·tar,verbo,feɾ.mẽ.tˈa
fer·men·tá·vel,adjetivo,feɾ.mẽ.tˈa.vew
fer·men·to,"nome masculino",feɾ.mˈẽj.tʊ
fer·mi,"nome masculino",fɛɾ.mˈi
fer·nan·di·no,adjetivo,fer.nə̃.dʒˈi.nʊ
fe·ro,adjetivo,fˈɛ.ɾʊ
fe·ro·ci·da·de,"nome feminino",fe.ɾo.si.dˈa.dʒi
fe·ro·cís·si·mo,adjetivo,fe.ɾo.sˈi.si.mʊ
fe·ro·mo·na,"nome feminino",fe.ɾo.mˈo.nə
fe·roz,adjetivo,fe.ɾˈos
fe·roz·men·te,advérbio,fe.ɾoz.mˈẽj.tʃi
fer·ra,"nome feminino",fˈɛ.xə
fer·ra·brás,"nome masculino",fɛ.xa.bɾˈas
fer·ra·brás,adjetivo,fɛ.xa.bɾˈas
fer·ra·da,"nome feminino",fe.xˈa.də
fer·ra·de·la,"nome feminino",fe.xa.dˈɛ.lə
fer·ra·do,adjetivo,fe.xˈa.dʊ
fer·ra·do,"nome masculino",fe.xˈa.dʊ
fer·ra·dor,"nome masculino",fe.xa.dˈoɾ
fer·ra·du·ra,"nome feminino",fe.xa.dˈu.ɾə
fer·ra·gei·ro,"nome masculino",fe.xa.ʒˈej.ɾʊ
fer·ra·gem,"nome feminino",fe.xˈa.ʒeɲ
fer·ra·gi·al,"nome masculino",fe.xa.ʒjˈaw
fer·ral,"nome masculino",fe.xˈaw
fer·ral,adjetivo,fe.xˈaw
fer·ra·men·ta,"nome feminino",fe.xa.mˈẽj.tə
fer·rão,"nome masculino",fe.xˈə̃w
fer·rar,verbo,fe.xˈa
fer·ra·ri·a,"nome feminino",fe.xa.ɾˈi.jə
fer·rei·ra,"nome feminino",fe.xˈej.ɾə
fer·rei·ren·se,"nome masculino","fe.xej.ɾˈẽj.si ou fe.xej.ɾˈẽj.si"
fer·rei·ren·se,adjetivo,fe.xej.ɾˈẽj.si
fer·rei·ri·nha,"nome feminino",fe.xej.ɾˈi.ɲə
fer·rei·ri·nho,"nome masculino",fe.xej.ɾˈi.ɲʊ
fer·rei·ro,"nome masculino",fe.xˈej.ɾʊ
fer·rei·ro,adjetivo,fe.xˈej.ɾʊ
fer·re·nho,adjetivo,fe.xˈe.ɲʊ
"fér·re· o",adjetivo,fˈɛ.xjʊ
fer·re·tar,verbo,fe.xe.tˈa
fer·re·te,adjetivo,fe.xˈe.tʃi
fer·re·te,"nome masculino",fe.xˈe.tʃi
fer·ri·nho,"nome masculino",fe.xˈi.ɲʊ
fer·ri·te,"nome feminino",fe.xˈi.tʃi
fer·ro,"nome masculino",fˈɛ.xʊ
fer·ro-ve·lho,"nome masculino",fˌɛ.xʊ.vˈɛ.ʎʊ
fer·ro·a·da,"nome feminino",fe.xo.ˈa.də
fer·ro·ar,verbo,fe.xo.ˈa
fer·ro·lhar,verbo,fe.xo.ʎˈa
fer·ro·lho,"nome masculino",fe.xˈo.ʎʊ
fer·ro·so,adjetivo,fe.xˈo.zʊ
fer·ro·vi·a,"nome feminino",fe.xo.vˈi.jə
fer·ro·vi·al,adjetivo,fe.xo.vjˈaw
"fer·ro·vi·á·ri· a","nome feminino",fe.xo.vjˈa.ɾjə
"fer·ro·vi·á·ri· o","nome masculino",fe.xo.vjˈa.ɾjʊ
"fer·ro·vi·á·ri· o",adjetivo,fe.xo.vjˈa.ɾjʊ
fer·ru·gem,"nome feminino",fe.xˈu.ʒeɲ
fer·ru·gen·ta,"nome feminino",fe.xu.ʒˈẽj.tə
fer·ru·gen·to,"nome masculino",fe.xu.ʒˈẽj.tʊ
fer·ru·gen·to,adjetivo,fe.xu.ʒˈẽj.tʊ
fer·ru·gi·no·so,adjetivo,fe.xu.ʒi.nˈo.zʊ
"fer· ry","nome masculino",
"fer· ry· boat","nome masculino",
fér·til,adjetivo,fˈɛɾ.tʃiw
fer·ti·li·da·de,"nome feminino",feɾ.tʃi.li.dˈa.dʒi
fer·ti·li·za·ção,"nome feminino",feɾ.tʃi.li.za.sˈə̃w
fer·ti·li·za·dor,"nome masculino",feɾ.tʃi.li.za.dˈoɾ
fer·ti·li·za·dor,adjetivo,feɾ.tʃi.li.za.dˈoɾ
fer·ti·li·za·do·ra,"nome feminino",feɾ.tʃi.li.za.dˈo.ɾə
fer·ti·li·zan·te,adjetivo,feɾ.tʃi.li.zˈə̃.tʃi
fer·ti·li·zan·te,"nome masculino",feɾ.tʃi.li.zˈə̃.tʃi
fer·ti·li·zar,verbo,feɾ.tʃi.li.zˈa
fer·til·men·te,advérbio,fɛɾ.tʃiw.mˈẽj.tʃi
fé·ru·la,"nome feminino",fˈɛ.ɾu.lə
fer·ve·dor,"nome masculino",feɾ.ve.dˈoɾ
fer·ven·ça,"nome feminino",feɾ.vˈẽj.sə
fer·ven·tar,verbo,feɾ.vẽ.tˈa
fer·ven·te,adjetivo,feɾ.vˈẽj.tʃi
fer·ven·te·men·te,advérbio,feɾ.vẽ.te.mˈẽj.tʃi
fer·ver,verbo,feɾ.vˈe
fer·vi·da,"nome feminino",feɾ.vˈi.də
fer·vi·do,adjetivo,feɾ.vˈi.dʊ
fer·vi·lha,"nome masculino","feɾ.vˈi.ʎə ou feɾ.vˈi.ʎə"
fer·vi·lhan·te,adjetivo,feɾ.vi.ʎˈə̃.tʃi
fer·vi·lhar,verbo,feɾ.vi.ʎˈa
fer·vor,"nome masculino",feɾ.vˈoɾ
fer·vo·rar,verbo,feɾ.vo.ɾˈa
fer·vo·ro·sa·men·te,advérbio,feɾ.vo.ɾɔ.za.mˈẽj.tʃi
fer·vo·ro·so,adjetivo,feɾ.vo.ɾˈo.zʊ
fer·vu·ra,"nome feminino",feɾ.vˈu.ɾə
fes·ce·ni·no,adjetivo,fe.se.nˈi.nʊ
fes·ta,"nome feminino",fˈɛs.tə
fes·tan·ça,"nome feminino",fes.tˈə̃.sə
fes·tão,"nome masculino",fes.tˈə̃w
fes·tar,verbo,fes.tˈa
fes·ta·ro·la,"nome feminino",fes.ta.ɾˈɔ.lə
fes·tei·ro,"nome masculino",fes.tˈej.ɾʊ
fes·tei·ro,adjetivo,fes.tˈej.ɾʊ
fes·te·ja·da,"nome feminino",fes.te.ʒˈa.də
fes·te·ja·do,"nome masculino",fes.te.ʒˈa.dʊ
fes·te·ja·do,adjetivo,fes.te.ʒˈa.dʊ
fes·te·jar,verbo,fes.te.ʒˈa
fes·te·jo,"nome masculino",fes.tˈe.ʒʊ
fes·tim,"nome masculino",fes.tʃˈiɲ
fes·ti·val,"nome masculino",fes.tʃi.vˈaw
fes·ti·val,adjetivo,fes.tʃi.vˈaw
fes·ti·va·lei·ro,adjetivo,fes.tʃi.va.lˈej.ɾʊ
fes·ti·va·men·te,advérbio,fes.tʃi.va.mˈẽj.tʃi
fes·ti·vi·da·de,"nome feminino",fes.tʃi.vi.dˈa.dʒi
fes·ti·vo,adjetivo,fes.tʃˈi.vʊ
fes·to,adjetivo,fˈɛs.tʊ
fes·to,"nome masculino",fˈes.tʊ
fes·tu·ca,"nome feminino",fes.tˈu.kə
fe·tal,adjetivo,fe.tˈaw
fe·tal,"nome masculino",fɛ.tˈaw
fe·tei·ra,"nome feminino",fɛ.tˈej.ɾə
fe·ti·che,"nome masculino",fe.tʃˈi.ʃi
fe·ti·chis·mo,"nome masculino",fe.tʃi.ʃˈiz.mʊ
fe·ti·chis·ta,"nome feminino",fe.tʃi.ʃˈis.tə
fe·ti·chis·ta,"nome masculino",fe.tʃi.ʃˈis.tə
fe·ti·chis·ta,adjetivo,fe.tʃi.ʃˈis.tə
fé·ti·do,"nome masculino",fˈɛ.tʃi.dʊ
fé·ti·do,adjetivo,fˈɛ.tʃi.dʊ
fe·to,"nome masculino",fˈɛ.tʊ
feu·dal,adjetivo,few.dˈaw
feu·da·li·da·de,"nome feminino",few.da.li.dˈa.dʒi
feu·da·lis·mo,"nome masculino",few.da.lˈiz.mʊ
feu·da·lis·ta,adjetivo,few.da.lˈis.tə
feu·da·lis·ta,"nome masculino","few.da.lˈis.tə ou few.da.lˈis.tə"
feu·da·li·za·ção,"nome feminino",few.da.li.za.sˈə̃w
feu·da·li·zar,verbo,few.da.li.zˈa
feu·dal·men·te,advérbio,few.daw.mˈẽj.tʃi
feu·do,"nome masculino",fˈew.dʊ
fê·ve·ra,"nome feminino",fˈe.ve.ɾə
fe·ve·rei·ro,"nome masculino",fe.ve.ɾˈej.ɾʊ
fez,"nome masculino",fˈes
fe·za·da,"nome feminino",fe.zˈa.də
fe·zes,"nome feminino",fˈɛ.zis
fi,"nome masculino",fi
fi·a·bi·li·da·de,"nome feminino",fja.bi.li.dˈa.dʒi
fi·a·ção,"nome feminino",fja.sˈə̃w
fi·a·cre,"nome masculino",fjˈa.kɾi
fi·a·da,"nome feminino",fjˈa.də
fi·a·dei·ro,adjetivo,fja.dˈej.ɾʊ
fi·a·dei·ro,"nome masculino",fja.dˈej.ɾʊ
fi·a·do,adjetivo,fjˈa.dʊ
fi·a·do,"nome masculino",fjˈa.dʊ
fi·a·do,advérbio,fjˈa.dʊ
fi·a·dor,"nome masculino",fja.dˈoɾ
fi·a·lho,"nome masculino",fjˈa.ʎʊ
fi·am·bre,"nome masculino",fjˈə̃.bɾi
fi·an·ça,"nome feminino",fjˈə̃.sə
fi·an·dei·ra,"nome feminino",fjə̃.dˈej.ɾə
fi·a·po,"nome masculino",fjˈa.pʊ
fi·ar,verbo,fjˈa
fi·as·co,"nome masculino",fjˈas.kʊ
fi·á·vel,adjetivo,fjˈa.vew
fi·bra,"nome feminino",fˈi.bɾə
fi·bri·la·ção,"nome feminino",fi.bɾi.la.sˈə̃w
fi·bri·na,"nome feminino",fi.bɾˈi.nə
fi·bri·no,adjetivo,fi.bɾˈi.nʊ
fi·bro·blas·to,"nome masculino",fi.bɾo.blˈas.tʊ
fi·bro·ci·men·to,"nome masculino",fi.bɾo.si.mˈẽj.tʊ
fi·bro·mi·al·gi·a,"nome feminino",fi.bɾo.mjaw.ʒˈi.jə
fi·bro·se,"nome feminino",fi.bɾˈɔ.zi
fi·bro·so,adjetivo,fi.bɾˈo.zʊ
fí·bu·la,"nome feminino",fˈi.bu.lə
fi·ca·da,"nome feminino",fi.kˈa.də
fi·car,verbo,fi.kˈa
fic·ção,"nome feminino",fi.kə.sˈə̃w
fic·ci·o·na·do,adjetivo,fi.ki.si.o.nˈa.dʊ
fic·ci·o·nal,adjetivo,fi.ki.si.o.nˈaw
fic·ci·o·nal·men·te,advérbio,fi.ki.si.o.naw.mˈẽj.tʃi
fic·ci·o·nis·ta,"nome masculino",fi.ki.si.o.nˈis.tə
fic·ci·o·nis·ta,adjetivo,fi.ki.si.o.nˈis.tə
fic·ci·o·nis·ta,"nome feminino",fi.ki.si.o.nˈis.tə
fi·cha,"nome feminino",fˈi.ʃə
fi·cha·gem,"nome feminino",fi.ʃˈa.ʒeɲ
fi·char,verbo,fi.ʃˈa
fi·chei·ro,"nome masculino",fi.ʃˈej.ɾʊ
fic·ti·ci·a·men·te,advérbio,fi.ki.tʃi.sja.mˈẽj.tʃi
"fic·tí·ci· o",adjetivo,fi.ki.tʃˈi.sjʊ
fic·to,adjetivo,fˈi.kə.tʊ
fi·dal·ga,"nome feminino",fi.dˈaw.gə
fi·dal·ga·men·te,advérbio,fi.daw.ga.mˈẽj.tʃi
fi·dal·go,"nome masculino",fi.dˈaw.gʊ
fi·dal·go,adjetivo,fi.dˈaw.gʊ
fi·dal·go·te,"nome masculino",fi.daw.gˈɔ.tʃi
fi·dal·gui·a,"nome feminino",fi.daw.gˈi.jə
fi·de·dig·ni·da·de,"nome feminino",fi.de.dʒi.gi.ni.dˈa.dʒi
fi·de·dig·no,adjetivo,fi.de.dʒˈi.gə.nʊ
fi·dei·co·mis·so,"nome masculino",fi.dej.ko.mˈi.sʊ
fi·de·ís·mo,"nome masculino",fi.de.ˈiz.mʊ
fi·de·li·da·de,"nome feminino",fi.de.li.dˈa.dʒi
fi·de·lís·si·mo,adjetivo,fi.de.lˈi.si.mʊ
fi·de·li·za·ção,"nome feminino",fi.de.li.za.sˈə̃w
fi·de·li·zar,verbo,fi.de.li.zˈa
fi·do,adjetivo,fˈi.dʊ
"fi·du·ci·á·ri· a","nome feminino",fi.du.sjˈa.ɾjə
fi·du·ci·a·ri·a·men·te,advérbio,fi.du.sja.ɾja.mˈẽj.tʃi
"fi·du·ci·á·ri· o","nome masculino",fi.du.sjˈa.ɾjʊ
"fi·du·ci·á·ri· o",adjetivo,fi.du.sjˈa.ɾjʊ
fi·ei·ra,"nome feminino",fi.ˈej.ɾə
fi·el,"nome feminino",fi.ˈɛw
fi·el,"nome masculino",fi.ˈɛw
fi·el,adjetivo,fi.ˈɛw
fi·el·men·te,advérbio,fi.ɛw.mˈẽj.tʃi
fi·fi,"nome feminino",fi.fˈi
"fí·fi· a","nome feminino",fˈi.fjə
fi·ga,"nome feminino",fˈi.gə
fi·ga·dal,adjetivo,fi.ga.dˈaw
fi·ga·dal·men·te,advérbio,fi.ga.daw.mˈẽj.tʃi
fí·ga·do,"nome masculino",fˈi.ga.dʊ
fí·ga·ro,"nome masculino",fˈi.ga.ɾʊ
fi·go,"nome masculino",fˈi.gʊ
fi·guei·ra,"nome feminino",fi.gˈej.ɾə
fi·guei·ral,"nome masculino",fi.gej.ɾˈaw
fi·guei·re·do,"nome masculino",fi.gej.ɾˈe.dʊ
fi·guei·ren·se,"nome feminino",fi.gej.ɾˈẽj.si
fi·guei·ren·se,adjetivo,fi.gej.ɾˈẽj.si
fi·guei·ren·se,"nome masculino",fi.gej.ɾˈẽj.si
fi·guei·ro·a,"nome feminino",fi.gej.ɾˈo.ə
fi·guei·ro·en·se,"nome masculino","fi.gej.ɾwˈẽj.si ou fi.gej.ɾwˈẽj.si"
fi·guei·ro·en·se,adjetivo,fi.gej.ɾwˈẽj.si
fi·gu·ra,"nome feminino",fi.gˈu.ɾə
fi·gu·ra·bi·li·da·de,"nome feminino",fi.gu.ɾa.bi.li.dˈa.dʒi
fi·gu·ra·ção,"nome feminino",fi.gu.ɾa.sˈə̃w
fi·gu·ra·da·men·te,advérbio,fi.gu.ɾa.da.mˈẽj.tʃi
fi·gu·ra·do,adjetivo,fi.gu.ɾˈa.dʊ
fi·gu·ral,adjetivo,fi.gu.ɾˈaw
fi·gu·ran·te,"nome feminino",fi.gu.ɾˈə̃.tʃi
fi·gu·ran·te,"nome masculino",fi.gu.ɾˈə̃.tʃi
fi·gu·rão,"nome masculino",fi.gu.ɾˈə̃w
fi·gu·rar,verbo,fi.gu.ɾˈa
fi·gu·ra·ti·va,"nome feminino",fi.gu.ɾa.tʃˈi.və
fi·gu·ra·ti·va·men·te,advérbio,fi.gu.ɾa.tʃi.va.mˈẽj.tʃi
fi·gu·ra·ti·vis·mo,"nome masculino",fi.gu.ɾa.tʃi.vˈiz.mʊ
fi·gu·ra·ti·vo,adjetivo,fi.gu.ɾa.tʃˈi.vʊ
fi·gu·ra·ti·vo,"nome masculino",fi.gu.ɾa.tʃˈi.vʊ
fi·gu·rá·vel,adjetivo,fi.gu.ɾˈa.vew
fi·gu·ri·nis·ta,adjetivo,fi.gu.ɾi.nˈis.tə
fi·gu·ri·nis·ta,"nome feminino",fi.gu.ɾi.nˈis.tə
fi·gu·ri·nis·ta,"nome masculino",fi.gu.ɾi.nˈis.tə
fi·gu·ri·no,"nome masculino",fi.gu.ɾˈi.nʊ
fi·gu·ro,"nome masculino",fi.gˈu.ɾʊ
fi·ji·a·no,"nome masculino",fi.ʒjˈə.nʊ
fi·ji·a·no,adjetivo,fi.ʒjˈə.nʊ
fi·la,"nome feminino",fˈi.lə
fi·la·men·to,"nome masculino",fi.la.mˈẽj.tʊ
fi·la·men·to·so,adjetivo,fi.la.mẽ.tˈo.zʊ
fi·lan·tro·pi·a,"nome feminino",fi.lə̃.tɾo.pˈi.jə
fi·lan·tro·pi·ca·men·te,advérbio,fi.lə̃.tɾɔ.pi.ka.mˈẽj.tʃi
fi·lan·tró·pi·co,adjetivo,fi.lə̃.tɾˈɔ.pi.kʊ
fi·lan·tro·po,"nome masculino",fi.lə̃.tɾˈo.pʊ
fi·lan·tro·po,adjetivo,fi.lə̃.tɾˈo.pʊ
fi·lão,"nome masculino",fi.lˈə̃w
fi·lar,adjetivo,fi.lˈaɾ
fi·lar,verbo,fi.lˈa
"fi·lá·ri· a","nome feminino",fi.lˈa.ɾjə
fi·la·rí·a·se,"nome feminino",fi.la.ɾˈi.a.zi
fi·la·ri·o·se,"nome feminino",fi.la.ɾi.ˈɔ.zi
fi·lar·mo·ni·a,"nome feminino",fi.laɾ.mo.nˈi.jə
fi·lar·mó·ni·ca,"nome feminino",fi.laɾ.mˈɔ.ni.kə
fi·lar·mó·ni·co,adjetivo,fi.laɾ.mˈɔ.ni.kʊ
fi·la·te·li·a,"nome feminino",fi.la.te.lˈi.jə
fi·la·té·li·co,adjetivo,fi.la.tˈɛ.li.kʊ
fi·la·te·lis·ta,"nome masculino",fi.la.te.lˈis.tə
fi·la·te·lis·ta,"nome feminino",fi.la.te.lˈis.tə
"fi·la·tó·ri· o","nome masculino",fi.la.tˈɔ.ɾjʊ
"fi·la·tó·ri· o",adjetivo,fi.la.tˈɔ.ɾjʊ
fi·lé,"nome masculino",fi.lˈɛ
fi·lei·ra,"nome feminino",fi.lˈej.ɾə
fi·le·tar,verbo,fi.le.tˈa
fi·le·te,"nome masculino",fi.lˈɛ.tʃi
fi·lha,"nome feminino",fˈi.ʎə
fi·lhar,verbo,fi.ʎˈa
fi·lha·ra·da,"nome feminino",fi.ʎa.ɾˈa.də
fi·lha·rar,verbo,fi.ʎa.ɾˈa
fi·lhó,"nome feminino",fi.ʎˈɔ
fi·lho,adjetivo,fˈi.ʎʊ
fi·lho,"nome masculino",fˈi.ʎʊ
"fi·lho-fa·mí·li· a","nome masculino",fˌi.ʎʊ.fa.mˈi.ljə
fi·lhós,"nome feminino",fi.ʎˈɔs
fi·lho·te,"nome masculino",fi.ʎˈɔ.tʃi
fi·li·a·ção,"nome feminino",fi.lja.sˈə̃w
fi·li·a·da,"nome feminino",fi.ljˈa.də
fi·li·a·do,adjetivo,fi.ljˈa.dʊ
fi·li·a·do,"nome masculino",fi.ljˈa.dʊ
fi·li·al,adjetivo,fi.ljˈaw
fi·li·al,"nome feminino",fi.ljˈaw
fi·li·al·men·te,advérbio,fi.ljaw.mˈẽj.tʃi
fi·li·ar,verbo,fi.ljˈa
fi·li·for·me,adjetivo,fi.li.fˈɔɾ.mi
fi·li·gra·na,"nome feminino",fi.li.gɾˈə.nə
fi·li·gra·nar,verbo,fi.li.gɾa.nˈa
fi·li·par,verbo,fi.li.pˈa
fi·lí·pi·ca,"nome feminino",fi.lˈi.pi.kə
fi·li·pi·na,"nome feminino",fi.li.pˈi.nə
fi·li·pi·no,"nome masculino",fi.li.pˈi.nʊ
fi·li·pi·no,adjetivo,fi.li.pˈi.nʊ
fi·lis·teu,adjetivo,fi.lis.tˈew
fi·lis·teu,"nome masculino",fi.lis.tˈew
fi·lis·ti·nis·mo,"nome masculino",fi.lis.tʃi.nˈiz.mʊ
fil·ma·gem,"nome feminino",fiw.mˈa.ʒeɲ
fil·mar,verbo,fiw.mˈa
fil·me,"nome masculino",fˈiw.mi
fíl·mi·co,adjetivo,fˈiw.mi.kʊ
fil·mo·gra·fi·a,"nome feminino",fiw.mo.gɾa.fˈi.jə
fil·mo·grá·fi·co,adjetivo,fiw.mo.gɾˈa.fi.kʊ
fil·mo·lo·gi·a,"nome feminino",fiw.mo.lo.ʒˈi.jə
fil·mo·te·ca,"nome feminino",fiw.mo.tˈɛ.kə
fi·ló,"nome masculino",fi.lˈɔ
fi·lo,"nome masculino",fˈi.lʊ
fi·lo·ca·to,"nome masculino",fi.lo.kˈa.tʊ
fi·lo·de,"nome feminino",fi.lo.dʒi
fi·lo·dér·mi·co,adjetivo,fi.lo.dˈɛɾ.mi.kʊ
fi·lo·gé·ne·se,"nome feminino",fi.lo.ʒˈɛ.ne.zi
fi·lo·ge·né·si·co,adjetivo,fi.lo.ʒe.nˈɛ.zi.kʊ
fi·lo·ge·né·ti·co,adjetivo,fi.lo.ʒe.nˈɛ.tʃi.kʊ
fi·lo·gé·ni·co,adjetivo,fi.lo.ʒˈɛ.ni.kʊ
fi·loi·de,"nome masculino",fi.lo.ˈi.dʒi
fi·lo·lo·gi·a,"nome feminino",fi.lo.lo.ʒˈi.jə
fi·lo·lo·gi·ca·men·te,advérbio,"fi.lo.lɔ.ʒi.ka.mˈẽj.tʃi ou fi.lo.lɔ.ʒi.ka.mˈẽj.tʃi"
fi·lo·ló·gi·co,adjetivo,fi.lo.lˈɔ.ʒi.kʊ
fi·ló·lo·go,"nome masculino",fi.lˈɔ.lo.gʊ
fi·lo·so·fal,adjetivo,fi.lo.zo.fˈaw
fi·lo·so·fan·te,"nome masculino",fi.lo.zo.fˈə̃.tʃi
fi·lo·so·fan·te,adjetivo,fi.lo.zo.fˈə̃.tʃi
fi·lo·so·fan·te,"nome feminino",fi.lo.zo.fˈə̃.tʃi
fi·lo·so·far,verbo,fi.lo.zo.fˈa
fi·lo·so·fi·a,"nome feminino",fi.lo.zo.fˈi.jə
fi·lo·so·fi·ca·men·te,advérbio,fi.lo.zɔ.fi.ka.mˈẽj.tʃi
fi·lo·só·fi·co,adjetivo,fi.lo.zˈɔ.fi.kʊ
fi·ló·so·fo,adjetivo,fi.lˈɔ.zo.fʊ
fi·ló·so·fo,"nome masculino",fi.lˈɔ.zo.fʊ
fi·lo·tác·ti·co,adjetivo,fi.lo.tˈa.ki.tʃi.kʊ
fi·lo·tá·ti·co,adjetivo,fi.lo.tˈa.tʃi.kʊ
fi·lo·téc·ni·co,adjetivo,fi.lo.tˈɛ.ki.ni.kʊ
fi·lo·tra·quei·a,"nome feminino",fi.lo.tɾa.kˈej.jə
fi·lo·xan·ti·na,"nome feminino",fi.lo.ʃə̃.tʃˈi.nə
fi·lo·xe·ra,"nome feminino",fi.lɔ.ki.sˈɛ.ɾə
fi·lo·xe·rar,verbo,fi.lɔ.ki.se.ɾˈa
fil·tra·ção,"nome feminino",fiw.tɾa.sˈə̃w
fil·tra·do,adjetivo,fiw.tɾˈa.dʊ
fil·tra·do,"nome masculino",fiw.tɾˈa.dʊ
fil·tra·dor,adjetivo,fiw.tɾa.dˈoɾ
fil·tra·dor,"nome masculino",fiw.tɾa.dˈoɾ
fil·tra·gem,"nome feminino",fiw.tɾˈa.ʒeɲ
fil·trar,verbo,fiw.tɾˈa
fil·tro,"nome masculino",fˈiw.tɾʊ
fim,"nome masculino",fˈiɲ
"fim de se·ma·na","nome masculino",fˌiɲ.dʒi.se.mˈə.nə
"fím·bri· a","nome feminino",fˈĩ.bɾjə
fi·na,"nome feminino",fˈi.nə
fi·na·da,"nome feminino",fi.nˈa.də
fi·na·do,adjetivo,fi.nˈa.dʊ
fi·na·do,"nome masculino",fi.nˈa.dʊ
fi·nal,"nome feminino",fi.nˈaw
fi·nal,"nome masculino",fi.nˈaw
fi·nal,adjetivo,fi.nˈaw
fi·na·li·da·de,"nome feminino",fi.na.li.dˈa.dʒi
fi·na·lís·si·mo,adjetivo,fi.na.lˈi.si.mʊ
fi·na·lis·ta,"nome masculino",fi.na.lˈis.tə
fi·na·lis·ta,"nome feminino",fi.na.lˈis.tə
fi·na·li·za·ção,"nome feminino",fi.na.li.za.sˈə̃w
fi·na·li·zar,verbo,fi.na.li.zˈa
fi·nal·men·te,advérbio,fi.naw.mˈẽj.tʃi
fi·na·men·te,advérbio,fi.na.mˈẽj.tʃi
fi·nan·ça,"nome feminino",fi.nˈə̃.sə
fi·nan·cei·ra,"nome feminino",fi.nə̃.sˈej.ɾə
fi·nan·cei·ra·men·te,advérbio,fi.nə̃.sej.ɾa.mˈẽj.tʃi
fi·nan·cei·ro,"nome masculino",fi.nə̃.sˈej.ɾʊ
fi·nan·cei·ro,adjetivo,fi.nə̃.sˈej.ɾʊ
fi·nan·ci·a·dor,"nome masculino",fi.nə̃.sja.dˈoɾ
fi·nan·ci·a·dor,adjetivo,fi.nə̃.sja.dˈoɾ
fi·nan·ci·a·do·ra,"nome feminino",fi.nə̃.sja.dˈo.ɾə
fi·nan·ci·al,adjetivo,fi.nə̃.sjˈaw
fi·nan·ci·a·men·to,"nome masculino",fi.nə̃.sja.mˈẽj.tʊ
fi·nan·ci·ar,verbo,fi.nə̃.sjˈa
fi·nan·ci·á·vel,adjetivo,fi.nə̃.sjˈa.vew
fi·nan·cis·ta,"nome feminino",fi.nə̃.sˈis.tə
fi·nan·cis·ta,"nome masculino",fi.nə̃.sˈis.tə
fi·nan·cis·ta,adjetivo,fi.nə̃.sˈis.tə
fi·nar,verbo,fi.nˈa
fin·ca,"nome feminino",fˈĩ.kə
fin·ca-pé,"nome masculino",fˌĩ.kə.pˈɛ
fin·car,verbo,fĩ.kˈa
fin·dar,verbo,fĩ.dˈa
fin·do,adjetivo,fˈĩ.dʊ
fi·ne·za,"nome feminino",fi.nˈe.zə
fin·gi·da,"nome feminino",fĩ.ʒˈi.də
fin·gi·da·men·te,advérbio,fĩ.ʒi.da.mˈẽj.tʃi
fin·gi·do,adjetivo,fĩ.ʒˈi.dʊ
fin·gi·do,"nome masculino",fĩ.ʒˈi.dʊ
fin·gi·dor,"nome masculino",fĩ.ʒi.dˈoɾ
fin·gi·men·to,"nome masculino",fĩ.ʒi.mˈẽj.tʊ
fin·gir,verbo,fĩ.ʒˈi
fi·ni·nha,"nome feminino",fi.nˈi.ɲə
fi·ni·nho,adjetivo,fi.nˈi.ɲʊ
fi·nis·se·cu·lar,adjetivo,fi.ni.se.ku.lˈaɾ
fi·nís·si·mo,adjetivo,fi.nˈi.si.mʊ
fi·nis·ter·ra,"nome feminino",fi.nis.tˈɛ.xə
fi·ni·to,"nome masculino",fi.nˈi.tʊ
fi·ni·to,adjetivo,fi.nˈi.tʊ
fi·ni·tu·de,"nome feminino",fi.ni.tˈu.dʒi
fin·lan·dês,"nome masculino",fĩ.lə̃.dˈes
fin·lan·dês,adjetivo,fĩ.lə̃.dˈes
fin·lan·de·sa,"nome feminino",fĩ.lə̃.dˈe.zə
fi·no,adjetivo,fˈi.nʊ
fi·no,"nome masculino",fˈi.nʊ
fi·no·ri·a·men·te,advérbio,fi.nɔ.ɾja.mˈẽj.tʃi
"fi·nó·ri· o","nome masculino",fi.nˈɔ.ɾjʊ
"fi·nó·ri· o",adjetivo,fi.nˈɔ.ɾjʊ
fin·ta,"nome feminino",fˈĩ.tə
fin·tar,verbo,fĩ.tˈa
fin·to,adjetivo,fˈĩ.tʊ
fi·nu·ra,"nome feminino",fi.nˈu.ɾə
fi·o,"nome masculino",fˈi.ʊ
fi·o·lhal,"nome masculino",fi.o.ʎˈaw
fi·o·lho,"nome masculino",fi.ˈo.ʎʊ
fi·or·de,"nome masculino",fi.ˈoɾ.dʒi
fi·o·te,"nome masculino","fi.ˈɔ.tʃi ou fi.ˈɔ.tʃi"
fi·o·te,adjetivo,fi.ˈɔ.tʃi
"fi· re· wall","nome feminino",
fir·ma,"nome feminino",fˈiɾ.mə
fir·ma·ção,"nome feminino",fiɾ.ma.sˈə̃w
fir·ma·do,adjetivo,fiɾ.mˈa.dʊ
fir·ma·men·to,"nome masculino",fiɾ.ma.mˈẽj.tʊ
fir·mar,verbo,fiɾ.mˈa
fir·me,adjetivo,fˈiɾ.mi
fir·me,"nome masculino",fˈiɾ.mi
fir·me·men·te,advérbio,fiɾ.me.mˈẽj.tʃi
fir·me·za,"nome feminino",fiɾ.mˈe.zə
"fi·sá·li· a","nome feminino",fi.zˈa.ljə
fis·cal,"nome masculino",fis.kˈaw
fis·cal,adjetivo,fis.kˈaw
fis·cal,"nome feminino",fis.kˈaw
"fis·cal de li·nha","nome masculino",fis.kˌaw.dʒi.lˈi.ɲə
fis·ca·li·da·de,"nome feminino",fis.ka.li.dˈa.dʒi
fis·ca·lis·ta,"nome feminino",fis.ka.lˈis.tə
fis·ca·lis·ta,adjetivo,fis.ka.lˈis.tə
fis·ca·lis·ta,"nome masculino",fis.ka.lˈis.tə
fis·ca·li·za·ção,"nome feminino",fis.ka.li.za.sˈə̃w
fis·ca·li·za·dor,"nome masculino",fis.ka.li.za.dˈoɾ
fis·ca·li·za·dor,adjetivo,fis.ka.li.za.dˈoɾ
fis·ca·li·za·do·ra,"nome feminino",fis.ka.li.za.dˈo.ɾə
fis·ca·li·zar,verbo,fis.ka.li.zˈa
fis·cal·men·te,advérbio,fis.kaw.mˈẽj.tʃi
fis·co,"nome masculino",fˈis.kʊ
fis·ga,"nome feminino",fˈiz.gə
fis·ga·da,"nome feminino",fiz.gˈa.də
fis·ga·do,adjetivo,fiz.gˈa.dʊ
fis·gar,verbo,fiz.gˈa
fi·si·a·tra,"nome masculino",fi.zjˈa.tɾə
fi·si·a·tra,"nome feminino",fi.zjˈa.tɾə
fi·si·a·tri·a,"nome feminino",fi.zja.tɾˈi.jə
fí·si·ca,"nome feminino",fˈi.zi.kə
fi·si·ca·li·da·de,"nome feminino",fi.zi.ka.li.dˈa.dʒi
fi·si·ca·men·te,advérbio,fi.zi.ka.mˈẽj.tʃi
fí·si·co,"nome masculino",fˈi.zi.kʊ
fí·si·co,adjetivo,fˈi.zi.kʊ
fí·si·co-quí·mi·ca,"nome feminino",fˌi.zi.ko.kˈi.mi.kə
fí·si·co-quí·mi·co,"nome masculino",fˌi.zi.ko.kˈi.mi.kʊ
fí·si·co-quí·mi·co,adjetivo,fˌi.zi.ko.kˈi.mi.kʊ
fi·si·o·cra·ta,"nome masculino","fi.zi.o.kɾˈa.tə ou fi.zi.o.kɾˈa.tə"
fi·si·o·cra·tis·mo,"nome masculino",fi.zi.o.kɾa.tʃˈiz.mʊ
fi·si·og·no·mo·ni·a,"nome feminino",fi.zi.o.gə.no.mo.nˈi.jə
fi·si·o·lo·gi·a,"nome feminino",fi.zi.o.lo.ʒˈi.jə
fi·si·o·lo·gi·ca·men·te,advérbio,fi.zi.o.lɔ.ʒi.ka.mˈẽj.tʃi
fi·si·o·ló·gi·co,adjetivo,fi.zi.o.lˈɔ.ʒi.kʊ
fi·si·o·lo·gis·ta,"nome feminino",fi.zi.o.lo.ʒˈis.tə
fi·si·o·lo·gis·ta,"nome masculino",fi.zi.o.lo.ʒˈis.tə
fi·si·o·no·mi·a,"nome feminino",fi.zi.o.no.mˈi.jə
fi·si·o·no·mi·ca·men·te,advérbio,fi.zi.o.no.mi.ka.mˈẽj.tʃi
fi·si·o·nó·mi·co,adjetivo,fi.zi.o.nˈɔ.mi.kʊ
fi·si·o·no·mis·ta,"nome feminino",fi.zi.o.no.mˈis.tə
fi·si·o·no·mis·ta,adjetivo,fi.zi.o.no.mˈis.tə
fi·si·o·no·mis·ta,"nome masculino",fi.zi.o.no.mˈis.tə
fi·si·o·te·ra·peu·ta,"nome masculino",fi.zi.o.te.ɾa.pˈew.tə
fi·si·o·te·ra·peu·ta,"nome feminino",fi.zi.o.te.ɾa.pˈew.tə
fi·si·o·te·ra·pi·a,"nome feminino",fi.zi.o.te.ɾa.pˈi.jə
fis·são,"nome feminino",fi.sˈə̃w
fís·sil,adjetivo,fˈi.siw
fis·su·ra,"nome feminino",fi.sˈu.ɾə
fis·su·ra·ção,"nome feminino",fi.su.ɾa.sˈə̃w
fis·su·ra·do,adjetivo,fi.su.ɾˈa.dʊ
fis·su·ral,adjetivo,fi.su.ɾˈaw
fis·su·rar,verbo,fi.su.ɾˈa
fís·tu·la,"nome feminino",fˈis.tu.lə
fi·ta,"nome feminino",fˈi.tə
fi·ta-co·la,"nome feminino",fˌi.tə.kˈɔ.lə
fi·ta·men·te,advérbio,fi.ta.mˈẽj.tʃi
fi·tar,verbo,fi.tˈa
fi·ti·nha,"nome feminino",fi.tʃˈi.ɲə
fi·to,adjetivo,fˈi.tʊ
fi·to,"nome masculino",fˈi.tʊ
fi·to·far·ma·cêu·ti·co,adjetivo,fi.to.faɾ.ma.sˈew.tʃi.kʊ
fi·to·pa·to·lo·gi·a,"nome feminino",fi.to.pa.to.lo.ʒˈi.jə
fi·to·plânc·ton,"nome masculino",fi.to.plˈə̃ŋk.tõ
"fi·tos·sa·ni·tá·ri· o",adjetivo,fi.to.sa.ni.tˈa.ɾjʊ
fi·to·te·ra·pi·a,"nome feminino",fi.to.te.ɾa.pˈi.jə
fi·ú·za,"nome feminino",fi.ˈu.zə
fi·ú·za,adjetivo,fi.ˈu.zə
fi·ve·la,"nome feminino",fi.vˈɛ.lə
fi·xa,"nome feminino",fˈi.kə.sə
fi·xa·ção,"nome feminino",fi.kə.sa.sˈə̃w
fi·xa·dor,adjetivo,fi.kə.sa.dˈoɾ
fi·xa·dor,"nome masculino",fi.kə.sa.dˈoɾ
fi·xa·men·te,advérbio,fi.kə.sa.mˈẽj.tʃi
fi·xar,verbo,fi.kə.sˈa
fi·xe,interjeição,fˈi.ʃi
fi·xe,adjetivo,fˈi.ʃi
fi·xi·dez,"nome feminino",fi.ki.si.dˈes
fi·xis·ta,"nome feminino",fi.ki.sˈis.tə
fi·xis·ta,"nome masculino",fi.ki.sˈis.tə
fi·xis·ta,adjetivo,fi.ki.sˈis.tə
fi·xo,"nome masculino",fˈi.kə.sʊ
fi·xo,adjetivo,fˈi.kə.sʊ
flã,"nome masculino",flˈə̃
fla·ci·da·men·te,advérbio,fla.si.da.mˈẽj.tʃi
fla·ci·dez,"nome feminino",fla.si.dˈes
flá·ci·do,adjetivo,flˈa.si.dʊ
fla·ge·la·ção,"nome feminino",fla.ʒe.la.sˈə̃w
fla·ge·la·da,"nome feminino",fla.ʒe.lˈa.də
fla·ge·la·do,"nome masculino",fla.ʒe.lˈa.dʊ
fla·ge·la·do,adjetivo,fla.ʒe.lˈa.dʊ
fla·ge·lar,verbo,fla.ʒe.lˈa
fla·ge·lo,"nome masculino",fla.ʒˈe.lʊ
"fla·grân·ci· a","nome feminino",fla.gɾˈə̃.sjə
fla·gran·te,"nome masculino",fla.gɾˈə̃.tʃi
fla·gran·te,adjetivo,fla.gɾˈə̃.tʃi
fla·gran·te·men·te,advérbio,fla.gɾə̃.te.mˈẽj.tʃi
fla·ma,"nome feminino",flˈə.mə
fla·man·te,adjetivo,fla.mˈə̃.tʃi
fla·me,"nome masculino",flˈə.mi
fla·me·jan·te,adjetivo,fla.me.ʒˈə̃.tʃi
fla·me·jar,verbo,fla.me.ʒˈa
fla·men·co,"nome masculino",fla.mˈẽj.kʊ
fla·men·ga,"nome feminino",fla.mˈẽj.gə
fla·men·go,"nome masculino",fla.mˈẽj.gʊ
fla·men·go,adjetivo,fla.mˈẽj.gʊ
fla·min·go,"nome masculino",fla.mˈĩ.gʊ
"fla·mí·ni· o","nome masculino",fla.mˈi.njʊ
flâ·mu·la,"nome feminino",flˈə.mu.lə
flan,"nome masculino",flˈə̃
fla·nar,verbo,fla.nˈa
flan·co,"nome masculino",flˈə̃.kʊ
flan·dres,"nome feminino",flˈə̃.dɾis
fla·ne·la,"nome feminino",fla.nˈɛ.lə
flan·que·a·dor,"nome masculino",flə̃.ki.a.dˈoɾ
flan·que·a·dor,adjetivo,flə̃.ki.a.dˈoɾ
flan·que·a·men·to,"nome masculino",flə̃.ki.a.mˈẽj.tʊ
flan·que·ar,verbo,flə̃.ki.ˈa
flash,"nome masculino",
"flash· back","nome masculino",
flat,adjetivo,
flat,"nome feminino",
fla·to,"nome masculino",flˈa.tʊ
"fla·tu·lên·ci· a","nome feminino",fla.tu.lˈẽj.sjə
flau·ta,"nome masculino",flˈaw.tə
flau·ta,"nome feminino",flˈaw.tə
flau·tar,verbo,flaw.tˈa
flau·tim,"nome masculino",flaw.tʃˈiɲ
flau·tis·ta,"nome masculino",flaw.tʃˈis.tə
flau·tis·ta,"nome feminino",flaw.tʃˈis.tə
fla·vi·en·se,"nome masculino","fla.vi.ˈẽj.si ou fla.vi.ˈẽj.si"
fla·vi·en·se,adjetivo,fla.vi.ˈẽj.si
fla·vo·noi·de,"nome masculino",fla.vo.nˈɔj.dʒi
fla·vor,"nome masculino",fla.vˈoɾ
flé·bil,adjetivo,flˈɛ.biw
fle·bil·men·te,advérbio,flɛ.biw.mˈẽj.tʃi
fle·bi·te,"nome feminino",fle.bˈi.tʃi
fle·cha,"nome feminino",flˈɛ.ʃə
fle·char,verbo,fle.ʃˈa
flec·ti·do,adjetivo,fle.ki.tʃˈi.dʊ
flec·tir,verbo,fle.ki.tʃˈi
fle·te,"nome feminino",flˈɛ.tʃi
fle·tir,verbo,fle.tʃˈi
fleu·ma,"nome feminino",flˈew.mə
fleu·má·ti·ca,"nome feminino",flew.mˈa.tʃi.kə
fleu·ma·ti·ca·men·te,advérbio,flew.ma.tʃi.ka.mˈẽj.tʃi
fleu·má·ti·co,"nome masculino",flew.mˈa.tʃi.kʊ
fleu·má·ti·co,adjetivo,flew.mˈa.tʃi.kʊ
fle·xão,"nome feminino",fle.kə.sˈə̃w
fle·xi·bi·li·da·de,"nome feminino",fle.ki.si.bi.li.dˈa.dʒi
fle·xi·bi·li·za·ção,"nome feminino",fle.ki.si.bi.li.za.sˈə̃w
fle·xi·bi·li·zar,verbo,fle.ki.si.bi.li.zˈa
fle·xí·vel,adjetivo,fle.ki.sˈi.vew
fle·xi·vel·men·te,advérbio,fle.ki.si.vew.mˈẽj.tʃi
fli·bus·tei·ro,"nome masculino",fli.bus.tˈej.ɾʊ
flint,"nome masculino",
flip-flop,"nome masculino",
fli·par,verbo,fli.pˈa
"flip· per","nome masculino",
flirt,"nome masculino",
flir·tar,verbo,fliɾ.tˈa
flo·co,"nome masculino",flˈɔ.kʊ
flo·cu·la·ção,"nome feminino",flɔ.ku.la.sˈə̃w
flop,"nome masculino",
flor,"nome feminino",flˈoɾ
flo·ra,"nome feminino",flˈɔ.ɾə
flo·ra·ção,"nome feminino",flo.ɾa.sˈə̃w
flo·ra·da,"nome feminino",flo.ɾˈa.də
flo·ral,adjetivo,flo.ɾˈaw
flo·rão,"nome masculino",flo.ɾˈə̃w
flo·rar,verbo,flo.ɾˈa
flo·re·a·do,adjetivo,flo.ɾi.ˈa.dʊ
flo·re·a·do,"nome masculino",flo.ɾi.ˈa.dʊ
flo·re·al,adjetivo,flo.ɾi.ˈaw
flo·re·ar,verbo,flo.ɾi.ˈa
flo·rei·o,"nome masculino",flo.ɾˈej.jʊ
flo·rei·ra,"nome feminino",flo.ɾˈej.ɾə
flo·ren·ça,"nome feminino",flo.ɾˈẽj.sə
"flo·rên·ci· a","nome feminino",flo.ɾˈẽj.sjə
flo·ren·ti·no,"nome masculino",flo.ɾẽ.tʃˈi.nʊ
flo·ren·ti·no,adjetivo,flo.ɾẽ.tʃˈi.nʊ
"flo·res·cên·ci· a","nome feminino",flo.ɾe.sˈẽj.sjə
flo·res·cen·te,adjetivo,flo.ɾe.sˈẽj.tʃi
flo·res·cer,verbo,flo.ɾe.sˈe
flo·res·ci·do,adjetivo,flo.ɾe.sˈi.dʊ
flo·res·ci·men·to,"nome masculino",flo.ɾe.si.mˈẽj.tʊ
flo·res·ta,"nome feminino",flo.ɾˈɛs.tə
flo·res·ta·ção,"nome feminino",flo.ɾes.ta.sˈə̃w
flo·res·tal,adjetivo,flo.ɾes.tˈaw
flo·res·tar,verbo,flo.ɾes.tˈa
flo·re·te,"nome masculino",flo.ɾˈe.tʃi
flo·ri·cul·tor,adjetivo,flo.ɾi.kuw.tˈoɾ
flo·ri·cul·tor,"nome masculino",flo.ɾi.kuw.tˈoɾ
flo·ri·cul·tu·ra,"nome feminino",flo.ɾi.kuw.tˈu.ɾə
flo·ri·do,adjetivo,flo.ɾˈi.dʊ
fló·ri·do,adjetivo,flˈɔ.ɾi.dʊ
"flo·ri·lé·gi· o","nome masculino",flo.ɾi.lˈɛ.ʒjʊ
flo·rim,"nome masculino",flo.ɾˈiɲ
flo·rir,verbo,flo.ɾˈi
flo·ris·ta,"nome feminino",flo.ɾˈis.tə
flo·ris·ta,"nome masculino",flo.ɾˈis.tə
flo·rís·ti·ca,"nome feminino",flo.ɾˈis.tʃi.kə
flo·rís·ti·co,adjetivo,flo.ɾˈis.tʃi.kʊ
flo·ti·lha,"nome feminino",flo.tʃˈi.ʎə
"flu·ên·ci· a","nome feminino",flwˈẽj.sjə
flu·en·te,adjetivo,flwˈẽj.tʃi
flu·en·te·men·te,advérbio,flwẽ.te.mˈẽj.tʃi
flui·da·men·te,advérbio,flwi.da.mˈẽj.tʃi
flu·i·dez,"nome feminino",flwi.dˈes
flu·i·di·fi·car,verbo,flwi.dʒi.fi.kˈa
flu·i·di·zar,verbo,flwi.dʒi.zˈa
flu·i·do,"nome masculino",flwˈi.dʊ
flu·i·do,adjetivo,flwˈi.dʊ
flu·ir,verbo,flwˈi
flu·mi·nen·se,"nome masculino",flu.mi.nˈẽj.si
flu·mi·nen·se,"nome feminino",flu.mi.nˈẽj.si
flu·mi·nen·se,adjetivo,flu.mi.nˈẽj.si
flú·or,"nome masculino",flˈu.ɔɾ
flu·or,"nome masculino",flu.ˈoɾ
flu·o·ra·do,adjetivo,flu.o.ɾˈa.dʊ
flu·o·rar,verbo,flu.o.ɾˈa
flu·o·res·ce·í·na,"nome feminino",flu.o.ɾe.sɛ.ˈi.nə
"flu·o·res·cên·ci· a","nome feminino",flu.o.ɾe.sˈẽj.sjə
flu·o·res·cen·te,adjetivo,flu.o.ɾe.sˈẽj.tʃi
flu·o·re·to,"nome masculino",flu.o.ɾˈe.tʊ
flu·o·rí·dri·co,adjetivo,flu.o.ɾˈi.dɾi.kʊ
flu·o·ro·me·tri·a,"nome feminino",flu.o.ɾɔ.me.tɾˈi.jə
flu·tu·a·bi·li·da·de,"nome feminino",flu.twa.bi.li.dˈa.dʒi
flu·tu·a·ção,"nome feminino",flu.twa.sˈə̃w
flu·tu·a·dor,adjetivo,flu.twa.dˈoɾ
flu·tu·a·dor,"nome masculino",flu.twa.dˈoɾ
flu·tu·an·te,adjetivo,flu.twˈə̃.tʃi
flu·tu·ar,verbo,flu.twˈa
flu·tu·á·vel,adjetivo,flu.twˈa.vew
flu·vi·al,adjetivo,flu.vjˈaw
flux,"nome masculino",flˈuks
flu·xo,"nome masculino",flˈu.kə.sʊ
flu·xo,adjetivo,flˈu.kə.sʊ
fó,interjeição,fˈɔ
fo·bi·a,"nome feminino",fo.bˈi.jə
fó·bi·co,adjetivo,fˈɔ.bi.kʊ
fó·bi·co,"nome masculino",fˈɔ.bi.kʊ
fo·ca,"nome masculino",fˈɔ.kə
fo·ca,"nome feminino",fˈɔ.kə
fo·ca·gem,"nome feminino",fo.kˈa.ʒeɲ
fo·cal,adjetivo,fo.kˈaw
fo·ca·li·za·ção,"nome feminino",fo.ka.li.za.sˈə̃w
fo·ca·li·zar,verbo,fo.ka.li.zˈa
fo·çar,verbo,fo.sˈa
fo·car,verbo,fo.kˈa
fo·ci·nhar,verbo,fo.si.ɲˈa
fo·ci·nho,"nome masculino",fo.sˈi.ɲʊ
fo·co,"nome masculino",fˈɔ.kʊ
fo·da,"nome feminino",fˈɔ.də
fo·der,verbo,fo.dˈe
fo·di·do,adjetivo,fo.dʒˈi.dʊ
fo·fa,"nome feminino",fˈo.fə
fo·far,verbo,fo.fˈa
fo·fi·nho,"nome masculino",fo.fˈi.ɲʊ
fo·fo,"nome masculino",fˈo.fʊ
fo·fo,adjetivo,fˈo.fʊ
fo·fo·ca,"nome feminino",fo.fˈɔ.kə
fo·fo·car,verbo,fo.fo.kˈa
fo·fo·quei·ra,"nome feminino",fo.fo.kˈej.ɾə
fo·fo·quei·ro,adjetivo,fo.fo.kˈej.ɾʊ
fog,"nome masculino",
fo·ga·ça,"nome feminino",fo.gˈa.sə
fo·ga·cei·ra,"nome feminino",fo.ga.sˈej.ɾə
fo·ga·char,verbo,fo.ga.ʃˈa
fo·ga·cho,"nome masculino",fo.gˈa.ʃʊ
fo·gão,"nome masculino",fo.gˈə̃w
fo·gar,"nome masculino",fo.gˈaɾ
fo·ga·rei·ro,"nome masculino",fo.ga.ɾˈej.ɾʊ
fo·ga·réu,"nome masculino",fo.ga.ɾˈɛw
fo·go,"nome masculino",fˈo.gʊ
"fo·go de ar·ti·fí·ci· o","nome masculino",fˌo.gʊ.dʒi.aɾ.tʃi.fˈi.sjʊ
"fo·go de vis·ta","nome masculino",fˌo.gʊ.dʒi.vˈis.tə
"fo·go-fá·tu· o","nome masculino",fˌo.gʊ.fˈa.twʊ
fo·go·sa·men·te,advérbio,fo.gɔ.za.mˈẽj.tʃi
fo·go·si·da·de,"nome feminino",fo.go.zi.dˈa.dʒi
fo·go·so,adjetivo,fo.gˈo.zʊ
fo·gue·ar,verbo,fo.gi.ˈa
fo·guei·ra,"nome feminino",fo.gˈej.ɾə
fo·guei·ro,"nome masculino",fo.gˈej.ɾʊ
fo·gue·tão,"nome masculino",fo.ge.tˈə̃w
fo·gue·te,"nome masculino",fo.gˈe.tʃi
fo·gue·tei·ro,"nome masculino",fo.ge.tˈej.ɾʊ
"fo·gue·tó·ri· o","nome masculino",fo.ge.tˈɔ.ɾjʊ
foi·a,"nome feminino",fˈɔj.jə
foi·çar,verbo,foj.sˈa
foi·ce,"nome feminino",fˈoj.si
foi·o,"nome masculino",fˈɔj.jʊ
foi·to,"nome masculino",fˈoj.tʊ
foi·to,adjetivo,fˈoj.tʊ
fo·jo,"nome masculino",fˈo.ʒʊ
fo·lar,"nome masculino",fo.lˈaɾ
fol·clo·re,"nome masculino",fow.klˈɔ.ɾi
fol·clo·ri·ca·men·te,advérbio,fow.klɔ.ɾi.ka.mˈẽj.tʃi
fol·cló·ri·co,adjetivo,fow.klˈɔ.ɾi.kʊ
fol·clo·ris·mo,"nome masculino",fow.klo.ɾˈiz.mʊ
fol·clo·ris·ta,"nome masculino",fow.klo.ɾˈis.tə
fol·clo·ris·ta,"nome feminino",fow.klo.ɾˈis.tə
fol·clo·ris·ta,adjetivo,fow.klo.ɾˈis.tə
fo·le,"nome masculino",fˈɔ.li
fô·le·go,"nome masculino",fˈo.le.gʊ
fo·lei·ra,"nome feminino",fo.lˈej.ɾə
fo·lei·ra·da,"nome feminino",fo.lej.ɾˈa.də
fo·lei·ri·ce,"nome feminino",fo.lej.ɾˈi.si
fo·lei·ro,adjetivo,fo.lˈej.ɾʊ
fo·lei·ro,"nome masculino",fo.lˈej.ɾʊ
fol·ga,"nome feminino",fˈɔw.gə
fol·ga·da·men·te,advérbio,fow.ga.da.mˈẽj.tʃi
fol·ga·do,adjetivo,fow.gˈa.dʊ
fol·gan·ça,"nome feminino",fow.gˈə̃.sə
fol·gar,"nome masculino",fow.gˈaɾ
fol·gar,verbo,fow.gˈa
fol·ga·zã,"nome feminino",fow.ga.zˈə̃
fol·ga·zão,"nome masculino",fow.ga.zˈə̃w
fol·ga·zão,adjetivo,fow.ga.zˈə̃w
fol·go,"nome masculino",fˈow.gʊ
fol·go·si·nho,"nome masculino",fow.go.zˈi.ɲʊ
fol·gue·do,"nome masculino",fow.gˈe.dʊ
fo·lha,"nome feminino",fˈo.ʎə
"fo·lha de Flan·dres","nome feminino",fˌo.ʎə.dʒi.flˈə̃.dɾis
fo·lha·da,"nome feminino",fo.ʎˈa.də
fo·lha·do,adjetivo,fo.ʎˈa.dʊ
fo·lha·do,"nome masculino",fo.ʎˈa.dʊ
fo·lha·gem,"nome feminino",fo.ʎˈa.ʒeɲ
fo·lhar,verbo,fo.ʎˈa
fo·lhe·a·do,"nome masculino",fo.ʎi.ˈa.dʊ
fo·lhe·a·do,adjetivo,fo.ʎi.ˈa.dʊ
fo·lhe·ar,verbo,fo.ʎi.ˈa
fo·lhe·ar,adjetivo,fo.ʎi.ˈaɾ
fo·lhei·o,"nome masculino",fo.ʎˈej.jʊ
fo·lhe·lho,"nome masculino",fo.ʎˈe.ʎʊ
fo·lhe·ta,"nome feminino",fo.ʎˈe.tə
fo·lhe·tim,"nome masculino",fo.ʎe.tʃˈiɲ
fo·lhe·ti·nes·co,adjetivo,fo.ʎe.tʃi.nˈes.kʊ
fo·lhe·to,"nome masculino",fo.ʎˈe.tʊ
fo·lhi·nha,"nome feminino",fo.ʎˈi.ɲə
fo·lho,"nome masculino",fˈo.ʎʊ
fo·lho·so,adjetivo,fo.ʎˈo.zʊ
fo·li·a,"nome feminino",fo.lˈi.jə
fo·li·a·da,"nome feminino",fo.ljˈa.də
fo·li·a·do,adjetivo,fo.ljˈa.dʊ
fo·li·ão,"nome masculino",fo.li.ˈə̃w
fo·li·ão,adjetivo,fo.li.ˈə̃w
fo·li·ar,adjetivo,fo.ljˈaɾ
fo·li·ar,verbo,fo.ljˈa
fó·li·co,adjetivo,fˈɔ.li.kʊ
fo·li·cu·lar,adjetivo,fo.li.ku.lˈaɾ
fo·li·cu·li·te,"nome feminino",fo.li.ku.lˈi.tʃi
fo·lí·cu·lo,"nome masculino",fo.lˈi.ku.lʊ
"fó·li· o","nome masculino",fˈɔ.ljʊ
fo·lí·o·lo,"nome masculino",fo.lˈi.o.lʊ
fo·li·o·na,"nome feminino",fo.li.ˈo.nə
folk,adjetivo,
fo·me,"nome feminino",fˈɔ.mi
fo·men·ta·dor,"nome masculino",fo.mẽ.ta.dˈoɾ
fo·men·ta·dor,adjetivo,fo.mẽ.ta.dˈoɾ
fo·men·ta·do·ra,"nome feminino",fo.mẽ.ta.dˈo.ɾə
fo·men·tar,verbo,fo.mẽ.tˈa
fo·men·to,"nome masculino",fo.mˈẽj.tʊ
fo·na,"nome feminino",fˈo.nə
fo·na,"nome masculino",fˈo.nə
fo·na,adjetivo,fˈo.nə
fo·na·dor,adjetivo,fo.na.dˈoɾ
"fon· due","nome masculino",
fo·ne·ma,"nome masculino",fo.nˈɛ.mə
fo·né·ti·ca,"nome feminino",fo.nˈɛ.tʃi.kə
fo·ne·ti·ca·men·te,advérbio,fo.nɛ.tʃi.ka.mˈẽj.tʃi
fo·né·ti·co,adjetivo,fo.nˈɛ.tʃi.kʊ
fo·ni·a,"nome feminino",fo.nˈi.jə
fó·ni·ca,"nome feminino",fˈɔ.ni.kə
fo·ni·ca·men·te,advérbio,fɔ.ni.ka.mˈẽj.tʃi
fó·ni·co,adjetivo,fˈɔ.ni.kʊ
fo·no·fil·me,"nome masculino",fɔ.nɔ.fˈiw.mi
fo·no·grá·fi·co,adjetivo,fo.no.gɾˈa.fi.kʊ
fo·nó·gra·fo,"nome masculino",fo.nˈɔ.gɾa.fʊ
fo·no·gra·ma,"nome masculino",fɔ.nɔ.gɾˈə.mə
fo·no·lo·gi·a,"nome feminino",fo.no.lo.gˈi.jə
fo·no·lo·gi·ca·men·te,advérbio,fo.no.lɔ.ʒi.ka.mˈẽj.tʃi
fo·no·ló·gi·co,adjetivo,fo.no.lˈɔ.ʒi.kʊ
fo·no·te·ca,"nome feminino",fɔ.nɔ.tˈɛ.kə
fon·ta·i·nha,"nome feminino",fõ.ta.ˈi.ɲə
fon·ta·na,"nome feminino",fõ.tˈə.nə
"fon·ta·ná·ri· o",adjetivo,fõ.ta.nˈa.ɾjʊ
"fon·ta·ná·ri· o","nome masculino",fõ.ta.nˈa.ɾjʊ
fon·ta·ne·la,"nome feminino",fõ.ta.nˈɛ.lə
fon·ta·no,adjetivo,fõ.tˈə.nʊ
fon·te,"nome feminino",fˈõ.tʃi
fon·tei·ra,"nome feminino",fõ.tˈej.ɾə
fon·te·la,"nome feminino",fõ.tˈɛ.lə
"fon·te·ná·ri· o","nome masculino",fõ.te.nˈa.ɾjʊ
"fon·te·ná·ri· o",adjetivo,fõ.te.nˈa.ɾjʊ
fon·tis·mo,"nome masculino",fõ.tʃˈiz.mʊ
fon·tis·ta,"nome masculino","fõ.tʃˈis.tə ou fõ.tʃˈis.tə"
fon·tis·ta,adjetivo,fõ.tʃˈis.tə
"foo· ting","nome masculino",
for,"nome masculino",fˈoɾ
fo·ra,preposição,fˈɔ.ɾə
fo·ra,"nome feminino",fˈɔ.ɾə
fo·ra,advérbio,fˈɔ.ɾə
"fo·ra de jo·go","nome masculino",fˌɔ.ɾə.dʒi.ʒˈo.gʊ
fo·ra·gi·da,"nome feminino",fo.ɾa.ʒˈi.də
fo·ra·gi·do,"nome masculino",fo.ɾa.ʒˈi.dʊ
fo·ra·gi·do,adjetivo,fo.ɾa.ʒˈi.dʊ
fo·ra·gir,verbo,fo.ɾa.ʒˈi
fo·ral,"nome masculino",fo.ɾˈaw
"fo·râ·ne· o",adjetivo,fo.ɾˈə.njʊ
fo·ras·tei·ra,"nome feminino",fo.ɾas.tˈej.ɾə
fo·ras·tei·ro,"nome masculino",fo.ɾas.tˈej.ɾʊ
fo·ras·tei·ro,adjetivo,fo.ɾas.tˈej.ɾʊ
for·ça,"nome feminino",fˈoɾ.sə
for·ca,"nome feminino",fˈoɾ.kə
for·ca·da,"nome feminino",foɾ.kˈa.də
for·ça·da·men·te,advérbio,foɾ.sa.da.mˈẽj.tʃi
for·ça·do,adjetivo,foɾ.sˈa.dʊ
for·ca·do,"nome masculino",foɾ.kˈa.dʊ
for·ça·do,"nome masculino",foɾ.sˈa.dʊ
for·cão,"nome masculino",foɾ.kˈə̃w
for·car,verbo,foɾ.kˈa
for·çar,verbo,foɾ.sˈa
fór·ceps,"nome masculino",fˈɔɾ.seps
"for· cing","nome masculino",
for·ço·sa·men·te,advérbio,foɾ.sɔ.za.mˈẽj.tʃi
for·ço·so,adjetivo,foɾ.sˈo.zʊ
fo·ren·se,adjetivo,fo.ɾˈẽj.si
"fo· rint","nome masculino",
for·ja,"nome feminino",fˈɔɾ.ʒə
for·ja·do,adjetivo,foɾ.ʒˈa.dʊ
for·ja·dor,adjetivo,foɾ.ʒa.dˈoɾ
for·ja·dor,"nome masculino",foɾ.ʒa.dˈoɾ
for·jar,verbo,foɾ.ʒˈa
fôr·ma,"nome feminino",fˈoɾ.mə
for·ma,"nome feminino",fˈoɾ.mə
for·ma-so·na·ta,"nome feminino",fˌɔɾ.mə.so.nˈa.tə
for·ma·ção,"nome feminino",foɾ.ma.sˈə̃w
for·ma·do,adjetivo,foɾ.mˈa.dʊ
for·ma·dor,adjetivo,foɾ.ma.dˈoɾ
for·ma·dor,"nome masculino",foɾ.ma.dˈoɾ
for·ma·do·ra,"nome feminino",foɾ.ma.dˈo.ɾə
for·mal,adjetivo,foɾ.mˈaw
for·mal,"nome masculino",foɾ.mˈaw
for·mal·de·í·do,"nome masculino",foɾ.maw.de.ˈi.dʊ
for·ma·li·da·de,"nome feminino",foɾ.ma.li.dˈa.dʒi
for·ma·li·na,"nome feminino",foɾ.ma.lˈi.nə
for·ma·lis·mo,"nome masculino",foɾ.ma.lˈiz.mʊ
for·ma·lis·ta,"nome masculino",foɾ.ma.lˈis.tə
for·ma·lis·ta,"nome feminino",foɾ.ma.lˈis.tə
for·ma·lis·ta,adjetivo,foɾ.ma.lˈis.tə
for·ma·li·za·ção,"nome feminino",foɾ.ma.li.za.sˈə̃w
for·ma·li·za·do,adjetivo,foɾ.ma.li.zˈa.dʊ
for·ma·li·zar,verbo,foɾ.ma.li.zˈa
for·mal·men·te,advérbio,foɾ.maw.mˈẽj.tʃi
for·man·do,"nome masculino",foɾ.mˈə̃.dʊ
for·mão,"nome masculino",foɾ.mˈə̃w
for·mar,verbo,foɾ.mˈa
for·ma·ri·a,"nome feminino",foɾ.ma.ɾˈi.jə
for·ma·ta·ção,"nome feminino",foɾ.ma.ta.sˈə̃w
for·ma·ta·do,adjetivo,foɾ.ma.tˈa.dʊ
for·ma·tar,verbo,foɾ.ma.tˈa
for·ma·ti·va·men·te,advérbio,foɾ.ma.tʃi.va.mˈẽj.tʃi
for·ma·ti·vo,adjetivo,foɾ.ma.tʃˈi.vʊ
for·ma·to,"nome masculino",foɾ.mˈa.tʊ
for·ma·tu·ra,"nome feminino",foɾ.ma.tˈu.ɾə
fór·mi·ca,"nome feminino",fˈɔɾ.mi.kə
for·mi·ca,"nome feminino",foɾ.mˈi.kə
for·mi·ci·da,adjetivo,foɾ.mi.sˈi.də
for·mi·ci·da,"nome masculino",foɾ.mi.sˈi.də
fór·mi·co,adjetivo,fˈɔɾ.mi.kʊ
for·mi·dá·vel,adjetivo,foɾ.mi.dˈa.vew
for·mi·da·vel·men·te,advérbio,foɾ.mi.da.vew.mˈẽj.tʃi
for·mi·ga,"nome feminino",foɾ.mˈi.gə
for·mi·ga,adjetivo,foɾ.mˈi.gə
for·mi·gal,"nome masculino",foɾ.mi.gˈaw
for·mi·gão,adjetivo,foɾ.mi.gˈə̃w
for·mi·gão,"nome masculino",foɾ.mi.gˈə̃w
for·mi·gar,verbo,foɾ.mi.gˈa
for·mi·go,"nome masculino",foɾ.mˈi.gʊ
for·mi·guei·ra,"nome feminino",foɾ.mi.gˈej.ɾə
for·mi·guei·ro,adjetivo,foɾ.mi.gˈej.ɾʊ
for·mi·guei·ro,"nome masculino",foɾ.mi.gˈej.ɾʊ
for·mol,"nome masculino",foɾ.mˈɔw
for·mo·sa,"nome feminino",foɾ.mˈɔ.zə
for·mo·sa·men·te,advérbio,foɾ.mɔ.za.mˈẽj.tʃi
for·mo·si·no,"nome masculino",foɾ.mo.zˈi.nʊ
for·mo·si·no,adjetivo,foɾ.mo.zˈi.nʊ
for·mo·so,adjetivo,foɾ.mˈo.zʊ
for·mo·su·ra,"nome feminino",foɾ.mo.zˈu.ɾə
fór·mu·la,"nome feminino",fˈɔɾ.mu.lə
for·mu·la·ção,"nome feminino",foɾ.mu.la.sˈə̃w
for·mu·la·do,adjetivo,foɾ.mu.lˈa.dʊ
for·mu·la·dor,"nome masculino",foɾ.mu.la.dˈoɾ
for·mu·lar,adjetivo,foɾ.mu.lˈaɾ
for·mu·lar,verbo,foɾ.mu.lˈa
"for·mu·lá·ri· o","nome masculino",foɾ.mu.lˈa.ɾjʊ
for·na·da,"nome feminino",for.nˈa.də
for·na·lha,"nome feminino",for.nˈa.ʎə
for·ne·ar,verbo,for.ni.ˈa
for·ne·ce·dor,adjetivo,for.ne.se.dˈoɾ
for·ne·ce·dor,"nome masculino",for.ne.se.dˈoɾ
for·ne·ce·do·ra,"nome feminino",for.ne.se.dˈo.ɾə
for·ne·cer,verbo,for.ne.sˈe
for·ne·ci·do,adjetivo,for.ne.sˈi.dʊ
for·ne·ci·men·to,"nome masculino",for.ne.si.mˈẽj.tʊ
for·nei·ri·nha,"nome feminino",for.nej.ɾˈi.ɲə
for·nei·ro,"nome masculino",for.nˈej.ɾʊ
for·ni·ca·ção,"nome feminino",for.ni.ka.sˈə̃w
for·ni·car,verbo,for.ni.kˈa
for·ni·do,adjetivo,for.nˈi.dʊ
for·nir,verbo,for.nˈi
for·no,"nome masculino",fˈor.nʊ
fo·ro,"nome masculino",fˈo.ɾʊ
for·qui·lha,"nome feminino",foɾ.kˈi.ʎə
for·qui·lhar,verbo,foɾ.ki.ʎˈa
for·ra,adjetivo,fˈo.xə
for·ra,"nome feminino",fˈo.xə
for·ra·do,adjetivo,fo.xˈa.dʊ
for·ra·gei·ra,"nome feminino",fo.xa.ʒˈej.ɾə
for·ra·gei·ro,"nome masculino",fo.xa.ʒˈej.ɾʊ
for·ra·gei·ro,adjetivo,fo.xa.ʒˈej.ɾʊ
for·ra·gem,"nome feminino",fo.xˈa.ʒeɲ
for·rar,verbo,fo.xˈa
for·re·ta,"nome masculino","fo.xˈe.tə ou fo.xˈe.tə"
for·re·ti·ce,"nome feminino",fo.xe.tʃˈi.si
for·ro,"nome masculino",fˈo.xʊ
for·ró,"nome masculino",fo.xˈɔ
for·ro,adjetivo,fˈo.xʊ
for·ro·bo·dó,"nome masculino",fɔ.xɔ.bɔ.dˈɔ
for·ta·le·ce·dor,"nome masculino",foɾ.ta.le.se.dˈoɾ
for·ta·le·ce·dor,adjetivo,foɾ.ta.le.se.dˈoɾ
for·ta·le·ce·do·ra,"nome feminino",foɾ.ta.le.se.dˈo.ɾə
for·ta·le·cer,verbo,foɾ.ta.le.sˈe
for·ta·le·ci·do,adjetivo,foɾ.ta.le.sˈi.dʊ
for·ta·le·ci·men·to,"nome masculino",foɾ.ta.le.si.mˈẽj.tʊ
for·ta·le·za,"nome feminino",foɾ.ta.lˈe.zə
for·ta·le·zar,verbo,foɾ.ta.le.zˈa
for·te,adjetivo,fˈɔɾ.tʃi
for·te,"nome masculino",fˈɔɾ.tʃi
for·te,advérbio,fˈɔɾ.tʃi
for·te·men·te,advérbio,fɔɾ.te.mˈẽj.tʃi
for·ti·fi·ca·ção,"nome feminino",foɾ.tʃi.fi.ka.sˈə̃w
for·ti·fi·ca·do,adjetivo,foɾ.tʃi.fi.kˈa.dʊ
for·ti·fi·can·te,adjetivo,foɾ.tʃi.fi.kˈə̃.tʃi
for·ti·fi·can·te,"nome masculino",foɾ.tʃi.fi.kˈə̃.tʃi
for·ti·fi·car,verbo,foɾ.tʃi.fi.kˈa
for·tim,"nome masculino",foɾ.tʃˈiɲ
for·tís·si·mo,adjetivo,foɾ.tʃˈi.si.mʊ
"for· tran","nome masculino",
for·tui·ta·men·te,advérbio,foɾ.twi.ta.mˈẽj.tʃi
for·tui·to,adjetivo,foɾ.twˈi.tʊ
for·tu·na,"nome feminino",foɾ.tˈu.nə
fó·rum,"nome masculino",fˈɔ.ɾũ
fos·ca,"nome feminino",fˈos.kə
fos·car,verbo,fos.kˈa
fos·co,adjetivo,fˈos.kʊ
fos·fa·tar,verbo,fos.fa.tˈa
fos·fa·to,"nome masculino",fos.fˈa.tʊ
fos·fo·rei·ra,"nome feminino",fos.fo.ɾˈej.ɾə
fos·fo·rei·ro,adjetivo,fos.fo.ɾˈej.ɾʊ
"fos·fo·res·cên·ci· a","nome feminino",fos.fo.ɾe.sˈẽj.sjə
fos·fo·res·cen·te,adjetivo,fos.fo.ɾe.sˈẽj.tʃi
fos·fó·ri·co,adjetivo,fos.fˈɔ.ɾi.kʊ
fós·fo·ro,"nome masculino",fˈɔs.fo.ɾʊ
"fos·gé·ni· o","nome masculino",foz.ʒˈɛ.njʊ
fos·sa,"nome feminino",fˈɔ.sə
fos·sar,verbo,fo.sˈa
fós·sil,"nome masculino",fˈɔ.siw
fós·sil,adjetivo,fˈɔ.siw
fos·si·li·za·ção,"nome feminino",fo.si.li.za.sˈə̃w
fos·so,"nome masculino",fˈo.sʊ
fo·ta,"nome feminino",fˈɔ.tə
fo·tão,"nome masculino",fɔ.tˈə̃w
fo·to,"nome feminino",fˈɔ.tʊ
fo·to·bi·o·gra·fi·a,"nome feminino",fo.to.bi.o.gɾa.fˈi.jə
fo·to·bi·o·lo·gi·a,"nome feminino",fo.to.bi.o.lo.ʒˈi.jə
fo·to·bi·o·ló·gi·co,adjetivo,fo.to.bi.o.lˈɔ.ʒi.kʊ
fo·to·car·to·gra·fi·a,"nome feminino",fo.to.kaɾ.to.gɾa.fˈi.jə
fo·to·car·to·grá·fi·co,adjetivo,fo.to.kaɾ.to.gɾˈa.fi.kʊ
fo·to·cé·lu·la,"nome feminino",fo.to.sˈɛ.lu.lə
fo·to·ce·râ·mi·ca,"nome feminino",fo.to.se.ɾˈə.mi.kə
fo·to·ce·râ·mi·co,adjetivo,fo.to.se.ɾˈə.mi.kʊ
fo·to·ci·são,"nome feminino",fo.to.si.zˈə̃w
fo·to·com·por,verbo,fo.to.kõ.pˈoɾ
fo·to·com·po·si·ção,"nome feminino",fo.to.kõ.po.zi.sˈə̃w
fo·to·com·po·si·tor,"nome masculino",fo.to.kõ.po.zi.tˈoɾ
fo·to·con·du·ti·vi·da·de,"nome feminino",fo.to.kõ.du.tʃi.vi.dˈa.dʒi
fo·to·con·du·tor,adjetivo,fo.to.kõ.du.tˈoɾ
"fo·to·có·pi· a","nome feminino",fo.to.kˈɔ.pjə
fo·to·co·pi·a·dor,adjetivo,fo.to.ko.pja.dˈoɾ
fo·to·co·pi·a·do·ra,"nome feminino",fo.to.ko.pja.dˈo.ɾə
fo·to·co·pi·ar,verbo,fo.to.ko.pjˈa
fo·to·co·pis·ta,"nome feminino",fo.to.ko.pˈis.tə
fo·to·co·pis·ta,"nome masculino",fo.to.ko.pˈis.tə
fo·to·cro·má·ti·co,adjetivo,fo.to.kɾo.mˈa.tʃi.kʊ
fo·to·cro·mi·a,"nome feminino",fo.to.kɾo.mˈi.jə
fo·to·de·com·po·si·ção,"nome feminino",fo.to.de.kõ.po.zi.sˈə̃w
fo·to·der·ma·to·se,"nome feminino",fo.to.deɾ.ma.tˈɔ.zi
fo·to·de·sin·te·gra·ção,"nome feminino",fo.to.de.zĩ.te.gɾa.sˈə̃w
fo·to·di·nâ·mi·ca,"nome feminino",fo.to.dʒi.nˈə.mi.kə
fo·to·di·nâ·mi·co,adjetivo,fo.to.dʒi.nˈə.mi.kʊ
fo·to·e·las·ti·ci·da·de,"nome feminino",fo.to.e.las.tʃi.si.dˈa.dʒi
fo·to·e·lec·trão,"nome masculino",fo.to.e.lek.tɾˈə̃w
fo·to·e·léc·tri·co,adjetivo,fo.to.e.lˈɛk.tɾi.kʊ
fo·to·e·le·tri·ci·da·de,"nome feminino",fo.to.e.le.tɾi.si.dˈa.dʒi
fo·to·e·lé·tri·co,adjetivo,fo.to.e.lˈɛ.tɾi.kʊ
fo·to·e·mis·são,"nome feminino",fo.to.e.mi.sˈə̃w
fo·to·e·mis·sor,"nome masculino",fo.to.e.mi.sˈoɾ
fo·to·e·mis·sor,adjetivo,fo.to.e.mi.sˈoɾ
fo·to·en·ve·lhe·ci·men·to,"nome masculino",fo.to.ẽ.ve.ʎe.si.mˈẽj.tʊ
fo·to·fo·bi·a,"nome feminino",fo.to.fo.bˈi.jə
fo·to·fó·bi·co,adjetivo,fo.to.fˈɔ.bi.kʊ
fo·to·fó·ni·co,adjetivo,fo.to.fˈɔ.ni.kʊ
fo·to·gé·ne·se,"nome feminino",fo.to.ʒˈɛ.ne.zi
fo·to·ge·ni·a,"nome feminino",fo.to.ʒe.nˈi.jə
fo·to·gé·ni·co,adjetivo,fo.to.ʒˈɛ.ni.kʊ
"fo·to·gé·ni· o","nome masculino",fo.to.ʒˈɛ.njʊ
fo·to·ge·o·lo·gi·a,"nome feminino",fo.to.ʒe.o.lo.ʒˈi.jə
fo·to·ge·o·ló·gi·co,adjetivo,fo.to.ʒe.o.lˈɔ.ʒi.kʊ
fo·to·ge·ó·lo·go,"nome masculino",fo.to.ʒe.ˈɔ.lo.gʊ
fo·to·gra·far,verbo,fo.to.gɾa.fˈa
fo·to·gra·fi·a,"nome feminino",fo.to.gɾa.fˈi.jə
fo·to·gra·fi·ca·men·te,advérbio,"fo.to.gɾa.fi.ka.mˈẽj.tʃi ou fo.to.gɾa.fi.ka.mˈẽj.tʃi"
fo·to·grá·fi·co,adjetivo,fo.to.gɾˈa.fi.kʊ
fo·tó·gra·fo,"nome masculino",fo.tˈɔ.gɾa.fʊ
fo·to·gra·ma,"nome masculino",fo.to.gɾˈə.mə
fo·to·gra·me·tri·a,"nome feminino",fo.to.gɾa.me.tɾˈi.jə
fo·to·gra·mé·tri·co,adjetivo,fo.to.gɾa.mˈɛ.tɾi.kʊ
fo·to·gra·va·dor,adjetivo,fo.to.gɾa.va.dˈoɾ
fo·to·gra·va·dor,"nome masculino",fo.to.gɾa.va.dˈoɾ
fo·to·gra·va·do·ra,"nome feminino",fo.to.gɾa.va.dˈo.ɾə
fo·to·gra·var,verbo,fo.to.gɾa.vˈaɾ
fo·to·gra·vu·ra,"nome feminino",fo.to.gɾa.vˈu.ɾə
fo·to·in·ter·pre·ta·ção,"nome feminino",fo.to.ĩ.teɾ.pɾe.ta.sˈə̃w
fo·toi·o·ni·za·ção,"nome feminino",fo.to.i.o.ni.za.sˈə̃w
fo·to·jor·na·lis·mo,"nome masculino",fo.to.ʒor.na.lˈiz.mʊ
fo·to·jor·na·lis·ta,"nome feminino",fo.to.ʒor.na.lˈis.tə
fo·to·jor·na·lis·ta,"nome masculino",fo.to.ʒor.na.lˈis.tə
fo·to·jor·na·lís·ti·co,adjetivo,fo.to.ʒor.na.lˈis.tʃi.kʊ
fo·to·lei·tu·ra,"nome feminino",fo.to.lej.tˈu.ɾə
fo·to·le·são,"nome feminino",fo.to.le.zˈə̃w
fo·to·li·tar,verbo,fo.to.li.tˈa
fo·to·lí·ti·co,adjetivo,fo.to.lˈi.tʃi.kʊ
fo·to·li·to,"nome masculino",fo.to.lˈi.tʊ
fo·tó·li·to,"nome masculino",fo.tˈɔ.li.tʊ
fo·to·li·to·gra·far,verbo,fo.to.li.to.gɾa.fˈaɾ
fo·to·li·to·gra·fi·a,"nome feminino",fo.to.li.to.gɾa.fˈi.jə
fo·to·li·to·grá·fi·co,adjetivo,fo.to.li.to.gɾˈa.fi.kʊ
fo·to·li·tó·gra·fo,"nome masculino",fo.to.li.tˈɔ.gɾa.fʊ
fo·to·ló·gi·co,adjetivo,fo.to.lˈɔ.ʒi.kʊ
"fo·to·lu·mi·nes·cên·ci· a","nome feminino",fo.to.lu.mi.ne.sˈẽj.sjə
fo·to·lu·mi·nes·cen·te,adjetivo,fo.to.lu.mi.ne.sˈẽj.tʃi
fo·to·mag·né·ti·co,adjetivo,fo.to.ma.gi.nˈɛ.tʃi.kʊ
fo·to·mag·ne·tis·mo,"nome masculino",fo.to.ma.gi.ne.tʃˈiz.mʊ
fo·to·me·câ·ni·ca,"nome feminino",fo.to.me.kˈə.ni.kə
fo·to·me·câ·ni·co,adjetivo,fo.to.me.kˈə.ni.kʊ
fo·to·me·são,"nome masculino",fo.to.me.zˈə̃w
fo·to·mé·tri·co,adjetivo,fo.to.mˈɛ.tɾi.kʊ
fo·tó·me·tro,"nome masculino",fo.tˈɔ.me.tɾʊ
fo·to·mi·cros·co·pi·a,"nome feminino",fo.to.mi.kɾos.ko.pˈi.jə
fo·to·mi·cros·có·pi·co,adjetivo,fo.to.mi.kɾos.kˈɔ.pi.kʊ
fo·to·mi·ni·a·tu·ra,"nome feminino",fo.to.mi.nja.tˈu.ɾə
fo·to·mi·ni·a·tu·ris·ta,"nome masculino",fo.to.mi.nja.tu.ɾˈis.tə
fo·to·mi·ni·a·tu·ris·ta,"nome feminino",fo.to.mi.nja.tu.ɾˈis.tə
fo·to·mon·ta·gem,"nome feminino",fo.to.mõ.tˈa.ʒeɲ
fo·to·mul·ti·pli·ca·dor,"nome masculino",fo.to.muw.tʃi.pli.ka.dˈoɾ
fo·to·neu·trão,"nome masculino",fo.to.new.tɾˈə̃w
fo·to·no·ve·la,"nome feminino",fo.to.no.vˈɛ.lə
fo·to·nu·cle·ar,adjetivo,fo.to.nu.kli.ˈaɾ
fo·to·pe·rí·o·do,"nome masculino",fo.to.pe.ɾˈi.o.dʊ
fo·to·pin·tu·ra,"nome feminino",fo.to.pĩ.tˈu.ɾə
fo·to·quí·mi·ca,"nome feminino",fo.to.kˈi.mi.kə
fo·to·quí·mi·co,adjetivo,fo.to.kˈi.mi.kʊ
fo·tor·re·a·lis·mo,"nome masculino",fo.to.xi.a.lˈiz.mʊ
fo·tor·re·ce·tor,"nome masculino",fo.to.xe.se.tˈoɾ
fo·tor·re·por·ta·gem,"nome feminino",fo.to.xe.poɾ.tˈa.ʒeɲ
fo·tos·fe·ra,"nome feminino",fo.tos.fˈɛ.ɾə
fo·tos·sen·si·bi·li·da·de,"nome feminino",fo.to.sẽ.si.bi.li.dˈa.dʒi
fo·tos·sen·si·bi·li·za·ção,"nome feminino",fo.to.sẽ.si.bi.li.za.sˈə̃w
fo·tos·sen·si·bi·li·zar,verbo,fo.to.sẽ.si.bi.li.zˈaɾ
fo·tos·sen·sí·vel,adjetivo,fo.to.sẽ.sˈi.vew
fo·tos·sín·te·se,"nome feminino",fo.to.sˈĩ.te.zi
fo·tos·sin·té·ti·co,adjetivo,fo.to.sĩ.tˈɛ.tʃi.kʊ
fo·to·tác·ti·co,adjetivo,fo.to.tˈa.ki.tʃi.kʊ
fo·to·tá·ti·co,adjetivo,fo.to.tˈa.tʃi.kʊ
fo·to·te·ca,"nome feminino",fo.to.tˈɛ.kə
fo·to·te·le·gra·fi·a,"nome feminino",fo.to.te.le.gɾa.fˈi.jə
fo·to·te·le·grá·fi·co,adjetivo,fo.to.te.le.gɾˈa.fi.kʊ
fo·to·te·ra·pêu·ti·co,adjetivo,fo.to.te.ɾa.pˈew.tʃi.kʊ
fo·to·te·ra·pi·a,"nome feminino",fo.to.te.ɾa.pˈi.jə
fo·to·ter·mó·me·tro,"nome masculino",fo.to.teɾ.mˈɔ.me.tɾʊ
fo·to·ti·pi·a,"nome feminino",fo.to.tʃi.pˈi.jə
fo·to·ti·pi·ar,verbo,fo.to.tʃi.pjˈa
fo·to·tí·pi·co,adjetivo,fo.to.tʃˈi.pi.kʊ
fo·to·ti·po·gra·fi·a,"nome feminino",fo.to.tʃi.po.gɾa.fˈi.jə
fo·to·ti·po·grá·fi·co,adjetivo,fo.to.tʃi.po.gɾˈa.fi.kʊ
fo·to·to·po·gra·fi·a,"nome feminino",fo.to.to.po.gɾa.fˈi.jə
fo·to·to·po·grá·fi·co,adjetivo,fo.to.to.po.gɾˈa.fi.kʊ
fo·to·to·xi·ci·da·de,"nome feminino",fo.to.to.ki.si.dˈa.dʒi
fo·to·tró·pi·co,adjetivo,fo.to.tɾˈɔ.pi.kʊ
fo·to·tro·pis·mo,"nome masculino",fo.to.tɾo.pˈiz.mʊ
fo·to·vol·tai·co,adjetivo,fo.to.vow.tˈaj.kʊ
fou·çar,verbo,fo.sˈa
fou·ce,"nome feminino",fˈo.si
"fox-ter· rier","nome masculino",
"fox· trot","nome masculino",
"foy· er","nome masculino",
foz,"nome feminino",fˈɔs
foz-co·en·se,"nome masculino","fˌɔs.kwˈẽj.si ou fˌɔs.kwˈẽj.si"
foz-co·en·se,adjetivo,fˌɔs.kwˈẽj.si
fra·ca,"nome feminino",fɾˈa.kə
fra·ca·men·te,advérbio,fɾa.ka.mˈẽj.tʃi
fra·cas·sa·da,"nome feminino",fɾa.ka.sˈa.də
fra·cas·sa·do,"nome masculino",fɾa.ka.sˈa.dʊ
fra·cas·sa·do,adjetivo,fɾa.ka.sˈa.dʊ
fra·cas·sar,verbo,fɾa.ka.sˈa
fra·cas·so,"nome masculino",fɾa.kˈa.sʊ
frac·ção,"nome feminino",fɾa.kə.sˈə̃w
frac·ci·o·na·men·to,"nome masculino",fɾa.ki.si.o.na.mˈẽj.tʊ
"frac·ci·o·ná·ri· o",adjetivo,fɾa.ki.si.o.nˈa.ɾjʊ
fra·ci·o·nar,verbo,fɾa.si.o.nˈa
fra·co,"nome masculino",fɾˈa.kʊ
fra·co,adjetivo,fɾˈa.kʊ
frac·tal,"nome masculino",fɾa.kə.tˈaw
frac·tu·ra,"nome feminino",fɾa.kə.tˈu.ɾə
frac·tu·rar,verbo,fɾa.kə.tu.ɾˈa
fra·dar,verbo,fɾa.dˈa
fra·de,"nome masculino",fɾˈa.dʒi
fra·des·co,adjetivo,fɾa.dˈes.kʊ
fra·di·nho,adjetivo,fɾa.dʒˈi.ɲʊ
fra·di·nho,"nome masculino",fɾa.dʒˈi.ɲʊ
fra·ga,"nome feminino",fɾˈa.gə
fra·gão,"nome masculino",fɾa.gˈə̃w
fra·ga·ta,"nome feminino",fɾa.gˈa.tə
fra·ga·ta,"nome masculino",fɾa.gˈa.tə
fra·ga·tei·ro,adjetivo,fɾa.ga.tˈej.ɾʊ
fra·ga·tei·ro,"nome masculino",fɾa.ga.tˈej.ɾʊ
frá·gil,adjetivo,fɾˈa.ʒiw
fra·gi·li·da·de,"nome feminino",fɾa.ʒi.li.dˈa.dʒi
fra·gi·li·za·ção,"nome feminino",fɾa.ʒi.li.za.sˈə̃w
fra·gi·li·za·do,adjetivo,fɾa.ʒi.li.zˈa.dʊ
fra·gi·li·zar,verbo,fɾa.ʒi.li.zˈa
fra·gil·men·te,advérbio,fɾa.ʒiw.mˈẽj.tʃi
frag·men·ta·ção,"nome feminino",fɾa.gi.mẽ.ta.sˈə̃w
frag·men·ta·do,adjetivo,fɾa.gi.mẽ.tˈa.dʊ
frag·men·tar,verbo,fɾa.gi.mẽ.tˈa
frag·men·ta·ri·a·men·te,advérbio,fɾa.gi.mẽ.ta.ɾja.mˈẽj.tʃi
"frag·men·tá·ri· o",adjetivo,fɾa.gi.mẽ.tˈa.ɾjʊ
frag·men·to,"nome masculino",fɾa.gi.mˈẽj.tʊ
fra·gor,"nome masculino",fɾa.gˈoɾ
fra·go·ro·sa·men·te,advérbio,fɾa.go.ɾɔ.za.mˈẽj.tʃi
fra·go·ro·so,adjetivo,fɾa.go.ɾˈo.zʊ
fra·go·so,adjetivo,fɾa.gˈo.zʊ
"fra·grân·ci· a","nome feminino",fɾa.gɾˈə̃.sjə
fra·gran·te,adjetivo,fɾa.gɾˈə̃.tʃi
frá·gua,"nome feminino",fɾˈa.gwə
fra·gue·do,"nome masculino",fɾa.gˈe.dʊ
fral·da,"nome feminino",fɾˈaw.də
fral·dar,verbo,fɾaw.dˈa
fram·bo·e·sa,"nome feminino",fɾə̃.bwˈe.zə
fran·ça,"nome feminino",fɾˈə̃.sə
fran·ca,adjetivo,fɾˈə̃.kə
fran·ça,"nome masculino",fɾˈə̃.sə
fran·ça,adjetivo,fɾˈə̃.sə
fran·ca·men·te,advérbio,fɾə̃.ka.mˈẽj.tʃi
fran·cês,adjetivo,fɾə̃.sˈes
fran·cês,"nome masculino",fɾə̃.sˈes
fran·ce·sa,"nome feminino",fɾə̃.sˈe.zə
fran·ce·si·nha,"nome feminino",fɾə̃.se.zˈi.ɲə
fran·ce·sis·mo,"nome masculino",fɾə̃.se.zˈiz.mʊ
fran·ces·men·te,advérbio,fɾə̃.sez.mˈẽj.tʃi
fran·chi·sa·do,"nome masculino",fɾə̃.ʃi.zˈa.dʊ
fran·chi·sa·dor,"nome masculino",fɾə̃.ʃi.za.dˈoɾ
"fran· chi· se","nome masculino",
"fran· chi· sing","nome masculino",
"frân·ci· o","nome masculino",fɾˈə̃.sjʊ
fran·cis·ca·na,"nome feminino",fɾə̃.sis.kˈə.nə
fran·cis·ca·no,adjetivo,fɾə̃.sis.kˈə.nʊ
fran·cis·ca·no,"nome masculino",fɾə̃.sis.kˈə.nʊ
fran·cis·co,"nome masculino",fɾə̃.sˈis.kʊ
fran·ci·ú,"nome masculino",fɾə̃.si.ˈʊ
fran·co,adjetivo,fɾˈə̃.kʊ
fran·co,"nome masculino",fɾˈə̃.kʊ
fran·co-a·le·mã,"nome feminino",fɾˌə̃.ko.a.le.mˈə̃
fran·co-a·le·mão,"nome masculino",fɾˌə̃.ko.a.le.mˈə̃w
fran·co-a·le·mão,adjetivo,fɾˌə̃.ko.a.le.mˈə̃w
fran·co-a·me·ri·ca·no,adjetivo,fɾˌə̃.ko.a.me.ɾi.kˈə.nʊ
fran·co-bel·ga,adjetivo,fɾˌə̃.ko.bˈɛw.gə
fran·co-bel·ga,"nome masculino",fɾˌə̃.ko.bˈɛw.gə
fran·co-bel·ga,"nome feminino",fɾˌə̃.ko.bˈɛw.gə
fran·co-bri·tâ·ni·co,adjetivo,fɾˌə̃.ko.bɾi.tˈə.ni.kʊ
fran·co-es·pa·nhol,adjetivo,fɾˌə̃.ko.is.pa.ɲˈɔw
fran·co-ma·ção,"nome masculino",fɾˌə̃.ko.ma.sˈə̃w
fran·co-ma·ço·na·ri·a,"nome feminino",fɾˌə̃.ko.ma.so.na.ɾˈi.jə
fran·co·a·ti·ra·dor,"nome masculino",fɾə̃.ko.a.tʃi.ɾa.dˈoɾ
fran·có·fi·la,"nome feminino",fɾə̃.kˈɔ.fi.lə
fran·co·fi·li·a,"nome feminino",fɾə̃.ko.fi.lˈi.jə
fran·có·fi·lo,"nome masculino",fɾə̃.kˈɔ.fi.lʊ
fran·có·fi·lo,adjetivo,fɾə̃.kˈɔ.fi.lʊ
fran·co·fo·bi·a,"nome feminino",fɾə̃.ko.fo.bˈi.jə
fran·có·fo·bo,"nome masculino",fɾə̃.kˈɔ.fo.bʊ
fran·có·fo·bo,adjetivo,fɾə̃.kˈɔ.fo.bʊ
fran·có·fo·na,"nome feminino",fɾə̃.kˈɔ.fo.nə
fran·co·fo·ni·a,"nome feminino",fɾə̃.ko.fo.nˈi.jə
fran·có·fo·no,"nome masculino",fɾə̃.kˈɔ.fo.nʊ
fran·có·fo·no,adjetivo,fɾə̃.kˈɔ.fo.nʊ
fran·ga,"nome feminino",fɾˈə̃.gə
fran·ga·lhar,verbo,fɾə̃.ga.ʎˈa
fran·ga·lho,"nome masculino",fɾə̃.gˈa.ʎʊ
fran·ga·ni·to,"nome masculino",fɾə̃.ga.nˈi.tʊ
fran·ger,verbo,fɾə̃.ʒˈe
fran·gi·pa·ni,"nome masculino",fɾə̃.ʒi.pa.nˈi
fran·gir,verbo,fɾə̃.ʒˈi
fran·go,"nome masculino",fɾˈə̃.gʊ
fran·ja,"nome feminino",fɾˈə̃.ʒə
fran·ja·do,adjetivo,fɾə̃.ʒˈa.dʊ
fran·jar,verbo,fɾə̃.ʒˈa
"fran· klin","nome masculino",
fran·que·a·do,adjetivo,fɾə̃.ki.ˈa.dʊ
fran·que·ar,verbo,fɾə̃.ki.ˈa
fran·que·za,"nome feminino",fɾə̃.kˈe.zə
fran·qui·a,"nome feminino",fɾə̃.kˈi.jə
fran·qui·a·do,"nome masculino",fɾə̃.kjˈa.dʊ
fran·qui·ar,verbo,fɾə̃.kjˈa
fran·quis·mo,"nome masculino",fɾə̃.kˈiz.mʊ
fran·quis·ta,adjetivo,fɾə̃.kˈis.tə
fran·quis·ta,"nome masculino",fɾə̃.kˈis.tə
fran·quis·ta,"nome feminino",fɾə̃.kˈis.tə
fran·zi·do,"nome masculino",fɾə̃.zˈi.dʊ
fran·zi·do,adjetivo,fɾə̃.zˈi.dʊ
fran·zi·no,adjetivo,fɾə̃.zˈi.nʊ
fran·zir,verbo,fɾə̃.zˈi
fra·que,"nome masculino",fɾˈa.ki
fra·quei·ro,adjetivo,fɾa.kˈej.ɾʊ
fra·que·jar,verbo,fɾa.ke.ʒˈa
fra·que·za,"nome feminino",fɾa.kˈe.zə
fra·quís·si·mo,adjetivo,fɾa.kˈi.si.mʊ
fras·co,"nome masculino",fɾˈas.kʊ
fra·se,"nome feminino",fɾˈa.zi
fra·se·a·do,"nome masculino",fɾa.zi.ˈa.dʊ
fra·se·a·do,adjetivo,fɾa.zi.ˈa.dʊ
fra·se·ar,verbo,fɾa.zi.ˈa
fra·se·o·lo·gi·a,"nome feminino",fɾa.ze.o.lo.ʒˈi.jə
fra·si·ca·men·te,advérbio,fɾa.zi.ka.mˈẽj.tʃi
frá·si·co,adjetivo,fɾˈa.zi.kʊ
fras·quei·ra,"nome feminino",fɾas.kˈej.ɾə
fras·quei·ro,adjetivo,fɾas.kˈej.ɾʊ
fra·ter·na,"nome feminino",fɾa.tˈɛr.nə
fra·ter·nal,adjetivo,fɾa.ter.nˈaw
fra·ter·nal·men·te,advérbio,fɾa.ter.naw.mˈẽj.tʃi
fra·ter·na·men·te,advérbio,fɾa.tɛr.na.mˈẽj.tʃi
fra·ter·ni·da·de,"nome feminino",fɾa.ter.ni.dˈa.dʒi
fra·ter·ni·zar,verbo,fɾa.ter.ni.zˈa
fra·ter·no,adjetivo,fɾa.tˈɛr.nʊ
fra·tri·a,"nome feminino",fɾa.tɾˈi.jə
fra·tri·ci·da,adjetivo,fɾa.tɾi.sˈi.də
fra·tri·ci·da,"nome feminino",fɾa.tɾi.sˈi.də
fra·tri·ci·da,"nome masculino",fɾa.tɾi.sˈi.də
"fra·tri·cí·di· o","nome masculino",fɾa.tɾi.sˈi.dʒjʊ
fra·tu·ra,"nome feminino",fɾa.tˈu.ɾə
fra·tu·rar,verbo,fɾa.tu.ɾˈa
frau·dar,verbo,fɾaw.dˈa
frau·de,"nome feminino",fɾˈaw.dʒi
frau·du·len·ta·men·te,advérbio,fɾaw.du.lẽ.ta.mˈẽj.tʃi
frau·du·len·to,adjetivo,fɾaw.du.lˈẽj.tʊ
fre·ar,verbo,fɾi.ˈa
fre·á·ti·co,adjetivo,fɾi.ˈa.tʃi.kʊ
fre·cha,"nome feminino",fɾˈɛ.ʃə
fre·cha·da,"nome feminino",fɾe.ʃˈa.də
fre·char,verbo,fɾe.ʃˈa
"free· lan· ce","nome masculino",ou
"free· lan· cer","nome masculino",ou
"free· wa· re","nome masculino",
fre·guês,"nome masculino",fɾe.gˈes
fre·gue·si·a,"nome feminino",fɾe.ge.zˈi.jə
frei,"nome masculino",fɾˈej
frei·o,"nome masculino",fɾˈej.jʊ
frei·ra,"nome feminino",fɾˈej.ɾə
frei·rar,verbo,fɾej.ɾˈa
frei·rá·ti·co,adjetivo,fɾej.ɾˈa.tʃi.kʊ
frei·re,"nome masculino",fɾˈej.ɾi
frei·ri·a,"nome feminino",fɾej.ɾˈi.jə
frei·ri·nha,"nome feminino",fɾej.ɾˈi.ɲə
frei·xi·al,"nome masculino",fɾej.ʃjˈaw
frei·xo,"nome masculino",fɾˈej.ʃʊ
fre·men·te,adjetivo,fɾe.mˈẽj.tʃi
fre·mir,verbo,fɾe.mˈi
fré·mi·to,"nome masculino",fɾˈɛ.mi.tʊ
fre·na·gem,"nome feminino",fɾe.nˈa.ʒeɲ
fre·nar,verbo,fɾe.nˈa
fren·der,verbo,fɾẽ.dˈe
fre·ne·si,"nome masculino",fɾe.ne.zˈi
fre·ne·sim,"nome masculino",fɾe.ne.zˈiɲ
fre·ne·ti·ca·men·te,advérbio,fɾe.nɛ.tʃi.ka.mˈẽj.tʃi
fre·né·ti·co,adjetivo,fɾe.nˈɛ.tʃi.kʊ
fren·te,"nome feminino",fɾˈẽj.tʃi
fren·tis·mo,"nome masculino",fɾẽ.tʃˈiz.mʊ
fren·tis·ta,"nome masculino",fɾẽ.tʃˈis.tə
fren·tis·ta,"nome feminino",fɾẽ.tʃˈis.tə
"fre·quên·ci· a","nome feminino",fɾe.kwˈẽj.sjə
fre·quen·ta·ção,"nome feminino",fɾe.kwẽ.ta.sˈə̃w
fre·quen·ta·do,adjetivo,fɾe.kwẽ.tˈa.dʊ
fre·quen·ta·dor,"nome masculino",fɾe.kwẽ.ta.dˈoɾ
fre·quen·ta·dor,adjetivo,fɾe.kwẽ.ta.dˈoɾ
fre·quen·ta·do·ra,"nome feminino",fɾe.kwẽ.ta.dˈo.ɾə
fre·quen·tar,verbo,fɾe.kwẽ.tˈa
fre·quen·tá·vel,adjetivo,fɾe.kwẽ.tˈa.vew
fre·quen·te,adjetivo,fɾe.kwˈẽj.tʃi
fre·quen·te·men·te,advérbio,fɾe.kwẽ.te.mˈẽj.tʃi
fre·sa,"nome feminino",fɾˈɛ.zə
fre·sa·dor,"nome masculino",fɾe.za.dˈoɾ
fre·sa·gem,"nome feminino",fɾe.zˈa.ʒeɲ
fre·sar,verbo,fɾɛ.zˈa
fres·ca,"nome feminino",fɾˈes.kə
fres·ca·men·te,advérbio,fɾes.ka.mˈẽj.tʃi
fres·car,verbo,fɾes.kˈa
fres·co,"nome masculino",fɾˈes.kʊ
fres·co,adjetivo,fɾˈes.kʊ
fres·cor,"nome masculino",fɾes.kˈoɾ
fres·cu·ra,"nome feminino",fɾes.kˈu.ɾə
fres·qui·dão,"nome feminino",fɾes.ki.dˈə̃w
fres·su·ra,"nome feminino",fɾe.sˈu.ɾə
fres·ta,"nome feminino",fɾˈɛs.tə
fre·ta·do,adjetivo,fɾe.tˈa.dʊ
fre·ta·dor,"nome masculino",fɾe.ta.dˈoɾ
fre·ta·men·to,"nome masculino",fɾe.ta.mˈẽj.tʊ
fre·tar,verbo,fɾe.tˈa
fre·te,"nome masculino",fɾˈɛ.tʃi
freu·di·a·no,adjetivo,fɾew.dʒjˈə.nʊ
freu·dis·mo,"nome masculino",fɾew.dʒˈiz.mʊ
fre·vo,"nome masculino",fɾˈe.vʊ
fri·al·da·de,"nome feminino",fɾjaw.dˈa.dʒi
fri·a·men·te,advérbio,fɾja.mˈẽj.tʃi
fri·á·vel,adjetivo,fɾjˈa.vew
fri·cas·sé,"nome masculino",fɾi.ka.sˈɛ
fric·ção,"nome feminino",fɾi.kə.sˈə̃w
fric·ci·o·nar,verbo,fɾi.ki.si.o.nˈa
fri·ei·ra,"nome feminino",fɾi.ˈej.ɾə
fri·es·ta,"nome feminino",fɾi.ˈɛs.tə
fri·e·za,"nome feminino",fɾi.ˈe.zə
"frí·gi· a","nome feminino",fɾˈi.ʒjə
fri·gi·da·men·te,advérbio,fɾi.ʒi.da.mˈẽj.tʃi
fri·gi·dei·ra,"nome masculino",fɾi.ʒi.dˈej.ɾə
fri·gi·dei·ra,"nome feminino",fɾi.ʒi.dˈej.ɾə
fri·gi·dez,"nome feminino",fɾi.ʒi.dˈes
frí·gi·do,adjetivo,fɾˈi.ʒi.dʊ
"frí·gi· o",adjetivo,fɾˈi.ʒjʊ
fri·gir,verbo,fɾi.ʒˈi
fri·go·ri·fi·car,verbo,fɾi.go.ɾi.fi.kˈa
fri·go·rí·fi·co,adjetivo,fɾi.go.ɾˈi.fi.kʊ
fri·go·rí·fi·co,"nome masculino",fɾi.go.ɾˈi.fi.kʊ
frin·cha,"nome feminino",fɾˈĩ.ʃə
fri·o,adjetivo,fɾˈi.ʊ
fri·o,"nome masculino",fɾˈi.ʊ
fri·o·lei·ra,"nome feminino",fɾi.o.lˈej.ɾə
fri·o·ren·to,adjetivo,fɾi.o.ɾˈẽj.tʊ
fri·sa,"nome feminino",fɾˈi.zə
fri·sa·da,"nome feminino",fɾi.zˈa.də
fri·sa·do,adjetivo,fɾi.zˈa.dʊ
fri·sa·do,"nome masculino",fɾi.zˈa.dʊ
fri·san·te,adjetivo,fɾi.zˈə̃.tʃi
fri·sar,verbo,fɾi.zˈa
"frí·si· a","nome feminino",fɾˈi.zja
"frí·si· o","nome masculino",fɾˈi.zju
"frí·si· o",adjetivo,fɾˈi.zju
fri·so,"nome masculino",fɾˈi.zʊ
fri·ta,"nome feminino",fɾˈi.tə
fri·ta·da,"nome feminino",fɾi.tˈa.də
fri·ta·dei·ra,"nome feminino",fɾi.ta.dˈej.ɾə
fri·tar,verbo,fɾi.tˈa
fri·to,"nome masculino",fɾˈi.tʊ
fri·to,adjetivo,fɾˈi.tʊ
fri·tu·ra,"nome feminino",fɾi.tˈu.ɾə
frí·vo·la,"nome feminino",fɾˈi.vo.lə
fri·vo·la·men·te,advérbio,fɾi.vo.la.mˈẽj.tʃi
fri·vo·li·da·de,"nome feminino",fɾi.vo.li.dˈa.dʒi
frí·vo·lo,adjetivo,fɾˈi.vo.lʊ
frí·vo·lo,"nome masculino",fɾˈi.vo.lʊ
fro·car,verbo,fɾo.kˈa
fro·co,"nome masculino",fɾˈɔ.kʊ
frol,"nome feminino",fɾˈɔw
fron·da,"nome feminino",fɾˈõ.də
fron·dar,verbo,fɾõ.dˈa
fron·de,"nome feminino",fɾˈõ.dʒi
fron·do·so,adjetivo,fɾõ.dˈo.zʊ
fro·nha,"nome feminino",fɾˈo.ɲə
fro·nho,adjetivo,fɾˈo.ɲʊ
fron·tal,adjetivo,fɾõ.tˈaw
fron·tal,"nome masculino",fɾõ.tˈaw
fron·ta·li·da·de,"nome feminino",fɾõ.ta.li.dˈa.dʒi
fron·tal·men·te,advérbio,fɾõ.taw.mˈẽj.tʃi
fron·tão,"nome masculino",fɾõ.tˈə̃w
fron·ta·ri·a,"nome feminino",fɾõ.ta.ɾˈi.jə
fron·te,"nome feminino",fɾˈõ.tʃi
fron·tei·ra,"nome feminino",fɾõ.tˈej.ɾə
fron·tei·rar,verbo,fɾõ.tej.ɾˈa
fron·tei·ri·ço,adjetivo,fɾõ.tej.ɾˈi.sʊ
fron·tei·ro,"nome masculino",fɾõ.tˈej.ɾʊ
fron·tei·ro,adjetivo,fɾõ.tˈej.ɾʊ
"fron·tis·pí·ci· o","nome masculino",fɾõ.tʃis.pˈi.sjʊ
fro·ta,"nome feminino",fɾˈɔ.tə
frou·xa,"nome feminino",fɾˈo.ʃə
frou·xa·men·te,advérbio,fɾo.ʃa.mˈẽj.tʃi
frou·xar,verbo,fɾo.ʃˈa
frou·xi·dão,"nome feminino",fɾo.ʃi.dˈə̃w
frou·xo,adjetivo,fɾˈo.ʃʊ
frou·xo,"nome masculino",fɾˈo.ʃʊ
fru·gal,adjetivo,fɾu.gˈaw
fru·ga·li·da·de,"nome feminino",fɾu.ga.li.dˈa.dʒi
fru·gal·men·te,advérbio,fɾu.gaw.mˈẽj.tʃi
fru·i·ção,"nome feminino",fɾwi.sˈə̃w
fru·ir,verbo,fɾwˈi
fru·men·to,"nome masculino",fɾu.mˈẽj.tʊ
frus·te,adjetivo,fɾˈus.tʃi
frus·to,adjetivo,fɾˈus.tʊ
frus·tra·ção,"nome feminino",fɾus.tɾa.sˈə̃w
frus·tra·da,"nome feminino",fɾus.tɾˈa.də
frus·tra·da·men·te,advérbio,fɾus.tɾa.da.mˈẽj.tʃi
frus·tra·do,adjetivo,fɾus.tɾˈa.dʊ
frus·tra·do,"nome masculino",fɾus.tɾˈa.dʊ
frus·tran·te,adjetivo,fɾus.tɾˈə̃.tʃi
frus·trar,verbo,fɾus.tɾˈa
fru·ta,"nome feminino",fɾˈu.tə
fru·ta-pão,"nome feminino",fɾˌu.tə.pˈə̃w
fru·ta·do,adjetivo,fɾu.tˈa.dʊ
fru·tar,verbo,fɾu.tˈa
fru·ta·ri·a,"nome feminino",fɾu.ta.ɾˈi.jə
fru·tei·ra,"nome feminino",fɾu.tˈej.ɾə
fru·tei·ro,adjetivo,fɾu.tˈej.ɾʊ
fru·tei·ro,"nome masculino",fɾu.tˈej.ɾʊ
fru·ti·cul·tor,"nome masculino",fɾu.tʃi.kuw.tˈoɾ
fru·ti·cul·tor,adjetivo,fɾu.tʃi.kuw.tˈoɾ
fru·ti·cul·tu·ra,"nome feminino",fɾu.tʃi.kuw.tˈu.ɾə
fru·tí·fe·ro,adjetivo,fɾu.tʃˈi.fe.ɾʊ
fru·ti·fi·ca·ção,"nome feminino",fɾu.tʃi.fi.ka.sˈə̃w
fru·ti·fi·car,verbo,fɾu.tʃi.fi.kˈa
fru·to,"nome masculino",fɾˈu.tʊ
fru·to·se,"nome feminino",fɾu.tˈɔ.zi
fru·tu·o·sa·men·te,advérbio,fɾu.tu.ɔ.za.mˈẽj.tʃi
fru·tu·o·so,adjetivo,fɾu.tu.ˈo.zʊ
fta·la·to,"nome masculino",fta.lˈa.tʊ
ftá·li·co,adjetivo,ftˈa.li.kʊ
fu,interjeição,fʊ
fu·ba,"nome feminino",fˈu.bə
fu·ba,"nome masculino",fˈu.bə
fu·bá,"nome masculino",fu.bˈa
fu·ça,"nome feminino",fˈu.sə
fu·çar,verbo,fu.sˈa
"fu·e·ló·le· o","nome masculino",fu.ɛ.lˈɔ.ljʊ
fu·fa,"nome feminino",fˈu.fə
fu·ga,"nome feminino",fˈu.gə
fu·ga·ci·da·de,"nome feminino",fu.ga.si.dˈa.dʒi
fu·ga·do,adjetivo,fu.gˈa.dʊ
fu·gar,verbo,fu.gˈa
fu·ga·to,"nome masculino",fu.gˈa.tʊ
fu·gaz,adjetivo,fu.gˈas
fu·gaz·men·te,advérbio,fu.gaz.mˈẽj.tʃi
fu·gi·da,"nome feminino",fu.ʒˈi.də
fu·gi·di·a·men·te,advérbio,fu.ʒi.dʒja.mˈẽj.tʃi
fu·gi·di·o,adjetivo,fu.ʒi.dʒˈi.ʊ
fu·gi·do,adjetivo,fu.ʒˈi.dʊ
fu·gir,verbo,fu.ʒˈi
fu·gi·ti·va,"nome feminino",fu.ʒi.tʃˈi.və
fu·gi·ti·vo,adjetivo,fu.ʒi.tʃˈi.vʊ
fu·gi·ti·vo,"nome masculino",fu.ʒi.tʃˈi.vʊ
"füh· rer","nome masculino",
fu·i·nha,"nome masculino",fwˈi.ɲə
fu·i·nha,"nome feminino",fwˈi.ɲə
fu·jão,"nome masculino",fu.ʒˈə̃w
fu·jão,adjetivo,fu.ʒˈə̃w
fu·la,"nome masculino",fˈu.lə
fu·la,"nome feminino",fˈu.lə
fu·la·ni·nho,"nome masculino",fu.la.nˈi.ɲʊ
fu·la·no,"nome masculino",fu.lˈə.nʊ
ful·cral,adjetivo,fuw.kɾˈaw
ful·cro,"nome masculino",fˈuw.kɾʊ
ful·da,"nome feminino",fˈuw.də
ful·gen·te,adjetivo,fuw.ʒˈẽj.tʃi
ful·gen·te·men·te,advérbio,fuw.ʒẽ.te.mˈẽj.tʃi
ful·gir,verbo,fuw.ʒˈi
ful·gor,"nome masculino",fuw.gˈoɾ
ful·gu·ra·ção,"nome feminino",fuw.gu.ɾa.sˈə̃w
"ful·gu·rân·ci· a","nome feminino",fuw.gu.ɾˈə̃.sjə
ful·gu·ran·te,adjetivo,fuw.gu.ɾˈə̃.tʃi
ful·gu·ran·te·men·te,advérbio,fuw.gu.ɾə̃.te.mˈẽj.tʃi
fu·li·gem,"nome feminino",fu.lˈi.ʒeɲ
"full-ti· me","nome masculino",
"full-ti· me",adjetivo,
ful·mi·na·do,adjetivo,fuw.mi.nˈa.dʊ
ful·mi·nan·te,"nome masculino",fuw.mi.nˈə̃.tʃi
ful·mi·nan·te,adjetivo,fuw.mi.nˈə̃.tʃi
ful·mi·nan·te·men·te,advérbio,fuw.mi.nə̃.te.mˈẽj.tʃi
ful·mi·nar,verbo,fuw.mi.nˈa
fu·lo,"nome masculino",fˈu.lʊ
fu·lo,adjetivo,fˈu.lʊ
ful·vo,adjetivo,fˈuw.vʊ
fu·ma·ça,"nome feminino",fu.mˈa.sə
fu·ma·cei·ra,"nome feminino",fu.ma.sˈej.ɾə
fu·ma·da,"nome feminino",fu.mˈa.də
fu·ma·do,adjetivo,fu.mˈa.dʊ
fu·ma·dor,"nome masculino",fu.ma.dˈoɾ
fu·ma·dor,adjetivo,fu.ma.dˈoɾ
fu·ma·do·ra,"nome feminino",fu.ma.dˈo.ɾə
fu·man·te,"nome masculino",fu.mˈə̃.tʃi
fu·man·te,adjetivo,fu.mˈə̃.tʃi
fu·man·te,"nome feminino",fu.mˈə̃.tʃi
fu·mar,verbo,fu.mˈa
fu·ma·ra·da,"nome feminino",fu.ma.ɾˈa.də
fu·ma·rar,verbo,fu.ma.ɾˈa
fu·ma·ren·to,adjetivo,fu.ma.ɾˈẽj.tʊ
fu·ma·ri·a,"nome feminino",fu.ma.ɾˈi.jə
"fu·má·ri· a","nome feminino",fu.mˈa.ɾjə
fu·ma·ro·la,"nome feminino",fu.ma.ɾˈɔ.lə
fu·má·vel,adjetivo,fu.mˈa.vew
fu·me·gan·te,adjetivo,fu.me.gˈə̃.tʃi
fu·me·gar,verbo,fu.me.gˈa
fu·mei·ro,"nome masculino",fu.mˈej.ɾʊ
fu·mi·ga·ção,"nome feminino",fu.mi.ga.sˈə̃w
fu·mis·ta,"nome masculino",fu.mˈis.tə
fu·mis·ta,"nome feminino",fu.mˈis.tə
fu·mo,"nome masculino",fˈu.mʊ
fu·nam·bu·lis·mo,"nome masculino",fu.nə̃.bu.lˈiz.mʊ
fu·nâm·bu·lo,"nome masculino",fu.nˈə̃.bu.lʊ
fu·na·ná,"nome masculino",fu.na.nˈa
fu·nar,verbo,fu.nˈa
fun·bo·ard,"nome masculino",
fun·ça·na·ta,"nome feminino",fũ.sa.nˈa.tə
fun·ção,"nome feminino",fũ.sˈə̃w
fun·chal,"nome masculino",fũ.ʃˈaw
fun·cha·len·se,adjetivo,fũ.ʃa.lˈẽj.si
fun·cha·len·se,"nome masculino","fũ.ʃa.lˈẽj.si ou fũ.ʃa.lˈẽj.si"
fun·cho,"nome masculino",fˈũ.ʃʊ
fun·ci·o·nal,adjetivo,fũ.si.o.nˈaw
fun·ci·o·na·li·da·de,"nome feminino",fũ.si.o.na.li.dˈa.dʒi
fun·ci·o·na·lis·mo,"nome masculino",fũ.si.o.na.lˈiz.mʊ
fun·ci·o·na·lis·ta,"nome feminino",fũ.si.o.na.lˈis.tə
fun·ci·o·na·lis·ta,adjetivo,fũ.si.o.na.lˈis.tə
fun·ci·o·na·lis·ta,"nome masculino",fũ.si.o.na.lˈis.tə
fun·ci·o·nal·men·te,advérbio,fũ.si.o.naw.mˈẽj.tʃi
fun·ci·o·na·men·to,"nome masculino",fũ.si.o.na.mˈẽj.tʊ
fun·ci·o·nar,verbo,fũ.si.o.nˈa
"fun·ci·o·ná·ri· a","nome feminino",fũ.si.o.nˈa.ɾjə
"fun·ci·o·ná·ri· o","nome masculino",fũ.si.o.nˈa.ɾjʊ
fun·da,"nome feminino",fˈũ.də
fun·da·ção,"nome feminino",fũ.da.sˈə̃w
fun·da·do,adjetivo,fũ.dˈa.dʊ
fun·da·dor,"nome masculino",fũ.da.dˈoɾ
fun·da·dor,adjetivo,fũ.da.dˈoɾ
fun·da·do·ra,"nome feminino",fũ.da.dˈo.ɾə
fun·da·men·ta·ção,"nome feminino",fũ.da.mẽ.ta.sˈə̃w
fun·da·men·ta·do,adjetivo,fũ.da.mẽ.tˈa.dʊ
fun·da·men·tal,adjetivo,fũ.da.mẽ.tˈaw
fun·da·men·ta·lis·mo,"nome masculino",fũ.da.mẽ.ta.lˈiz.mʊ
fun·da·men·ta·lis·ta,"nome feminino",fũ.da.mẽ.ta.lˈis.tə
fun·da·men·ta·lis·ta,"nome masculino",fũ.da.mẽ.ta.lˈis.tə
fun·da·men·ta·lis·ta,adjetivo,fũ.da.mẽ.ta.lˈis.tə
fun·da·men·tal·men·te,advérbio,fũ.da.mẽ.taw.mˈẽj.tʃi
fun·da·men·tar,verbo,fũ.da.mẽ.tˈa
fun·da·men·te,advérbio,fũ.da.mˈẽj.tʃi
fun·da·men·to,"nome masculino",fũ.da.mˈẽj.tʊ
fun·da·nen·se,adjetivo,fũ.da.nˈẽj.si
fun·da·nen·se,"nome masculino","fũ.da.nˈẽj.si ou fũ.da.nˈẽj.si"
fun·dão,"nome masculino",fũ.dˈə̃w
fun·dar,verbo,fũ.dˈa
fun·de·a·do,adjetivo,fũ.dʒi.ˈa.dʊ
fun·de·a·dou·ro,"nome masculino",fũ.dʒi.a.dˈo.ɾʊ
fun·de·ar,verbo,fũ.dʒi.ˈa
fun·dei·ra,"nome feminino",fũ.dˈej.ɾə
fun·dei·ro,"nome masculino",fũ.dˈej.ɾʊ
fun·dei·ro,adjetivo,fũ.dˈej.ɾʊ
fun·den·te,"nome masculino",fũ.dˈẽj.tʃi
fun·den·te,adjetivo,fũ.dˈẽj.tʃi
fun·di,"nome masculino",fũ.dʒˈi
"fun·di·á·ri· o",adjetivo,fũ.dʒjˈa.ɾjʊ
fun·di·ção,"nome feminino",fũ.dʒi.sˈə̃w
fun·di·do,adjetivo,fũ.dʒˈi.dʊ
fun·di·dor,"nome masculino",fũ.dʒi.dˈoɾ
fun·di·dor,adjetivo,fũ.dʒi.dˈoɾ
fun·di·do·ra,"nome feminino",fũ.dʒi.dˈo.ɾə
fun·di·lho,"nome masculino",fũ.dʒˈi.ʎʊ
"fun· ding","nome masculino",
fun·dir,verbo,fũ.dʒˈi
fun·dis·ta,"nome masculino",fũ.dʒˈis.tə
fun·dis·ta,"nome feminino",fũ.dʒˈis.tə
fun·dí·vel,adjetivo,fũ.dʒˈi.vew
fun·do,advérbio,fˈũ.dʊ
fun·do,adjetivo,fˈũ.dʊ
fun·do,"nome masculino",fˈũ.dʊ
fun·du·ra,"nome feminino",fũ.dˈu.ɾə
fú·ne·bre,adjetivo,fˈu.ne.bɾi
fu·ne·bre·men·te,advérbio,fu.ne.bɾe.mˈẽj.tʃi
fu·ne·ral,"nome masculino",fu.ne.ɾˈaw
fu·ne·ral,adjetivo,fu.ne.ɾˈaw
fu·ne·ral·men·te,advérbio,fu.ne.ɾaw.mˈẽj.tʃi
"fu·ne·rá·ri· a","nome feminino",fu.ne.ɾˈa.ɾjə
fu·ne·ra·ri·a·men·te,advérbio,fu.ne.ɾa.ɾja.mˈẽj.tʃi
"fu·ne·rá·ri· o",adjetivo,fu.ne.ɾˈa.ɾjʊ
"fu·né·re· o",adjetivo,fu.nˈɛ.ɾjʊ
fu·nes·ta·men·te,advérbio,fu.nɛs.ta.mˈẽj.tʃi
fu·nes·tar,verbo,fu.nes.tˈa
fu·nes·to,adjetivo,fu.nˈɛs.tʊ
fun·ga,"nome feminino",fˈũ.gə
fun·gar,verbo,fũ.gˈa
fun·gi·bi·li·da·de,"nome feminino",fũ.ʒi.bi.li.dˈa.dʒi
fun·gi·ci·da,adjetivo,fũ.ʒi.sˈi.də
fun·gi·ci·da,"nome masculino",fũ.ʒi.sˈi.də
fún·gi·co,adjetivo,fˈũ.ʒi.kʊ
fun·gí·vel,adjetivo,fũ.ʒˈi.vew
fun·go,"nome masculino",fˈũ.gʊ
fu·ni·cu·lar,adjetivo,fu.ni.ku.lˈaɾ
fu·ni·cu·lar,"nome masculino",fu.ni.ku.lˈaɾ
fu·nil,"nome masculino",fu.nˈiw
fu·ni·lei·ro,"nome masculino",fu.ni.lˈej.ɾʊ
fun·je,"nome masculino",fˈũ.ʒi
funk,"nome masculino",
"fun· ky",adjetivo,
fu·ra,"nome feminino",fˈu.ɾə
fu·ra,"nome masculino",fˈu.ɾə
fu·ra-gre·ves,"nome masculino","fˌu.ɾə.gɾˈɛ.vis ou fˌu.ɾə.gɾˈɛ.vis"
fu·ra-vi·das,"nome masculino","fˌu.ɾə.vˈi.dəs ou fˌu.ɾə.vˈi.dəs"
fu·ra·cão,"nome masculino",fu.ɾa.kˈə̃w
fu·ra·do,"nome masculino",fu.ɾˈa.dʊ
fu·ra·do,adjetivo,fu.ɾˈa.dʊ
fu·ra·dor,adjetivo,fu.ɾa.dˈoɾ
fu·ra·dor,"nome masculino",fu.ɾa.dˈoɾ
fu·ra·dou·ro,"nome masculino",fu.ɾa.dˈo.ɾʊ
fu·ra·no,"nome masculino",fu.ɾˈə.nʊ
fu·rão,"nome masculino",fu.ɾˈə̃w
fu·rão,adjetivo,fu.ɾˈə̃w
fu·rar,verbo,fu.ɾˈa
fur·gão,"nome masculino",fuɾ.gˈə̃w
fur·go·ne·ta,"nome feminino",fuɾ.go.nˈe.tə
"fú·ri· a","nome feminino",fˈu.ɾjə
fu·ri·bun·do,adjetivo,fu.ɾi.bˈũ.dʊ
fu·ri·o·sa,"nome feminino",fu.ɾi.ˈɔ.zə
fu·ri·o·sa·men·te,advérbio,fu.ɾi.ɔ.za.mˈẽj.tʃi
fu·ri·o·so,adjetivo,fu.ɾi.ˈo.zʊ
fu·ri·o·so,"nome masculino",fu.ɾi.ˈo.zʊ
fur·na,"nome feminino",fˈur.nə
fu·ro,"nome masculino",fˈu.ɾʊ
fu·ror,"nome masculino",fu.ɾˈoɾ
fur·ri·el,"nome masculino",fu.xi.ˈɛw
fur·ta·do,adjetivo,fuɾ.tˈa.dʊ
fur·tar,verbo,fuɾ.tˈa
fur·ti·va·men·te,advérbio,fuɾ.tʃi.va.mˈẽj.tʃi
fur·ti·vo,adjetivo,fuɾ.tʃˈi.vʊ
fur·to,"nome masculino",fˈuɾ.tʊ
fu·rún·cu·lo,"nome masculino",fu.ɾˈũ.ku.lʊ
fu·são,"nome feminino",fu.zˈə̃w
fus·ca,"nome feminino",fˈus.kə
fus·ca,"nome masculino",fˈus.kə
fus·car,verbo,fus.kˈa
fus·co,adjetivo,fˈus.kʊ
fu·se·la·gem,"nome feminino",fu.ze.lˈa.ʒeɲ
fu·si·for·me,adjetivo,fu.zi.fˈɔɾ.mi
fu·si·o·nar,verbo,fu.zi.o.nˈa
fu·si·o·nis·ta,"nome masculino","fu.zi.o.nˈis.tə ou fu.zi.o.nˈis.tə"
fu·si·o·nis·ta,adjetivo,fu.zi.o.nˈis.tə
fu·sí·vel,"nome masculino",fu.zˈi.vew
fu·sí·vel,adjetivo,fu.zˈi.vew
fu·so,"nome masculino",fˈu.zʊ
fus·ta,"nome feminino",fˈus.tə
fus·te,"nome feminino",fˈus.tʃi
fus·te,"nome masculino",fˈus.tʃi
fus·ti·ga,"nome feminino",fus.tʃˈi.gə
fus·ti·ga·ção,"nome feminino",fus.tʃi.ga.sˈə̃w
fus·ti·ga·da,"nome feminino",fus.tʃi.gˈa.də
fus·ti·gar,verbo,fus.tʃi.gˈa
fu·te·bol,"nome masculino",fu.te.bˈɔw
fu·te·bo·lês,"nome feminino",fu.te.bo.lˈes
fu·te·bo·lis·ta,"nome feminino",fu.te.bo.lˈis.tə
fu·te·bo·lis·ta,"nome masculino",fu.te.bo.lˈis.tə
fu·te·bo·lis·ti·ca·men·te,advérbio,fu.te.bo.lis.tʃi.ka.mˈẽj.tʃi
fu·te·bo·lís·ti·co,adjetivo,fu.te.bo.lˈis.tʃi.kʊ
fú·til,"nome masculino","fˈu.tʃiw ou fˈu.tʃiw"
fú·til,adjetivo,fˈu.tʃiw
fu·ti·li·da·de,"nome feminino",fu.tʃi.li.dˈa.dʒi
fu·til·men·te,advérbio,fu.tʃiw.mˈẽj.tʃi
"fu· ton","nome masculino",
fu·tre,"nome masculino",fˈu.tɾi
fu·tre,adjetivo,fˈu.tɾi
fu·tri·ca,"nome feminino",fu.tɾˈi.kə
fu·tri·ca,"nome masculino",fu.tɾˈi.kə
fu·tri·car,verbo,fu.tɾi.kˈa
fut·sal,"nome masculino",fu.tə.sˈaw
fu·tu·ra,"nome feminino",fu.tˈu.ɾə
fu·tu·ra·men·te,advérbio,fu.tu.ɾa.mˈẽj.tʃi
fu·tu·rar,verbo,fu.tu.ɾˈa
fu·tu·ris·mo,"nome masculino",fu.tu.ɾˈiz.mʊ
fu·tu·ris·ta,"nome masculino",fu.tu.ɾˈis.tə
fu·tu·ris·ta,adjetivo,fu.tu.ɾˈis.tə
fu·tu·ris·ta,"nome feminino",fu.tu.ɾˈis.tə
fu·tu·ro,adjetivo,fu.tˈu.ɾʊ
fu·tu·ro,"nome masculino",fu.tˈu.ɾʊ
fu·tu·ro·lo·gi·a,"nome feminino",fu.tu.ɾo.lo.ʒˈi.jə
fu·tu·ro·ló·gi·co,adjetivo,fu.tu.ɾo.lˈɔ.ʒi.kʊ
fu·tu·ro·lo·gis·ta,"nome masculino",fu.tu.ɾo.lo.ʒˈis.tə
fu·tu·ro·lo·gis·ta,adjetivo,fu.tu.ɾo.lo.ʒˈis.tə
fu·tu·ro·lo·gis·ta,"nome feminino",fu.tu.ɾo.lo.ʒˈis.tə
fu·tu·ró·lo·go,"nome masculino",fu.tu.ɾˈɔ.lo.gʊ
fu·zil,"nome masculino",fu.zˈiw
fu·zi·la·da,"nome feminino",fu.zi.lˈa.də
fu·zi·la·do,adjetivo,fu.zi.lˈa.dʊ
fu·zi·la·do,"nome masculino",fu.zi.lˈa.dʊ
fu·zi·la·men·to,"nome masculino",fu.zi.la.mˈẽj.tʊ
fu·zi·lar,verbo,fu.zi.lˈa
fu·zi·la·ri·a,"nome feminino",fu.zi.la.ɾˈi.jə
fu·zi·lei·ro,"nome masculino",fu.zi.lˈej.ɾʊ
fu·zi·lei·ro,"nome feminino",fu.zi.lˈej.ɾʊ
fu·zo,"nome masculino",fˈu.zʊ
